KodeKec;Nama;JumlahDesa;Desa_id;Desa_en;KEC_PRO;Desa01;Desa02;Desa03;Desa04;Desa05;Desa06;Desa07;Desa08;Desa09;Desa10;Desa11;Desa12;Desa13;Desa14;Desa15;KEC_UPP;@Sekat;@Grafik1;@Grafik2;U201_id;U202_id;U203_id;U204_id;U201_en;U202_en;U203_en;U204_en;T211K2B1;T211K2B2;T211K2B3;T211K2B4;T211K2B5;T211K2B6;T211K2B7;T211K2B8;T211K2B9;T211K2B10;T211K2B11;T211K2B12;T211K2B13;T211K2B14;T211K2B15;T211K2B16;T211K3B1;T211K3B2;T211K3B3;T211K3B4;T211K3B5;T211K3B6;T211K3B7;T211K3B8;T211K3B9;T211K3B10;T211K3B11;T211K3B12;T211K3B13;T211K3B14;T211K3B15;T211K3B16;T221K1B1_id;T221K1B2_id;T221K1B3_id;T221K1B4_id;T221K1B5_id;T221K1B6_id;T221K1B7_id;T221K1B8_id;T221K1B9_id;T221K1B10_id;T221K1B11_id;T221K1B12_id;T221K1B13_id;T221K1B14_id;T221K1B15_id;T221K1B16_id;T221K1B1_en;T221K1B2_en;T221K1B3_en;T221K1B4_en;T221K1B5_en;T221K1B6_en;T221K1B7_en;T221K1B8_en;T221K1B9_en;T221K1B10_en;T221K1B11_en;T221K1B12_en;T221K1B13_en;T221K1B14_en;T221K1B15_en;T221K1B16_en;T221K2B1;T221K2B2;T221K2B3;T221K2B4;T221K2B5;T221K2B6;T221K2B7;T221K2B8;T221K2B9;T221K2B10;T221K2B11;T221K2B12;T221K2B13;T221K2B14;T221K2B15;T221K2B16;T221K2B17;T221K3B1;T221K3B2;T221K3B3;T221K3B4;T221K3B5;T221K3B6;T221K3B7;T221K3B8;T221K3B9;T221K3B10;T221K3B11;T221K3B12;T221K3B13;T221K3B14;T221K3B15;T221K3B16;T221K3B17;T221K4B1;T221K4B2;T221K4B3;T221K4B4;T221K4B5;T221K4B6;T221K4B7;T221K4B8;T221K4B9;T221K4B10;T221K4B11;T221K4B12;T221K4B13;T221K4B14;T221K4B15;T221K4B16;T221K4B17;T222K2B1;T222K2B2;T222K2B3;T222K2B4;T222K2B5;T222K2B6;T222K2B7;T222K2B8;T222K2B9;T222K2B10;T222K2B11;T222K3B1;T222K3B2;T222K3B3;T222K3B4;T222K3B5;T222K3B6;T222K3B7;T222K3B8;T222K3B9;T222K3B10;T222K3B11;T222K4B1;T222K4B2;T222K4B3;T222K4B4;T222K4B5;T222K4B6;T222K4B7;T222K4B8;T222K4B9;T222K4B10;T222K4B11;T223K2B1;T223K2B2;T223K2B3;T223K2B4;T223K2B5;T223K3B1;T223K3B2;T223K3B3;T223K3B4;T223K3B5;T223K4B1;T223K4B2;T223K4B3;T223K4B4;T223K4B5
10;Sumur;7;Desa;Village;Sumur;Ujungjaya;Tamanjaya;Cigorondong;Tunggaljaya;Kertamukti;Kertajaya;Sumberjaya;;;;;;;;;SUMUR;D:\KCDA\2025\010\Bab2.PNG;D:\KCDA\2025\010\G021.png;D:\KCDA\2025\010\G022.png;Kecamatan Sumur secara keseluruhan memiliki 43 RW. Desa dengan jumlah RW terbanyak adalah Sumberjaya yaitu 9 unit, sementara paling sedikit berasal dari Cigorondong dengan 4 RW. Jumlah seluruh RT dalam Kecamatan Sumur adalah 134 unit. Selanjutnya, desa dengan jumlah RT paling banyak adalah Kertajaya yaitu 23 unit, sementara paling sedikit berasal dari Tamanjaya dengan 15 RT. ;PNS yang bekerja di kantor pemerintah pada Kecamatan Sumur berjumlah 9 orang, terdiri dari 8 pegawai laki–laki dan 1 pegawai perempuan.  Seluruh PNS tersebut bekerja di Kantor Pemerintah Kecamatan Sumur.;Dirinci menurut jenjang pendidikan yang ditamatkan, proporsi PNS yang bekerja di kantor pemerintah kecamatan pada Kecamatan Sumur adalah sebagai berikut: SMA: 11,1 persen, Sarjana: 88,9 persen.;Menurut golongan pegawai, proporsi PNS yang bekerja di kantor pemerintah kecamatan pada Kecamatan Sumur adalah sebagai berikut: golongan II: 11,1 persen, golongan III: 77,8 persen, golongan IV: 11,1 persen.;The District of Sumur as a whole has 43 Rukun Warga (RW). The village with the largest number of RW's  was Sumberjaya which has 9 units, while the lowest was from Cigorondong with 4 RW's. Furthermore, the total number of all Rukun Tetangga (RT) within the Sumur District 134 unit. The village with the highest number of RT's  was Kertajaya which had 23 units, while the lowest comes from Tamanjaya with 15 RT's;There are 9 civil servants working in the government office in Sumur District, consisting of 8 male  and only 1 female employees. All of those civil servants work at the Government Office of Sumur District .;Broken down by educational attainment, the proportion of civil servants (PNS) working in the District government office of in Sumur District are as follows: Senior High School is 11.1 percent, Bachelor's Degree is 88.9 percent.;According to rank/group of employees, the proportion of civil servants (PNS) working in the District government office of in Sumur District are as follows: group II is 11.1 percent, group III is 77.8 percent, group IV is 11.1 percent.;8;6;4;5;6;5;9;;;;;;;;;43;21;15;18;18;19;23;20;;;;;;;;;134;Kecamatan Sumur/;Desa Ujungjaya/;Desa Tamanjaya/;Desa Cigorondong/;Desa Tunggaljaya/;Desa Kertamukti/;Desa Kertajaya/;Desa Sumberjaya/;;;;;;;;;District of Sumur;Village of Ujungjaya;Village of Tamanjaya;Village of Cigorondong;Village of Tunggaljaya;Village of Kertamukti;Village of Kertajaya;Village of Sumberjaya;;;;;;;;;9;–;–;–;–;–;–;–;;;;;;;;;9;1;–;–;–;–;–;–;–;;;;;;;;;1;10;–;–;–;–;–;–;–;;;;;;;;;10;–;–;1;–;–;–;–;8;–;–;9;–;–;–;–;–;–;–;1;–;–;1;–;–;1;–;–;–;–;9;–;–;10;–;1;6;2;9;–;–;1;–;1;–;1;7;2;10
20;Cimanggu;12;Desa;Village;Cimanggu;Rancapinang;Cibadak;Batuhideung;Tugu;Kramatjaya;Mangkualam;Padasuka;Ciburial;Waringinkurung;Cijaralang;Cimanggu;Tangkilsari;;;;CIMANGGU;D:\KCDA\2025\020\Bab2.PNG;D:\KCDA\2025\020\G021.png;D:\KCDA\2025\020\G022.png;Kecamatan Cimanggu secara keseluruhan memiliki 72 RW. Desa dengan jumlah RW terbanyak adalah Cibadak dan Cimanggu masing–masing 8 unit, sementara paling sedikit berasal dari Ciburial dan Tugu dengan 4 RW. Jumlah seluruh RT dalam Kecamatan Cimanggu adalah 241 unit. Selanjutnya, desa dengan jumlah RT paling banyak adalah Rancapinang yaitu 29 unit, sementara paling sedikit berasal dari Mangkualam dengan 14 RT. ;PNS yang bekerja di kantor pemerintah pada Kecamatan Cimanggu berjumlah 15 orang, terdiri dari 11 pegawai laki–laki dan 4 pegawai perempuan.  Seluruh PNS tersebut bekerja di Kantor Pemerintah Kecamatan Cimanggu.;Dirinci menurut jenjang pendidikan yang ditamatkan, proporsi PNS yang bekerja di kantor pemerintah kecamatan pada Kecamatan Cimanggu adalah sebagai berikut: SMA: 6,7 persen, Sarjana: 80,0 persen, Magister: 13,3 persen.;Menurut golongan pegawai, proporsi PNS yang bekerja di kantor pemerintah kecamatan pada Kecamatan Cimanggu adalah sebagai berikut: golongan II: 6,7 persen, golongan III: 86,7 persen, golongan IV: 6,7 persen.;The District of Cimanggu as a whole has 72 Rukun Warga (RW). The village with the largest number of RW's  were Cibadak and Cimanggu each has 8 units, while the lowest was from Ciburial dan Tugu with 4 RW's. Furthermore, the total number of all Rukun Tetangga (RT) within the Cimanggu District 241 unit. The village with the highest number of RT's  was Rancapinang which had 29 units, while the lowest comes from Mangkualam with 14 RT's;There are 15 civil servants working in the government office in Cimanggu District, consisting of 11 male  and 4 female employees. All of those civil servants work at the Government Office of Cimanggu District .;Broken down by educational attainment, the proportion of civil servants (PNS) working in the District government office of in Cimanggu District are as follows: Senior High School is 6.7 percent, Bachelor's Degree is 80.0 percent, Master's Degree is 13.3 percent.;According to rank/group of employees, the proportion of civil servants (PNS) working in the District government office of in Cimanggu District are as follows: group II is 6.7 percent, group III is 86.7 percent, group IV is 6.7 percent.;6;8;7;4;8;5;6;8;6;6;8;6;;;;78;28;24;25;15;18;14;25;20;18;23;17;16;;;;243;Kecamatan Cimanggu/;Desa Rancapinang/;Desa Cibadak/;Desa Batuhideung/;Desa Tugu/;Desa Kramatjaya/;Desa Mangkualam/;Desa Padasuka/;Desa Ciburial/;Desa Waringinkurung/;Desa Cijaralang/;Desa Cimanggu/;Desa Tangkilsari/;;;;District of Cimanggu;Village of Rancapinang;Village of Cibadak;Village of Batuhideung;Village of Tugu;Village of Kramatjaya;Village of Mangkualam;Village of Padasuka;Village of Ciburial;Village of Waringinkurung;Village of Cijaralang;Village of Cimanggu;Village of Tangkilsari;;;;11;–;–;–;–;–;–;–;–;–;–;–;–;;;;11;4;–;–;–;–;–;–;–;–;–;–;–;–;;;;4;15;–;–;–;–;–;–;–;–;–;–;–;–;;;;15;–;–;1;–;–;–;–;9;1;–;11;–;–;–;–;–;–;–;3;1;–;4;–;–;1;–;–;–;–;12;2;–;15;–;1;9;1;11;–;–;3;1;4;–;1;12;2;15
30;Cibaliung;9;Desa;Village;Cibaliung;Sukajadi;Sudimanik;Sorongan;Curug;Cihanjuang;Cibingbin;Cibaliung;Mendung;Mahendra;;;;;;;CIBALIUNG;D:\KCDA\2025\030\Bab2.PNG;D:\KCDA\2025\030\G021.png;D:\KCDA\2025\030\G022.png;Kecamatan Cibaliung secara keseluruhan memiliki 62 RW. Desa dengan jumlah RW terbanyak adalah Cibaliung yaitu 10 unit, sementara paling sedikit berasal dari Sorongan dan Sudimanik dengan 5 RW. Jumlah seluruh RT dalam Kecamatan Cibaliung adalah 183 unit. Selanjutnya, desa dengan jumlah RT paling banyak adalah Sukajadi yaitu 32 unit, sementara paling sedikit berasal dari Sudimanik dengan 14 RT. ;PNS yang bekerja di kantor pemerintah pada Kecamatan Cibaliung berjumlah 12 orang, terdiri dari 12 pegawai laki–laki dan – pegawai perempuan.  Seluruh PNS tersebut bekerja di Kantor Pemerintah Kecamatan Cibaliung.;Dirinci menurut jenjang pendidikan yang ditamatkan, proporsi PNS yang bekerja di kantor pemerintah kecamatan pada Kecamatan Cibaliung adalah sebagai berikut: SMA: 16,7 persen, Sarjana: 58,3 persen, Magister: 25,0 persen.;Menurut golongan pegawai, proporsi PNS yang bekerja di kantor pemerintah kecamatan pada Kecamatan Cibaliung adalah sebagai berikut: golongan II: 8,3 persen, golongan III: 66,7 persen, golongan IV: 25,0 persen.;The District of Cibaliung as a whole has 62 Rukun Warga (RW). The village with the largest number of RW's  was Cibaliung which has 10 units, while the lowest was from Sorongan dan Sudimanik with 5 RW's. Furthermore, the total number of all Rukun Tetangga (RT) within the Cibaliung District 183 unit. The village with the highest number of RT's  was Sukajadi which had 32 units, while the lowest comes from Sudimanik with 14 RT's;There are 12 civil servants working in the government office in Cibaliung District, consisting of 12 male  and – female employees. All of those civil servants work at the Government Office of Cibaliung District .;Broken down by educational attainment, the proportion of civil servants (PNS) working in the District government office of in Cibaliung District are as follows: Senior High School is 16.7 percent, Bachelor's Degree is 58.3 percent, Master's Degree is 25.0 percent.;According to rank/group of employees, the proportion of civil servants (PNS) working in the District government office of in Cibaliung District are as follows: group II is 8.3 percent, group III is 66.7 percent, group IV is 25.0 percent.;9;5;5;6;7;6;10;8;6;;;;;;;62;34;16;17;15;24;17;25;22;17;;;;;;;187;Kecamatan Cibaliung/;Desa Sukajadi/;Desa Sudimanik/;Desa Sorongan/;Desa Curug/;Desa Cihanjuang/;Desa Cibingbin/;Desa Cibaliung/;Desa Mendung/;Desa Mahendra/;;;;;;;District of Cibaliung;Village of Sukajadi;Village of Sudimanik;Village of Sorongan;Village of Curug;Village of Cihanjuang;Village of Cibingbin;Village of Cibaliung;Village of Mendung;Village of Mahendra;;;;;;;9;–;–;–;–;–;–;–;–;–;;;;;;;9;–;–;–;–;–;–;–;–;–;–;;;;;;;–;9;–;–;–;–;–;–;–;–;–;;;;;;;9;–;–;1;–;–;–;–;6;2;–;9;–;–;–;–;–;–;–;–;–;–;–;–;–;1;–;–;–;–;6;2;–;9;–;1;6;2;9;–;–;–;–;–;–;1;6;2;9
31;Cibitung;10;Desa;Village;Cibitung;Citeluk;Sindangkerta;Kiarajangkung;Kutakarang;Cikiruh;Malangnengah;Cikadu;Manglid;Kiarapayung;Cikalong;;;;;;CIBITUNG;D:\KCDA\2025\031\Bab2.PNG;D:\KCDA\2025\031\G021.png;D:\KCDA\2025\031\G022.png;Kecamatan Cibitung secara keseluruhan memiliki 63 RW. Desa dengan jumlah RW terbanyak adalah Cikadu yaitu 8 unit, sementara paling sedikit berasal dari Malangnengah dan Sindangkerta dengan 5 RW. Jumlah seluruh RT dalam Kecamatan Cibitung adalah 165 unit. Selanjutnya, desa dengan jumlah RT paling banyak adalah Kutakarang yaitu 24 unit, sementara paling sedikit berasal dari Sindangkerta dengan 10 RT. ;PNS yang bekerja di kantor pemerintah pada Kecamatan Cibitung berjumlah 14 orang, terdiri dari 14 pegawai laki–laki dan – pegawai perempuan.  Seluruh PNS tersebut bekerja di Kantor Pemerintah Kecamatan Cibitung.;Dirinci menurut jenjang pendidikan yang ditamatkan, proporsi PNS yang bekerja di kantor pemerintah kecamatan pada Kecamatan Cibitung adalah sebagai berikut: SMA: 28,6 persen, D–II: 7,1 persen, Sarjana: 50,0 persen, Magister: 14,3 persen.;Menurut golongan pegawai, proporsi PNS yang bekerja di kantor pemerintah kecamatan pada Kecamatan Cibitung adalah sebagai berikut: golongan II: 21,4 persen, golongan III: 64,3 persen, golongan IV: 14,3 persen.;The District of Cibitung as a whole has 63 Rukun Warga (RW). The village with the largest number of RW's  was Cikadu which has 8 units, while the lowest was from Malangnengah dan Sindangkerta with 5 RW's. Furthermore, the total number of all Rukun Tetangga (RT) within the Cibitung District 165 unit. The village with the highest number of RT's  was Kutakarang which had 24 units, while the lowest comes from Sindangkerta with 10 RT's;There are 14 civil servants working in the government office in Cibitung District, consisting of 14 male  and – female employees. All of those civil servants work at the Government Office of Cibitung District .;Broken down by educational attainment, the proportion of civil servants (PNS) working in the District government office of in Cibitung District are as follows: Senior High School is 28.6 percent, Diploma II is 7.1 percent, Bachelor's Degree is 50.0 percent, Master's Degree is 14.3 percent.;According to rank/group of employees, the proportion of civil servants (PNS) working in the District government office of in Cibitung District are as follows: group II is 21.4 percent, group III is 64.3 percent, group IV is 14.3 percent.;6;5;7;7;6;5;8;6;6;8;;;;;;64;18;10;14;24;19;11;20;17;16;16;;;;;;165;Kecamatan Cibitung/;Desa Citeluk/;Desa Sindangkerta/;Desa Kiarajangkung/;Desa Kutakarang/;Desa Cikiruh/;Desa Malangnengah/;Desa Cikadu/;Desa Manglid/;Desa Kiarapayung/;Desa Cikalong/;;;;;;District of Cibitung;Village of Citeluk;Village of Sindangkerta;Village of Kiarajangkung;Village of Kutakarang;Village of Cikiruh;Village of Malangnengah;Village of Cikadu;Village of Manglid;Village of Kiarapayung;Village of Cikalong;;;;;;13;–;–;–;–;–;–;–;–;–;–;;;;;;13;–;–;–;–;–;–;–;–;–;–;–;;;;;;–;13;–;–;–;–;–;–;–;–;–;–;;;;;;13;–;–;4;–;1;–;–;6;2;–;13;–;–;–;–;–;–;–;–;–;–;–;–;–;4;–;1;–;–;6;2;–;13;–;2;9;2;13;–;–;–;–;–;–;2;9;2;13
40;Cikeusik;14;Desa;Village;Cikeusik;Tanjungan;Cikiruhwetan;Sukawaris;Sumurbatu;Umbulan;Sukamulya;Parungkokosan;Nanggala;Rancaseneng;Sukaseneng;Cikeusik;Leuwibalang;Curugciung;Cikadongdong;;CIKEUSIK;D:\KCDA\2025\040\Bab2.PNG;D:\KCDA\2025\040\G021.png;D:\KCDA\2025\040\G022.png;Kecamatan Cikeusik secara keseluruhan memiliki 79 RW. Desa dengan jumlah RW terbanyak adalah Sukamulya yaitu 9 unit, sementara paling sedikit berasal dari Cikadongdong, Curugciung, Leuwibalang dan Cikiruhwetan dengan 4 RW. Jumlah seluruh RT dalam Kecamatan Cikeusik adalah 318 unit. Selanjutnya, desa dengan jumlah RT paling banyak adalah Tanjungan yaitu 34 unit, sementara paling sedikit berasal dari Leuwibalang dengan 10 RT. ;PNS yang bekerja di kantor pemerintah pada Kecamatan Cikeusik berjumlah 13 orang, terdiri dari 13 pegawai laki–laki dan – pegawai perempuan.  Seluruh PNS tersebut bekerja di Kantor Pemerintah Kecamatan Cikeusik.;Dirinci menurut jenjang pendidikan yang ditamatkan, proporsi PNS yang bekerja di kantor pemerintah kecamatan pada Kecamatan Cikeusik adalah sebagai berikut: SMA: 15,4 persen, D–IV: 7,7 persen, Sarjana: 53,8 persen, Magister: 23,1 persen.;Menurut golongan pegawai, proporsi PNS yang bekerja di kantor pemerintah kecamatan pada Kecamatan Cikeusik adalah sebagai berikut: golongan II: 15,4 persen, golongan III: 61,5 persen, golongan IV: 23,1 persen.;The District of Cikeusik as a whole has 79 Rukun Warga (RW). The village with the largest number of RW's  was Sukamulya which has 9 units, while the lowest was from Cikadongdong, Curugciung, Leuwibalang dan Cikiruhwetan with 4 RW's. Furthermore, the total number of all Rukun Tetangga (RT) within the Cikeusik District 318 unit. The village with the highest number of RT's  was Tanjungan which had 34 units, while the lowest comes from Leuwibalang with 10 RT's;There are 13 civil servants working in the government office in Cikeusik District, consisting of 13 male  and – female employees. All of those civil servants work at the Government Office of Cikeusik District .;Broken down by educational attainment, the proportion of civil servants (PNS) working in the District government office of in Cikeusik District are as follows: Senior High School is 15.4 percent, Diploma IV is 7.7 percent, Bachelor's Degree is 53.8 percent, Master's Degree is 23.1 percent.;According to rank/group of employees, the proportion of civil servants (PNS) working in the District government office of in Cikeusik District are as follows: group II is 15.4 percent, group III is 61.5 percent, group IV is 23.1 percent.;10;4;5;7;8;9;6;6;4;9;6;2;4;4;;84;34;22;21;27;25;29;21;32;17;23;26;10;12;18;;317;Kecamatan Cikeusik/;Desa Tanjungan/;Desa Cikiruhwetan/;Desa Sukawaris/;Desa Sumurbatu/;Desa Umbulan/;Desa Sukamulya/;Desa Parungkokosan/;Desa Nanggala/;Desa Rancaseneng/;Desa Sukaseneng/;Desa Cikeusik/;Desa Leuwibalang/;Desa Curugciung/;Desa Cikadongdong/;;District of Cikeusik;Village of Tanjungan;Village of Cikiruhwetan;Village of Sukawaris;Village of Sumurbatu;Village of Umbulan;Village of Sukamulya;Village of Parungkokosan;Village of Nanggala;Village of Rancaseneng;Village of Sukaseneng;Village of Cikeusik;Village of Leuwibalang;Village of Curugciung;Village of Cikadongdong;;12;–;–;–;–;–;–;–;–;–;–;–;–;–;–;;12;–;–;–;–;–;–;–;–;–;–;–;–;–;–;–;;–;12;–;–;–;–;–;–;–;–;–;–;–;–;–;–;;12;–;–;2;–;–;–;1;6;3;–;12;–;–;–;–;–;–;–;–;–;–;–;–;–;2;–;–;–;1;6;3;–;12;–;2;7;3;12;–;–;–;–;–;–;2;7;3;12
50;Cigeulis;9;Desa;Village;Cigeulis;Banyuasih;Karangbolong;Karyabuana;Katumbiri;Waringinjaya;Sinarjaya;Ciseureuheun;Cigeulis;Tarumanagara;;;;;;;CIGEULIS;D:\KCDA\2025\050\Bab2.PNG;D:\KCDA\2025\050\G021.png;D:\KCDA\2025\050\G022.png;Kecamatan Cigeulis secara keseluruhan memiliki 72 RW. Desa dengan jumlah RW terbanyak adalah Ciseureuheun yaitu 11 unit, sementara paling sedikit berasal dari Tarumanagara dengan 4 RW. Jumlah seluruh RT dalam Kecamatan Cigeulis adalah 211 unit. Selanjutnya, desa dengan jumlah RT paling banyak adalah Karyabuana yaitu 35 unit, sementara paling sedikit berasal dari Tarumanagara dengan 15 RT. ;PNS yang bekerja di kantor pemerintah pada Kecamatan Cigeulis berjumlah 12 orang, terdiri dari 11 pegawai laki–laki dan 1 pegawai perempuan.  Seluruh PNS tersebut bekerja di Kantor Pemerintah Kecamatan Cigeulis.;Dirinci menurut jenjang pendidikan yang ditamatkan, proporsi PNS yang bekerja di kantor pemerintah kecamatan pada Kecamatan Cigeulis adalah sebagai berikut: SMA: 33,3 persen, D–III: 8,3 persen, Sarjana: 58,3 persen.;Menurut golongan pegawai, proporsi PNS yang bekerja di kantor pemerintah kecamatan pada Kecamatan Cigeulis adalah sebagai berikut: golongan II: 16,7 persen, golongan III: 83,3 persen.;The District of Cigeulis as a whole has 72 Rukun Warga (RW). The village with the largest number of RW's  was Ciseureuheun which has 11 units, while the lowest was from Tarumanagara with 4 RW's. Furthermore, the total number of all Rukun Tetangga (RT) within the Cigeulis District 211 unit. The village with the highest number of RT's  was Karyabuana which had 35 units, while the lowest comes from Tarumanagara with 15 RT's;There are 12 civil servants working in the government office in Cigeulis District, consisting of 11 male  and only 1 female employees. All of those civil servants work at the Government Office of Cigeulis District .;Broken down by educational attainment, the proportion of civil servants (PNS) working in the District government office of in Cigeulis District are as follows: Senior High School is 33.3 percent, Diploma III is 8.3 percent, Bachelor's Degree is 58.3 percent.;According to rank/group of employees, the proportion of civil servants (PNS) working in the District government office of in Cigeulis District are as follows: group II is 16.7 percent, group III is 83.3 percent.;8;8;9;5;9;8;11;10;4;;;;;;;72;28;24;33;17;32;21;23;20;15;;;;;;;213;Kecamatan Cigeulis/;Desa Banyuasih/;Desa Karangbolong/;Desa Karyabuana/;Desa Katumbiri/;Desa Waringinjaya/;Desa Sinarjaya/;Desa Ciseureuheun/;Desa Cigeulis/;Desa Tarumanagara/;;;;;;;District of Cigeulis;Village of Banyuasih;Village of Karangbolong;Village of Karyabuana;Village of Katumbiri;Village of Waringinjaya;Village of Sinarjaya;Village of Ciseureuheun;Village of Cigeulis;Village of Tarumanagara;;;;;;;8;–;–;–;–;–;–;–;–;–;;;;;;;8;1;–;–;–;–;–;–;–;–;–;;;;;;;1;9;–;–;–;–;–;–;–;–;–;;;;;;;9;–;–;2;–;–;–;–;6;–;–;8;–;–;–;–;–;–;–;1;–;–;1;–;–;2;–;–;–;–;7;–;–;9;–;–;8;–;8;–;–;1;–;1;–;–;9;–;9
60;Panimbang;6;Desa;Village;Panimbang;Mekarjaya;Gombong;Panimbangjaya;Mekarsari;Citeureup;Tanjungjaya;;;;;;;;;;PANIMBANG;D:\KCDA\2025\060\Bab2.PNG;D:\KCDA\2025\060\G021.png;D:\KCDA\2025\060\G022.png;Kecamatan Panimbang secara keseluruhan memiliki 70 RW. Desa dengan jumlah RW terbanyak adalah Panimbangjaya yaitu 15 unit, sementara paling sedikit berasal dari Gombong dengan 9 RW. Jumlah seluruh RT dalam Kecamatan Panimbang adalah 240 unit. Selanjutnya, desa dengan jumlah RT paling banyak adalah Panimbangjaya yaitu 59 unit, sementara paling sedikit berasal dari Mekarjaya dengan 25 RT. ;PNS yang bekerja di kantor pemerintah pada Kecamatan Panimbang berjumlah 18 orang, terdiri dari 15 pegawai laki–laki dan 3 pegawai perempuan.  Seluruh PNS tersebut bekerja di Kantor Pemerintah Kecamatan Panimbang.;#VALUE!;Menurut golongan pegawai, proporsi PNS yang bekerja di kantor pemerintah kecamatan pada Kecamatan Panimbang adalah sebagai berikut: golongan II: 16,7 persen, golongan III: 77,8 persen, golongan IV: 5,6 persen.;The District of Panimbang as a whole has 70 Rukun Warga (RW). The village with the largest number of RW's  was Panimbangjaya which has 15 units, while the lowest was from Gombong with 9 RW's. Furthermore, the total number of all Rukun Tetangga (RT) within the Panimbang District 240 unit. The village with the highest number of RT's  was Panimbangjaya which had 59 units, while the lowest comes from Mekarjaya with 25 RT's;There are 18 civil servants working in the government office in Panimbang District, consisting of 15 male  and 3 female employees. All of those civil servants work at the Government Office of Panimbang District .;#VALUE!;According to rank/group of employees, the proportion of civil servants (PNS) working in the District government office of in Panimbang District are as follows: group II is 16.7 percent, group III is 77.8 percent, group IV is 5.6 percent.;10;9;10;13;11;14;;;;;;;;;;67;25;26;57;47;43;40;;;;;;;;;;238;Kecamatan Panimbang/;Desa Mekarjaya/;Desa Gombong/;Desa Panimbangjaya/;Desa Mekarsari/;Desa Citeureup/;Desa Tanjungjaya/;;;;;;;;;;District of Panimbang;Village of Mekarjaya;Village of Gombong;Village of Panimbangjaya;Village of Mekarsari;Village of Citeureup;Village of Tanjungjaya;;;;;;;;;;14;–;–;–;–;–;–;;;;;;;;;;14;3;–;–;–;–;–;–;;;;;;;;;;3;17;–;–;–;–;–;–;;;;;;;;;;17;–;–;4;–;–;1;2;6;1;–;14;–;–;–;–;–;–;–;3;–;–;3;–;–;4;–;–;1;2;9;1;–;17;–;3;10;1;14;–;–;3;–;3;–;3;13;1;17
61;Sobang;8;Desa;Village;Sobang;Cimanis;Pangkalan;Sobang;Kutamekar;Bojen;Kertaraharja;Teluklada;Bojenwetan;;;;;;;;SOBANG;D:\KCDA\2025\061\Bab2.PNG;D:\KCDA\2025\061\G021.png;D:\KCDA\2025\061\G022.png;Kecamatan Sobang secara keseluruhan memiliki 71 RW. Desa dengan jumlah RW terbanyak adalah Kutamekar yaitu 14 unit, sementara paling sedikit berasal dari Bojenwetan dan Pangkalan dengan 6 RW. Jumlah seluruh RT dalam Kecamatan Sobang adalah 208 unit. Selanjutnya, desa dengan jumlah RT paling banyak adalah Cimanis yaitu 33 unit, sementara paling sedikit berasal dari Kertaraharja dengan 18 RT. ;PNS yang bekerja di kantor pemerintah pada Kecamatan Sobang berjumlah 13 orang, terdiri dari 10 pegawai laki–laki dan 3 pegawai perempuan.  Seluruh PNS tersebut bekerja di Kantor Pemerintah Kecamatan Sobang.;Dirinci menurut jenjang pendidikan yang ditamatkan, proporsi PNS yang bekerja di kantor pemerintah kecamatan pada Kecamatan Sobang adalah sebagai berikut: SMA: 15,4 persen, D–III: 7,7 persen, Sarjana: 76,9 persen.;Menurut golongan pegawai, proporsi PNS yang bekerja di kantor pemerintah kecamatan pada Kecamatan Sobang adalah sebagai berikut: golongan II: 7,7 persen, golongan III: 92,3 persen.;The District of Sobang as a whole has 71 Rukun Warga (RW). The village with the largest number of RW's  was Kutamekar which has 14 units, while the lowest was from Bojenwetan dan Pangkalan with 6 RW's. Furthermore, the total number of all Rukun Tetangga (RT) within the Sobang District 208 unit. The village with the highest number of RT's  was Cimanis which had 33 units, while the lowest comes from Kertaraharja with 18 RT's;There are 13 civil servants working in the government office in Sobang District, consisting of 10 male  and 3 female employees. All of those civil servants work at the Government Office of Sobang District .;Broken down by educational attainment, the proportion of civil servants (PNS) working in the District government office of in Sobang District are as follows: Senior High School is 15.4 percent, Diploma III is 7.7 percent, Bachelor's Degree is 76.9 percent.;According to rank/group of employees, the proportion of civil servants (PNS) working in the District government office of in Sobang District are as follows: group II is 7.7 percent, group III is 92.3 percent.;13;6;7;14;7;9;9;6;;;;;;;;71;34;29;25;29;24;18;26;21;;;;;;;;206;Kecamatan Sobang/;Desa Cimanis/;Desa Pangkalan/;Desa Sobang/;Desa Kutamekar/;Desa Bojen/;Desa Kertaraharja/;Desa Teluklada/;Desa Bojenwetan/;;;;;;;;District of Sobang;Village of Cimanis;Village of Pangkalan;Village of Sobang;Village of Kutamekar;Village of Bojen;Village of Kertaraharja;Village of Teluklada;Village of Bojenwetan;;;;;;;;9;–;–;–;–;–;–;–;–;;;;;;;;9;3;–;–;–;–;–;–;–;–;;;;;;;;3;12;–;–;–;–;–;–;–;–;;;;;;;;12;–;–;1;–;–;1;–;7;–;–;9;–;–;–;–;–;–;–;2;1;–;3;–;–;1;–;–;1;–;9;1;–;12;–;1;8;–;9;–;–;3;–;3;–;1;11;–;12
70;Munjul;9;Desa;Village;Munjul;Lebak;Gunungbatu;Panacaran;Curuglanglang;Munjul;Cibitung;Kotadukuh;Pasanggrahan;Sukasaba;;;;;;;MUNJUL;D:\KCDA\2025\070\Bab2.PNG;D:\KCDA\2025\070\G021.png;D:\KCDA\2025\070\G022.png;Kecamatan Munjul secara keseluruhan memiliki 55 RW. Desa dengan jumlah RW terbanyak adalah Gunungbatu dan Curuglanglang masing–masing 8 unit, sementara paling sedikit berasal dari Pasanggrahan dan Kotadukuh dengan 4 RW. Jumlah seluruh RT dalam Kecamatan Munjul adalah 168 unit. Selanjutnya, desa dengan jumlah RT paling banyak adalah Sukasaba yaitu 33 unit, sementara paling sedikit berasal dari Kotadukuh dengan 12 RT. ;PNS yang bekerja di kantor pemerintah pada Kecamatan Munjul berjumlah 15 orang, terdiri dari 12 pegawai laki–laki dan 3 pegawai perempuan.  Seluruh PNS tersebut bekerja di Kantor Pemerintah Kecamatan Munjul.;Dirinci menurut jenjang pendidikan yang ditamatkan, proporsi PNS yang bekerja di kantor pemerintah kecamatan pada Kecamatan Munjul adalah sebagai berikut: SMA: 40,0 persen, Sarjana: 53,3 persen, Magister: 6,7 persen.;Menurut golongan pegawai, proporsi PNS yang bekerja di kantor pemerintah kecamatan pada Kecamatan Munjul adalah sebagai berikut: golongan II: 13,3 persen, golongan III: 80,0 persen, golongan IV: 6,7 persen.;The District of Munjul as a whole has 55 Rukun Warga (RW). The village with the largest number of RW's  were Gunungbatu and Curuglanglang each has 8 units, while the lowest was from Pasanggrahan dan Kotadukuh with 4 RW's. Furthermore, the total number of all Rukun Tetangga (RT) within the Munjul District 168 unit. The village with the highest number of RT's  was Sukasaba which had 33 units, while the lowest comes from Kotadukuh with 12 RT's;There are 15 civil servants working in the government office in Munjul District, consisting of 12 male  and 3 female employees. All of those civil servants work at the Government Office of Munjul District .;Broken down by educational attainment, the proportion of civil servants (PNS) working in the District government office of in Munjul District are as follows: Senior High School is 40.0 percent, Bachelor's Degree is 53.3 percent, Master's Degree is 6.7 percent.;According to rank/group of employees, the proportion of civil servants (PNS) working in the District government office of in Munjul District are as follows: group II is 13.3 percent, group III is 80.0 percent, group IV is 6.7 percent.;6;8;7;8;6;5;4;4;6;;;;;;;54;20;20;17;19;15;15;12;16;33;;;;;;;167;Kecamatan Munjul/;Desa Lebak/;Desa Gunungbatu/;Desa Panacaran/;Desa Curuglanglang/;Desa Munjul/;Desa Cibitung/;Desa Kotadukuh/;Desa Pasanggrahan/;Desa Sukasaba/;;;;;;;District of Munjul;Village of Lebak;Village of Gunungbatu;Village of Panacaran;Village of Curuglanglang;Village of Munjul;Village of Cibitung;Village of Kotadukuh;Village of Pasanggrahan;Village of Sukasaba;;;;;;;10;–;–;–;–;–;–;–;–;–;;;;;;;10;3;–;–;–;–;–;–;–;–;–;;;;;;;3;13;–;–;–;–;–;–;–;–;–;;;;;;;13;–;–;2;–;–;–;–;7;1;–;10;–;–;1;–;–;–;–;1;1;–;3;–;–;3;–;–;–;–;8;2;–;13;–;1;8;1;10;–;–;3;–;3;–;1;11;1;13
71;Angsana;9;Desa;Village;Angsana;Cipinang;Kadubadak;Cikayas;Sumurlaban;Padamulya;Padaherang;Karangsari;Angsana;Kramatmanik;;;;;;;ANGSANA;D:\KCDA\2025\071\Bab2.PNG;D:\KCDA\2025\071\G021.png;D:\KCDA\2025\071\G022.png;Kecamatan Angsana secara keseluruhan memiliki 58 RW. Desa dengan jumlah RW terbanyak adalah Cipinang yaitu 11 unit, sementara paling sedikit berasal dari Kadubadak dengan 4 RW. Jumlah seluruh RT dalam Kecamatan Angsana adalah 135 unit. Selanjutnya, desa dengan jumlah RT paling banyak adalah Cikayas yaitu 22 unit, sementara paling sedikit berasal dari Padaherang dengan 10 RT. ;PNS yang bekerja di kantor pemerintah pada Kecamatan Angsana berjumlah 13 orang, terdiri dari 13 pegawai laki–laki dan – pegawai perempuan.  Seluruh PNS tersebut bekerja di Kantor Pemerintah Kecamatan Angsana.;Dirinci menurut jenjang pendidikan yang ditamatkan, proporsi PNS yang bekerja di kantor pemerintah kecamatan pada Kecamatan Angsana adalah sebagai berikut: SMA: 38,5 persen, Sarjana: 53,8 persen, Magister: 7,7 persen.;Menurut golongan pegawai, proporsi PNS yang bekerja di kantor pemerintah kecamatan pada Kecamatan Angsana adalah sebagai berikut: golongan II: 38,5 persen, golongan III: 46,2 persen, golongan IV: 15,4 persen.;The District of Angsana as a whole has 58 Rukun Warga (RW). The village with the largest number of RW's  was Cipinang which has 11 units, while the lowest was from Kadubadak with 4 RW's. Furthermore, the total number of all Rukun Tetangga (RT) within the Angsana District 135 unit. The village with the highest number of RT's  was Cikayas which had 22 units, while the lowest comes from Padaherang with 10 RT's;There are 13 civil servants working in the government office in Angsana District, consisting of 13 male  and – female employees. All of those civil servants work at the Government Office of Angsana District .;Broken down by educational attainment, the proportion of civil servants (PNS) working in the District government office of in Angsana District are as follows: Senior High School is 38.5 percent, Bachelor's Degree is 53.8 percent, Master's Degree is 7.7 percent.;According to rank/group of employees, the proportion of civil servants (PNS) working in the District government office of in Angsana District are as follows: group II is 38.5 percent, group III is 46.2 percent, group IV is 15.4 percent.;11;4;7;6;6;5;8;6;5;;;;;;;58;17;13;22;14;12;10;15;17;14;;;;;;;134;Kecamatan Angsana/;Desa Cipinang/;Desa Kadubadak/;Desa Cikayas/;Desa Sumurlaban/;Desa Padamulya/;Desa Padaherang/;Desa Karangsari/;Desa Angsana/;Desa Kramatmanik/;;;;;;;District of Angsana;Village of Cipinang;Village of Kadubadak;Village of Cikayas;Village of Sumurlaban;Village of Padamulya;Village of Padaherang;Village of Karangsari;Village of Angsana;Village of Kramatmanik;;;;;;;10;–;–;–;–;–;–;–;–;–;;;;;;;10;0;–;–;–;–;–;–;–;–;–;;;;;;;0;10;–;–;–;–;–;–;–;–;–;;;;;;;10;–;–;1;–;–;–;–;8;1;–;10;–;–;–;–;–;–;–;–;–;–;–;–;–;1;–;–;–;–;8;1;–;10;–;1;7;2;10;–;–;–;–;10;–;1;7;2;20
72;Sindangresmi;9;Desa;Village;Sindangresmi;Pasirloa;Bojongmanik;Campakawarna;Ciodeng;Pasirtenjo;Sindangresmi;Pasirlancar;Pasirdurung;Kadumalati;;;;;;;SINDANGRESMI;D:\KCDA\2025\072\Bab2.PNG;D:\KCDA\2025\072\G021.png;D:\KCDA\2025\072\G022.png;Kecamatan Sindangresmi secara keseluruhan memiliki 60 RW. Desa dengan jumlah RW terbanyak adalah Campakawarna dan Ciodeng masing–masing 8 unit, sementara paling sedikit berasal dari Pasirlancar, Sindangresmi, Pasirtenjo dan Bojongmanik dengan 6 RW. Jumlah seluruh RT dalam Kecamatan Sindangresmi adalah 169 unit. Selanjutnya, desa dengan jumlah RT paling banyak adalah Bojongmanik yaitu 25 unit, sementara paling sedikit berasal dari Pasirloa dengan 14 RT. ;PNS yang bekerja di kantor pemerintah pada Kecamatan Sindangresmi berjumlah 11 orang, terdiri dari 11 pegawai laki–laki dan – pegawai perempuan.  Seluruh PNS tersebut bekerja di Kantor Pemerintah Kecamatan Sindangresmi.;Dirinci menurut jenjang pendidikan yang ditamatkan, proporsi PNS yang bekerja di kantor pemerintah kecamatan pada Kecamatan Sindangresmi adalah sebagai berikut: SMA: 27,3 persen, Sarjana: 72,7 persen.;Menurut golongan pegawai, proporsi PNS yang bekerja di kantor pemerintah kecamatan pada Kecamatan Sindangresmi adalah sebagai berikut: golongan II: 18,2 persen, golongan III: 72,7 persen, golongan IV: 9,1 persen.;The District of Sindangresmi as a whole has 60 Rukun Warga (RW). The village with the largest number of RW's  were Campakawarna and Ciodeng each has 8 units, while the lowest was from Pasirlancar, Sindangresmi, Pasirtenjo dan Bojongmanik with 6 RW's. Furthermore, the total number of all Rukun Tetangga (RT) within the Sindangresmi District 169 unit. The village with the highest number of RT's  was Bojongmanik which had 25 units, while the lowest comes from Pasirloa with 14 RT's;There are 11 civil servants working in the government office in Sindangresmi District, consisting of 11 male  and – female employees. All of those civil servants work at the Government Office of Sindangresmi District .;Broken down by educational attainment, the proportion of civil servants (PNS) working in the District government office of in Sindangresmi District are as follows: Senior High School is 27.3 percent, Bachelor's Degree is 72.7 percent.;According to rank/group of employees, the proportion of civil servants (PNS) working in the District government office of in Sindangresmi District are as follows: group II is 18.2 percent, group III is 72.7 percent, group IV is 9.1 percent.;6;6;6;8;6;6;6;7;7;;;;;;;58;14;25;18;23;20;17;18;15;19;;;;;;;169;Kecamatan Sindangresmi/;Desa Pasirloa/;Desa Bojongmanik/;Desa Campakawarna/;Desa Ciodeng/;Desa Pasirtenjo/;Desa Sindangresmi/;Desa Pasirlancar/;Desa Pasirdurung/;Desa Kadumalati/;;;;;;;District of Sindangresmi;Village of Pasirloa;Village of Bojongmanik;Village of Campakawarna;Village of Ciodeng;Village of Pasirtenjo;Village of Sindangresmi;Village of Pasirlancar;Village of Pasirdurung;Village of Kadumalati;;;;;;;9;–;–;–;–;–;–;–;–;–;;;;;;;9;–;–;–;–;–;–;–;–;–;–;;;;;;;–;9;–;–;–;–;–;–;–;–;–;;;;;;;9;–;–;3;–;–;–;–;6;–;–;9;–;–;–;–;–;–;–;–;–;–;–;–;–;3;–;–;–;–;6;–;–;9;–;–;9;–;9;–;–;–;–;–;–;–;9;–;9
80;Picung;9;Desa;Village;Picung;Ciherang;Kolelet;Cililitan;Kadupandak;Bungurcopong;Pasirsedang;Pasirpanjang;Kadubera;Ganggaeng;;;;;;;PICUNG;D:\KCDA\2025\080\Bab2.PNG;D:\KCDA\2025\080\G021.png;D:\KCDA\2025\080\G022.png;Kecamatan Picung secara keseluruhan memiliki 59 RW. Desa dengan jumlah RW terbanyak adalah Ciherang dan Kadupandak masing–masing 9 unit, sementara paling sedikit berasal dari Ganggaeng, Pasirpanjang, Kolelet dan Kadubera dengan 4 RW. Jumlah seluruh RT dalam Kecamatan Picung adalah 208 unit. Selanjutnya, desa dengan jumlah RT paling banyak adalah Pasirsedang yaitu 38 unit, sementara paling sedikit berasal dari Pasirpanjang dengan 15 RT. ;PNS yang bekerja di kantor pemerintah pada Kecamatan Picung berjumlah 13 orang, terdiri dari 12 pegawai laki–laki dan 1 pegawai perempuan.  Seluruh PNS tersebut bekerja di Kantor Pemerintah Kecamatan Picung.;Dirinci menurut jenjang pendidikan yang ditamatkan, proporsi PNS yang bekerja di kantor pemerintah kecamatan pada Kecamatan Picung adalah sebagai berikut: SMA: 46,2 persen, Sarjana: 46,2 persen, Magister: 7,7 persen.;Menurut golongan pegawai, proporsi PNS yang bekerja di kantor pemerintah kecamatan pada Kecamatan Picung adalah sebagai berikut: golongan II: 30,8 persen, golongan III: 53,8 persen, golongan IV: 15,4 persen.;The District of Picung as a whole has 59 Rukun Warga (RW). The village with the largest number of RW's  were Ciherang and Kadupandak each has 9 units, while the lowest was from Ganggaeng, Pasirpanjang, Kolelet dan Kadubera with 4 RW's. Furthermore, the total number of all Rukun Tetangga (RT) within the Picung District 208 unit. The village with the highest number of RT's  was Pasirsedang which had 38 units, while the lowest comes from Pasirpanjang with 15 RT's;There are 13 civil servants working in the government office in Picung District, consisting of 12 male  and only 1 female employees. All of those civil servants work at the Government Office of Picung District .;Broken down by educational attainment, the proportion of civil servants (PNS) working in the District government office of in Picung District are as follows: Senior High School is 46.2 percent, Bachelor's Degree is 46.2 percent, Master's Degree is 7.7 percent.;According to rank/group of employees, the proportion of civil servants (PNS) working in the District government office of in Picung District are as follows: group II is 30.8 percent, group III is 53.8 percent, group IV is 15.4 percent.;9;4;7;9;7;8;2;7;4;;;;;;;57;23;18;24;19;22;38;15;32;17;;;;;;;208;Kecamatan Picung/;Desa Ciherang/;Desa Kolelet/;Desa Cililitan/;Desa Kadupandak/;Desa Bungurcopong/;Desa Pasirsedang/;Desa Pasirpanjang/;Desa Kadubera/;Desa Ganggaeng/;;;;;;;District of Picung;Village of Ciherang;Village of Kolelet;Village of Cililitan;Village of Kadupandak;Village of Bungurcopong;Village of Pasirsedang;Village of Pasirpanjang;Village of Kadubera;Village of Ganggaeng;;;;;;;12;–;–;–;–;–;–;–;–;–;;;;;;;12;1;–;–;–;–;–;–;–;–;–;;;;;;;1;13;–;–;–;–;–;–;–;–;–;;;;;;;13;–;–;6;–;–;–;–;5;1;–;12;–;–;–;–;–;–;–;1;–;–;1;–;–;6;–;–;–;–;6;1;–;13;–;4;6;2;12;–;–;1;–;1;–;4;7;2;13
90;Bojong;8;Desa;Village;Bojong;Geredug;Mekarsari;Cijakan;Citumenggung;Cahayamekar;Bojong;Banyumas;Manggungjaya;;;;;;;;BOJONG;D:\KCDA\2025\090\Bab2.PNG;D:\KCDA\2025\090\G021.png;D:\KCDA\2025\090\G022.png;Kecamatan Bojong secara keseluruhan memiliki 63 RW. Desa dengan jumlah RW terbanyak adalah Mekarsari yaitu 10 unit, sementara paling sedikit berasal dari Manggungjaya dan Geredug dengan 6 RW. Jumlah seluruh RT dalam Kecamatan Bojong adalah 191 unit. Selanjutnya, desa dengan jumlah RT paling banyak adalah Bojong yaitu 33 unit, sementara paling sedikit berasal dari Geredug dengan 16 RT. ;PNS yang bekerja di kantor pemerintah pada Kecamatan Bojong berjumlah 11 orang, terdiri dari 9 pegawai laki–laki dan 2 pegawai perempuan.  Seluruh PNS tersebut bekerja di Kantor Pemerintah Kecamatan Bojong.;Dirinci menurut jenjang pendidikan yang ditamatkan, proporsi PNS yang bekerja di kantor pemerintah kecamatan pada Kecamatan Bojong adalah sebagai berikut: SMA: 27,3 persen, Sarjana: 63,6 persen, Magister: 9,1 persen.;Menurut golongan pegawai, proporsi PNS yang bekerja di kantor pemerintah kecamatan pada Kecamatan Bojong adalah sebagai berikut: golongan II: 27,3 persen, golongan III: 54,5 persen, golongan IV: 18,2 persen.;The District of Bojong as a whole has 63 Rukun Warga (RW). The village with the largest number of RW's  was Mekarsari which has 10 units, while the lowest was from Manggungjaya dan Geredug with 6 RW's. Furthermore, the total number of all Rukun Tetangga (RT) within the Bojong District 191 unit. The village with the highest number of RT's  was Bojong which had 33 units, while the lowest comes from Geredug with 16 RT's;There are 11 civil servants working in the government office in Bojong District, consisting of 9 male  and 2 female employees. All of those civil servants work at the Government Office of Bojong District .;Broken down by educational attainment, the proportion of civil servants (PNS) working in the District government office of in Bojong District are as follows: Senior High School is 27.3 percent, Bachelor's Degree is 63.6 percent, Master's Degree is 9.1 percent.;According to rank/group of employees, the proportion of civil servants (PNS) working in the District government office of in Bojong District are as follows: group II is 27.3 percent, group III is 54.5 percent, group IV is 18.2 percent.;6;10;8;7;9;9;8;6;;;;;;;;63;16;28;21;22;29;33;21;21;;;;;;;;191;Kecamatan Bojong/;Desa Geredug/;Desa Mekarsari/;Desa Cijakan/;Desa Citumenggung/;Desa Cahayamekar/;Desa Bojong/;Desa Banyumas/;Desa Manggungjaya/;;;;;;;;District of Bojong;Village of Geredug;Village of Mekarsari;Village of Cijakan;Village of Citumenggung;Village of Cahayamekar;Village of Bojong;Village of Banyumas;Village of Manggungjaya;;;;;;;;7;–;–;–;–;–;–;–;–;;;;;;;;7;2;–;–;–;–;–;–;–;–;;;;;;;;2;9;–;–;–;–;–;–;–;–;;;;;;;;9;–;–;2;–;–;–;–;5;–;–;7;–;–;–;–;–;–;–;1;1;–;2;–;–;2;–;–;–;–;6;1;–;9;–;2;4;1;7;–;–;1;1;2;–;2;5;2;9
100;Saketi;14;Desa;Village;Saketi;Sukalangu;Langensari;Majau;Medalsari;Sodong;Mekarwangi;Ciandur;Saketi;Kadudampit;Girijaya;Wanagiri;Parigi;Talagasari;Sindanghayu;;SAKETI;D:\KCDA\2025\100\Bab2.PNG;D:\KCDA\2025\100\G021.png;D:\KCDA\2025\100\G022.png;Kecamatan Saketi secara keseluruhan memiliki 86 RW. Desa dengan jumlah RW terbanyak adalah Kadudampit yaitu 12 unit, sementara paling sedikit berasal dari Sindanghayu, Wanagiri, Sodong dan Langensari dengan 4 RW. Jumlah seluruh RT dalam Kecamatan Saketi adalah 263 unit. Selanjutnya, desa dengan jumlah RT paling banyak adalah Kadudampit yaitu 30 unit, sementara paling sedikit berasal dari Wanagiri dengan 11 RT. ;PNS yang bekerja di kantor pemerintah pada Kecamatan Saketi berjumlah 21 orang, terdiri dari 19 pegawai laki–laki dan 2 pegawai perempuan.  Seluruh PNS tersebut bekerja di Kantor Pemerintah Kecamatan Saketi.;Dirinci menurut jenjang pendidikan yang ditamatkan, proporsi PNS yang bekerja di kantor pemerintah kecamatan pada Kecamatan Saketi adalah sebagai berikut: SMP: 9,5 persen, SMA: 47,6 persen, D–III: 4,8 persen, Sarjana: 28,6 persen, Magister: 9,5 persen.;Menurut golongan pegawai, proporsi PNS yang bekerja di kantor pemerintah kecamatan pada Kecamatan Saketi adalah sebagai berikut: golongan II: 42,9 persen, golongan III: 52,4 persen, golongan IV: 4,8 persen.;The District of Saketi as a whole has 86 Rukun Warga (RW). The village with the largest number of RW's  was Kadudampit which has 12 units, while the lowest was from Sindanghayu, Wanagiri, Sodong dan Langensari with 4 RW's. Furthermore, the total number of all Rukun Tetangga (RT) within the Saketi District 263 unit. The village with the highest number of RT's  was Kadudampit which had 30 units, while the lowest comes from Wanagiri with 11 RT's;There are 21 civil servants working in the government office in Saketi District, consisting of 19 male  and 2 female employees. All of those civil servants work at the Government Office of Saketi District .;Broken down by educational attainment, the proportion of civil servants (PNS) working in the District government office of in Saketi District are as follows: Junior High School is 9.5 percent, Senior High School is 47.6 percent, Diploma III is 4.8 percent, Bachelor's Degree is 28.6 percent, Master's Degree is 9.5 percent.;According to rank/group of employees, the proportion of civil servants (PNS) working in the District government office of in Saketi District are as follows: group II is 42.9 percent, group III is 52.4 percent, group IV is 4.8 percent.;8;4;6;5;4;7;4;7;15;6;4;8;8;6;;92;23;14;22;16;22;20;12;21;31;16;12;21;17;20;;267;Kecamatan Saketi/;Desa Sukalangu/;Desa Langensari/;Desa Majau/;Desa Medalsari/;Desa Sodong/;Desa Mekarwangi/;Desa Ciandur/;Desa Saketi/;Desa Kadudampit/;Desa Girijaya/;Desa Wanagiri/;Desa Parigi/;Desa Talagasari/;Desa Sindanghayu/;;District of Saketi;Village of Sukalangu;Village of Langensari;Village of Majau;Village of Medalsari;Village of Sodong;Village of Mekarwangi;Village of Ciandur;Village of Saketi;Village of Kadudampit;Village of Girijaya;Village of Wanagiri;Village of Parigi;Village of Talagasari;Village of Sindanghayu;;16;–;–;–;–;–;–;–;–;–;–;–;–;–;–;;16;2;–;–;–;–;–;–;–;–;–;–;–;–;–;–;;2;18;–;–;–;–;–;–;–;–;–;–;–;–;–;–;;18;–;2;8;–;–;1;–;4;1;–;16;–;–;1;–;–;–;–;1;–;–;2;–;2;9;–;–;1;–;5;1;–;18;–;8;7;1;16;–;–;2;–;2;–;8;9;1;18
101;Cisata;9;Desa;Village;Cisata;Kondangjaya;Kubangkondang;Cisereh;Cibarani;Rawasari;Pasireurih;Kaduronyok;Ciherangjaya;Palembang;;;;;;;CISATA;D:\KCDA\2025\101\Bab2.PNG;D:\KCDA\2025\101\G021.png;D:\KCDA\2025\101\G022.png;Kecamatan Cisata secara keseluruhan memiliki 58 RW. Desa dengan jumlah RW terbanyak adalah Pasireurih yaitu 11 unit, sementara paling sedikit berasal dari Palembang, Rawasari, Cisereh dan Kaduronyok dengan 5 RW. Jumlah seluruh RT dalam Kecamatan Cisata adalah 177 unit. Selanjutnya, desa dengan jumlah RT paling banyak adalah Pasireurih yaitu 32 unit, sementara paling sedikit berasal dari Palembang dengan 12 RT. ;PNS yang bekerja di kantor pemerintah pada Kecamatan Cisata berjumlah 17 orang, terdiri dari 15 pegawai laki–laki dan 2 pegawai perempuan.  Seluruh PNS tersebut bekerja di Kantor Pemerintah Kecamatan Cisata.;Dirinci menurut jenjang pendidikan yang ditamatkan, proporsi PNS yang bekerja di kantor pemerintah kecamatan pada Kecamatan Cisata adalah sebagai berikut: SMA: 35,3 persen, Sarjana: 58,8 persen, Magister: 5,9 persen.;Menurut golongan pegawai, proporsi PNS yang bekerja di kantor pemerintah kecamatan pada Kecamatan Cisata adalah sebagai berikut: golongan II: 17,6 persen, golongan III: 76,5 persen, golongan IV: 5,9 persen.;The District of Cisata as a whole has 58 Rukun Warga (RW). The village with the largest number of RW's  was Pasireurih which has 11 units, while the lowest was from Palembang, Rawasari, Cisereh dan Kaduronyok with 5 RW's. Furthermore, the total number of all Rukun Tetangga (RT) within the Cisata District 177 unit. The village with the highest number of RT's  was Pasireurih which had 32 units, while the lowest comes from Palembang with 12 RT's;There are 17 civil servants working in the government office in Cisata District, consisting of 15 male  and 2 female employees. All of those civil servants work at the Government Office of Cisata District .;Broken down by educational attainment, the proportion of civil servants (PNS) working in the District government office of in Cisata District are as follows: Senior High School is 35.3 percent, Bachelor's Degree is 58.8 percent, Master's Degree is 5.9 percent.;According to rank/group of employees, the proportion of civil servants (PNS) working in the District government office of in Cisata District are as follows: group II is 17.6 percent, group III is 76.5 percent, group IV is 5.9 percent.;6;7;5;6;6;11;6;7;6;;;;;;;60;23;25;15;27;15;32;18;14;14;;;;;;;183;Kecamatan Cisata/;Desa Kondangjaya/;Desa Kubangkondang/;Desa Cisereh/;Desa Cibarani/;Desa Rawasari/;Desa Pasireurih/;Desa Kaduronyok/;Desa Ciherangjaya/;Desa Palembang/;;;;;;;District of Cisata;Village of Kondangjaya;Village of Kubangkondang;Village of Cisereh;Village of Cibarani;Village of Rawasari;Village of Pasireurih;Village of Kaduronyok;Village of Ciherangjaya;Village of Palembang;;;;;;;13;–;–;–;–;–;–;–;–;–;;;;;;;13;1;–;–;–;–;–;–;–;–;–;;;;;;;1;14;–;–;–;–;–;–;–;–;–;;;;;;;14;–;–;5;–;–;–;–;7;1;–;13;–;–;–;–;–;–;–;1;–;–;1;–;–;5;–;–;–;–;8;1;–;14;–;3;10;–;13;–;–;1;–;1;–;3;11;–;14
110;Pagelaran;13;Desa;Village;Pagelaran;Tegalpapak;Margagiri;Bama;Pagelaran;Sukadame;Bulagor;Surakarta;Harapankarya;Montor;Kartasana;Senangsari;Sindanglaya;Margasana;;;PAGELARAN;D:\KCDA\2025\110\Bab2.PNG;D:\KCDA\2025\110\G021.png;D:\KCDA\2025\110\G022.png;Kecamatan Pagelaran secara keseluruhan memiliki 72 RW. Desa dengan jumlah RW terbanyak adalah Bama, Pagelaran, Sukadame dan Tegalpapak masing–masing 8 unit, sementara paling sedikit berasal dari Senangsari dan Kartasana dengan 3 RW. Jumlah seluruh RT dalam Kecamatan Pagelaran adalah 237 unit. Selanjutnya, desa dengan jumlah RT paling banyak adalah Montor yaitu 26 unit, sementara paling sedikit berasal dari Kartasana dengan 12 RT. ;PNS yang bekerja di kantor pemerintah pada Kecamatan Pagelaran berjumlah 14 orang, terdiri dari 12 pegawai laki–laki dan 2 pegawai perempuan.  Seluruh PNS tersebut bekerja di Kantor Pemerintah Kecamatan Pagelaran.;Dirinci menurut jenjang pendidikan yang ditamatkan, proporsi PNS yang bekerja di kantor pemerintah kecamatan pada Kecamatan Pagelaran adalah sebagai berikut: SMA: 21,4 persen, Sarjana: 64,3 persen, Magister: 14,3 persen.;Menurut golongan pegawai, proporsi PNS yang bekerja di kantor pemerintah kecamatan pada Kecamatan Pagelaran adalah sebagai berikut: golongan II: 14,3 persen, golongan III: 71,4 persen, golongan IV: 14,3 persen.;The District of Pagelaran as a whole has 72 Rukun Warga (RW). The village with the largest number of RW's  were Bama, Pagelaran, Sukadame and Tegalpapak each has 8 units, while the lowest was from Senangsari dan Kartasana with 3 RW's. Furthermore, the total number of all Rukun Tetangga (RT) within the Pagelaran District 237 unit. The village with the highest number of RT's  was Montor which had 26 units, while the lowest comes from Kartasana with 12 RT's;There are 14 civil servants working in the government office in Pagelaran District, consisting of 12 male  and 2 female employees. All of those civil servants work at the Government Office of Pagelaran District .;Broken down by educational attainment, the proportion of civil servants (PNS) working in the District government office of in Pagelaran District are as follows: Senior High School is 21.4 percent, Bachelor's Degree is 64.3 percent, Master's Degree is 14.3 percent.;According to rank/group of employees, the proportion of civil servants (PNS) working in the District government office of in Pagelaran District are as follows: group II is 14.3 percent, group III is 71.4 percent, group IV is 14.3 percent.;7;5;8;8;8;5;4;4;6;3;3;6;5;;;72;16;23;24;24;18;18;14;13;26;12;15;16;19;;;238;Kecamatan Pagelaran/;Desa Tegalpapak/;Desa Margagiri/;Desa Bama/;Desa Pagelaran/;Desa Sukadame/;Desa Bulagor/;Desa Surakarta/;Desa Harapankarya/;Desa Montor/;Desa Kartasana/;Desa Senangsari/;Desa Sindanglaya/;Desa Margasana/;;;District of Pagelaran;Village of Tegalpapak;Village of Margagiri;Village of Bama;Village of Pagelaran;Village of Sukadame;Village of Bulagor;Village of Surakarta;Village of Harapankarya;Village of Montor;Village of Kartasana;Village of Senangsari;Village of Sindanglaya;Village of Margasana;;;12;–;–;–;–;–;–;–;–;–;–;–;–;–;;;12;2;–;–;–;–;–;–;–;–;–;–;–;–;–;;;2;14;–;–;–;–;–;–;–;–;–;–;–;–;–;;;14;–;–;3;–;–;–;–;7;2;–;12;–;–;–;–;–;–;–;2;–;–;2;–;–;3;–;–;–;–;9;2;–;14;–;2;8;2;12;–;–;2;–;2;–;2;10;2;14
111;Patia;10;Desa;Village;Patia;Turus;Pasirgadung;Patia;Babakankeusik;Cimoyan;Idaman;Ciawi;Surianeun;Rahayu;Simpangtiga;;;;;;PATIA;D:\KCDA\2025\111\Bab2.PNG;D:\KCDA\2025\111\G021.png;D:\KCDA\2025\111\G022.png;Kecamatan Patia secara keseluruhan memiliki 49 RW. Desa dengan jumlah RW terbanyak adalah Pasirgadung yaitu 8 unit, sementara paling sedikit berasal dari Ciawi dengan 3 RW. Jumlah seluruh RT dalam Kecamatan Patia adalah 175 unit. Selanjutnya, desa dengan jumlah RT paling banyak adalah Surianeun yaitu 25 unit, sementara paling sedikit berasal dari Rahayu dengan 11 RT. ;PNS yang bekerja di kantor pemerintah pada Kecamatan Patia berjumlah 12 orang, terdiri dari 11 pegawai laki–laki dan 1 pegawai perempuan.  Seluruh PNS tersebut bekerja di Kantor Pemerintah Kecamatan Patia.;Dirinci menurut jenjang pendidikan yang ditamatkan, proporsi PNS yang bekerja di kantor pemerintah kecamatan pada Kecamatan Patia adalah sebagai berikut: SMA: 33,3 persen, Sarjana: 58,3 persen, Magister: 8,3 persen.;Menurut golongan pegawai, proporsi PNS yang bekerja di kantor pemerintah kecamatan pada Kecamatan Patia adalah sebagai berikut: golongan II: 25,0 persen, golongan III: 58,3 persen, golongan IV: 16,7 persen.;The District of Patia as a whole has 49 Rukun Warga (RW). The village with the largest number of RW's  was Pasirgadung which has 8 units, while the lowest was from Ciawi with 3 RW's. Furthermore, the total number of all Rukun Tetangga (RT) within the Patia District 175 unit. The village with the highest number of RT's  was Surianeun which had 25 units, while the lowest comes from Rahayu with 11 RT's;There are 12 civil servants working in the government office in Patia District, consisting of 11 male  and only 1 female employees. All of those civil servants work at the Government Office of Patia District .;Broken down by educational attainment, the proportion of civil servants (PNS) working in the District government office of in Patia District are as follows: Senior High School is 33.3 percent, Bachelor's Degree is 58.3 percent, Master's Degree is 8.3 percent.;According to rank/group of employees, the proportion of civil servants (PNS) working in the District government office of in Patia District are as follows: group II is 25.0 percent, group III is 58.3 percent, group IV is 16.7 percent.;6;7;6;6;8;4;6;6;4;5;;;;;;58;17;17;24;20;19;15;18;25;12;14;;;;;;181;Kecamatan Patia/;Desa Turus/;Desa Pasirgadung/;Desa Patia/;Desa Babakankeusik/;Desa Cimoyan/;Desa Idaman/;Desa Ciawi/;Desa Surianeun/;Desa Rahayu/;Desa Simpangtiga/;;;;;;District of Patia;Village of Turus;Village of Pasirgadung;Village of Patia;Village of Babakankeusik;Village of Cimoyan;Village of Idaman;Village of Ciawi;Village of Surianeun;Village of Rahayu;Village of Simpangtiga;;;;;;8;–;–;–;–;–;–;–;–;–;–;;;;;;8;1;–;–;–;–;–;–;–;–;–;–;;;;;;1;9;–;–;–;–;–;–;–;–;–;–;;;;;;9;–;–;3;–;–;–;–;4;1;–;8;–;–;–;–;–;–;–;1;–;–;1;–;–;3;–;–;–;–;5;1;–;9;–;3;4;1;8;–;–;1;–;1;–;3;5;1;9
112;Sukaresmi;10;Desa;Village;Sukaresmi;Seuseupan;Karyasari;Pasirkadu;Perdana;Sukaresmi;Kubangkampil;Sidamukti;Cibungur;Weru;Cikuya;;;;;;SUKARESMI;D:\KCDA\2025\112\Bab2.PNG;D:\KCDA\2025\112\G021.png;D:\KCDA\2025\112\G022.png;Kecamatan Sukaresmi secara keseluruhan memiliki 59 RW. Desa dengan jumlah RW terbanyak adalah Pasirkadu yaitu 12 unit, sementara paling sedikit berasal dari Perdana dengan 3 RW. Jumlah seluruh RT dalam Kecamatan Sukaresmi adalah 184 unit. Selanjutnya, desa dengan jumlah RT paling banyak adalah Pasirkadu yaitu 27 unit, sementara paling sedikit berasal dari Seuseupan dengan 10 RT. ;PNS yang bekerja di kantor pemerintah pada Kecamatan Sukaresmi berjumlah 14 orang, terdiri dari 13 pegawai laki–laki dan 1 pegawai perempuan.  Seluruh PNS tersebut bekerja di Kantor Pemerintah Kecamatan Sukaresmi.;Dirinci menurut jenjang pendidikan yang ditamatkan, proporsi PNS yang bekerja di kantor pemerintah kecamatan pada Kecamatan Sukaresmi adalah sebagai berikut: SMA: 35,7 persen, D–III: 14,3 persen, Sarjana: 42,9 persen, Magister: 7,1 persen.;Menurut golongan pegawai, proporsi PNS yang bekerja di kantor pemerintah kecamatan pada Kecamatan Sukaresmi adalah sebagai berikut: golongan II: 28,6 persen, golongan III: 71,4 persen.;The District of Sukaresmi as a whole has 59 Rukun Warga (RW). The village with the largest number of RW's  was Pasirkadu which has 12 units, while the lowest was from Perdana with 3 RW's. Furthermore, the total number of all Rukun Tetangga (RT) within the Sukaresmi District 184 unit. The village with the highest number of RT's  was Pasirkadu which had 27 units, while the lowest comes from Seuseupan with 10 RT's;There are 14 civil servants working in the government office in Sukaresmi District, consisting of 13 male  and only 1 female employees. All of those civil servants work at the Government Office of Sukaresmi District .;Broken down by educational attainment, the proportion of civil servants (PNS) working in the District government office of in Sukaresmi District are as follows: Senior High School is 35.7 percent, Diploma III is 14.3 percent, Bachelor's Degree is 42.9 percent, Master's Degree is 7.1 percent.;According to rank/group of employees, the proportion of civil servants (PNS) working in the District government office of in Sukaresmi District are as follows: group II is 28.6 percent, group III is 71.4 percent.;4;5;12;3;6;6;7;6;3;6;;;;;;58;10;12;27;12;20;14;26;23;12;21;;;;;;177;Kecamatan Sukaresmi/;Desa Seuseupan/;Desa Karyasari/;Desa Pasirkadu/;Desa Perdana/;Desa Sukaresmi/;Desa Kubangkampil/;Desa Sidamukti/;Desa Cibungur/;Desa Weru/;Desa Cikuya/;;;;;;District of Sukaresmi;Village of Seuseupan;Village of Karyasari;Village of Pasirkadu;Village of Perdana;Village of Sukaresmi;Village of Kubangkampil;Village of Sidamukti;Village of Cibungur;Village of Weru;Village of Cikuya;;;;;;12;–;–;–;–;–;–;–;–;–;–;;;;;;12;1;–;–;–;–;–;–;–;–;–;–;;;;;;1;13;–;–;–;–;–;–;–;–;–;–;;;;;;13;–;–;4;–;–;2;–;5;1;–;12;–;–;1;–;–;–;–;–;–;–;1;–;–;5;–;–;2;–;5;1;–;13;–;3;9;–;12;–;–;1;–;1;–;3;10;–;13
120;Labuan;9;Desa;Village;Labuan;Cigondang;Sukamaju;Rancateureup;Kalanganyar;Labuan;Teluk;Banyumekar;Banyubiru;Caringin;;;;;;;LABUAN;D:\KCDA\2025\120\Bab2.PNG;D:\KCDA\2025\120\G021.png;D:\KCDA\2025\120\G022.png;Kecamatan Labuan secara keseluruhan memiliki 72 RW. Desa dengan jumlah RW terbanyak adalah Labuan yaitu 14 unit, sementara paling sedikit berasal dari Rancateureup dengan 3 RW. Jumlah seluruh RT dalam Kecamatan Labuan adalah 239 unit. Selanjutnya, desa dengan jumlah RT paling banyak adalah Labuan yaitu 53 unit, sementara paling sedikit berasal dari Banyumekar dengan 12 RT. ;PNS yang bekerja di kantor pemerintah pada Kecamatan Labuan berjumlah 16 orang, terdiri dari 11 pegawai laki–laki dan 5 pegawai perempuan.  Seluruh PNS tersebut bekerja di Kantor Pemerintah Kecamatan Labuan.;Dirinci menurut jenjang pendidikan yang ditamatkan, proporsi PNS yang bekerja di kantor pemerintah kecamatan pada Kecamatan Labuan adalah sebagai berikut: SMP: 6,3 persen, SMA: 31,3 persen, D–IV: 6,3 persen, Sarjana: 56,3 persen.;Menurut golongan pegawai, proporsi PNS yang bekerja di kantor pemerintah kecamatan pada Kecamatan Labuan adalah sebagai berikut: golongan II: 37,5 persen, golongan III: 56,3 persen, golongan IV: 6,3 persen.;The District of Labuan as a whole has 72 Rukun Warga (RW). The village with the largest number of RW's  was Labuan which has 14 units, while the lowest was from Rancateureup with 3 RW's. Furthermore, the total number of all Rukun Tetangga (RT) within the Labuan District 239 unit. The village with the highest number of RT's  was Labuan which had 53 units, while the lowest comes from Banyumekar with 12 RT's;There are 16 civil servants working in the government office in Labuan District, consisting of 11 male  and 5 female employees. All of those civil servants work at the Government Office of Labuan District .;Broken down by educational attainment, the proportion of civil servants (PNS) working in the District government office of in Labuan District are as follows: Junior High School is 6.3 percent, Senior High School is 31.3 percent, Diploma IV is 6.3 percent, Bachelor's Degree is 56.3 percent.;According to rank/group of employees, the proportion of civil servants (PNS) working in the District government office of in Labuan District are as follows: group II is 37.5 percent, group III is 56.3 percent, group IV is 6.3 percent.;9;7;3;10;14;13;4;6;6;;;;;;;72;39;17;15;29;57;33;12;19;22;;;;;;;243;Kecamatan Labuan/;Desa Cigondang/;Desa Sukamaju/;Desa Rancateureup/;Desa Kalanganyar/;Desa Labuan/;Desa Teluk/;Desa Banyumekar/;Desa Banyubiru/;Desa Caringin/;;;;;;;District of Labuan;Village of Cigondang;Village of Sukamaju;Village of Rancateureup;Village of Kalanganyar;Village of Labuan;Village of Teluk;Village of Banyumekar;Village of Banyubiru;Village of Caringin;;;;;;;11;–;–;–;–;–;–;–;–;–;;;;;;;11;5;–;–;–;–;–;–;–;–;–;;;;;;;5;16;–;–;–;–;–;–;–;–;–;;;;;;;16;–;1;4;–;–;–;1;5;–;–;11;–;–;1;–;–;–;–;4;–;–;5;–;1;5;–;–;–;1;9;–;–;16;–;4;6;1;11;–;1;4;–;5;–;5;10;1;16
121;Carita;10;Desa;Village;Carita;Pejamben;Banjarmasin;Tembong;Sindanglaut;Carita;Sukajadi;Sukarame;Sukanagara;Kawoyang;Cinoyong;;;;;;CARITA;D:\KCDA\2025\121\Bab2.PNG;D:\KCDA\2025\121\G021.png;D:\KCDA\2025\121\G022.png;Kecamatan Carita secara keseluruhan memiliki 63 RW. Desa dengan jumlah RW terbanyak adalah Pejamben, Banjarmasin, Kawoyang dan Sindanglaut masing–masing 8 unit, sementara paling sedikit berasal dari Tembong dengan 4 RW. Jumlah seluruh RT dalam Kecamatan Carita adalah 182 unit. Selanjutnya, desa dengan jumlah RT paling banyak adalah Sindanglaut, Sukajadi, Sukanagara dan Sukarame masing–masing 22 unit, sementara paling sedikit berasal dari Tembong dengan 10 RT. ;PNS yang bekerja di kantor pemerintah pada Kecamatan Carita berjumlah 19 orang, terdiri dari 17 pegawai laki–laki dan 2 pegawai perempuan.  Seluruh PNS tersebut bekerja di Kantor Pemerintah Kecamatan Carita.;Dirinci menurut jenjang pendidikan yang ditamatkan, proporsi PNS yang bekerja di kantor pemerintah kecamatan pada Kecamatan Carita adalah sebagai berikut: SMP: 5,3 persen, SMA: 31,6 persen, Sarjana: 57,9 persen, Magister: 5,3 persen.;Menurut golongan pegawai, proporsi PNS yang bekerja di kantor pemerintah kecamatan pada Kecamatan Carita adalah sebagai berikut: golongan II: 26,3 persen, golongan III: 68,4 persen, golongan IV: 5,3 persen.;The District of Carita as a whole has 63 Rukun Warga (RW). The village with the largest number of RW's  were Pejamben, Banjarmasin, Kawoyang and Sindanglaut each has 8 units, while the lowest was from Tembong with 4 RW's. Furthermore, the total number of all Rukun Tetangga (RT) within the Carita District 182 unit. The village with the highest number of RT's  were Sindanglaut, Sukajadi, Sukanagara and Sukarame each had 22 units, while the lowest comes from Tembong with 10 RT's;There are 19 civil servants working in the government office in Carita District, consisting of 17 male  and 2 female employees. All of those civil servants work at the Government Office of Carita District .;Broken down by educational attainment, the proportion of civil servants (PNS) working in the District government office of in Carita District are as follows: Junior High School is 5.3 percent, Senior High School is 31.6 percent, Bachelor's Degree is 57.9 percent, Master's Degree is 5.3 percent.;According to rank/group of employees, the proportion of civil servants (PNS) working in the District government office of in Carita District are as follows: group II is 26.3 percent, group III is 68.4 percent, group IV is 5.3 percent.;8;8;4;6;6;6;5;6;6;6;;;;;;67;19;19;10;22;18;21;21;22;16;14;;;;;;182;Kecamatan Carita/;Desa Pejamben/;Desa Banjarmasin/;Desa Tembong/;Desa Sindanglaut/;Desa Carita/;Desa Sukajadi/;Desa Sukarame/;Desa Sukanagara/;Desa Kawoyang/;Desa Cinoyong/;;;;;;District of Carita;Village of Pejamben;Village of Banjarmasin;Village of Tembong;Village of Sindanglaut;Village of Carita;Village of Sukajadi;Village of Sukarame;Village of Sukanagara;Village of Kawoyang;Village of Cinoyong;;;;;;16;–;–;–;–;–;–;–;–;–;–;;;;;;16;1;–;–;–;–;–;–;–;–;–;–;;;;;;1;17;–;–;–;–;–;–;–;–;–;–;;;;;;17;–;–;6;–;–;–;–;9;1;–;16;–;–;–;–;–;–;–;1;–;–;1;–;–;6;–;–;–;–;10;1;–;17;–;3;12;1;16;–;–;1;–;1;–;3;13;1;17
130;Jiput;13;Desa;Village;Jiput;Banyuresmi;Salapraya;Pamarayan;Sampangbitung;Jiput;Sukacai;Tenjolahang;Babadsari;Janaka;Sukamanah;Sikulan;Citaman;Jayamekar;;;JIPUT;D:\KCDA\2025\130\Bab2.PNG;D:\KCDA\2025\130\G021.png;D:\KCDA\2025\130\G022.png;Kecamatan Jiput secara keseluruhan memiliki 87 RW. Desa dengan jumlah RW terbanyak adalah Jiput yaitu 10 unit, sementara paling sedikit berasal dari Babadsari, Tenjolahang, Sampangbitung dan Jayamekar dengan 4 RW. Jumlah seluruh RT dalam Kecamatan Jiput adalah 204 unit. Selanjutnya, desa dengan jumlah RT paling banyak adalah Janaka yaitu 23 unit, sementara paling sedikit berasal dari Babadsari dengan 8 RT. ;PNS yang bekerja di kantor pemerintah pada Kecamatan Jiput berjumlah 23 orang, terdiri dari 18 pegawai laki–laki dan 5 pegawai perempuan.  Seluruh PNS tersebut bekerja di Kantor Pemerintah Kecamatan Jiput.;Dirinci menurut jenjang pendidikan yang ditamatkan, proporsi PNS yang bekerja di kantor pemerintah kecamatan pada Kecamatan Jiput adalah sebagai berikut: SMA: 43,5 persen, Sarjana: 47,8 persen, Magister: 8,7 persen.;Menurut golongan pegawai, proporsi PNS yang bekerja di kantor pemerintah kecamatan pada Kecamatan Jiput adalah sebagai berikut: golongan II: 21,7 persen, golongan III: 69,6 persen, golongan IV: 8,7 persen.;The District of Jiput as a whole has 87 Rukun Warga (RW). The village with the largest number of RW's  was Jiput which has 10 units, while the lowest was from Babadsari, Tenjolahang, Sampangbitung dan Jayamekar with 4 RW's. Furthermore, the total number of all Rukun Tetangga (RT) within the Jiput District 204 unit. The village with the highest number of RT's  was Janaka which had 23 units, while the lowest comes from Babadsari with 8 RT's;There are 23 civil servants working in the government office in Jiput District, consisting of 18 male  and 5 female employees. All of those civil servants work at the Government Office of Jiput District .;Broken down by educational attainment, the proportion of civil servants (PNS) working in the District government office of in Jiput District are as follows: Senior High School is 43.5 percent, Bachelor's Degree is 47.8 percent, Master's Degree is 8.7 percent.;According to rank/group of employees, the proportion of civil servants (PNS) working in the District government office of in Jiput District are as follows: group II is 21.7 percent, group III is 69.6 percent, group IV is 8.7 percent.;7;7;8;4;10;7;5;4;9;8;9;5;5;;;88;17;16;17;12;22;15;10;8;23;20;19;12;13;;;204;Kecamatan Jiput/;Desa Banyuresmi/;Desa Salapraya/;Desa Pamarayan/;Desa Sampangbitung/;Desa Jiput/;Desa Sukacai/;Desa Tenjolahang/;Desa Babadsari/;Desa Janaka/;Desa Sukamanah/;Desa Sikulan/;Desa Citaman/;Desa Jayamekar/;;;District of Jiput;Village of Banyuresmi;Village of Salapraya;Village of Pamarayan;Village of Sampangbitung;Village of Jiput;Village of Sukacai;Village of Tenjolahang;Village of Babadsari;Village of Janaka;Village of Sukamanah;Village of Sikulan;Village of Citaman;Village of Jayamekar;;;17;–;–;–;–;–;–;–;–;–;–;–;–;–;;;17;4;–;–;–;–;–;–;–;–;–;–;–;–;–;;;4;21;–;–;–;–;–;–;–;–;–;–;–;–;–;;;21;–;–;8;–;–;–;–;9;–;–;17;–;–;1;–;–;–;–;2;1;–;4;–;–;9;–;–;–;–;11;1;–;21;–;1;15;1;17;–;–;4;–;4;–;1;19;1;21
131;Cikedal;10;Desa;Village;Cikedal;Karyautama;Tegal;Cipicung;Karyasari;Dahu;Babakanlor;Mekarjaya;Padahayu;Bangkuyung;Cening;;;;;;CIKEDAL;D:\KCDA\2025\131\Bab2.PNG;D:\KCDA\2025\131\G021.png;D:\KCDA\2025\131\G022.png;Kecamatan Cikedal secara keseluruhan memiliki 66 RW. Desa dengan jumlah RW terbanyak adalah Karyasari yaitu 9 unit, sementara paling sedikit berasal dari Padahayu, Dahu, Tegal dan Karyautama dengan 5 RW. Jumlah seluruh RT dalam Kecamatan Cikedal adalah 193 unit. Selanjutnya, desa dengan jumlah RT paling banyak adalah Babakanlor yaitu 33 unit, sementara paling sedikit berasal dari Karyautama dengan 15 RT. ;PNS yang bekerja di kantor pemerintah pada Kecamatan Cikedal berjumlah 12 orang, terdiri dari 9 pegawai laki–laki dan 3 pegawai perempuan.  Seluruh PNS tersebut bekerja di Kantor Pemerintah Kecamatan Cikedal.;Dirinci menurut jenjang pendidikan yang ditamatkan, proporsi PNS yang bekerja di kantor pemerintah kecamatan pada Kecamatan Cikedal adalah sebagai berikut: Sekolah Dasar: 8,3 persen, SMA: 33,3 persen, D–II: 8,3 persen, D–III: 8,3 persen, Sarjana: 41,7 persen.;Menurut golongan pegawai, proporsi PNS yang bekerja di kantor pemerintah kecamatan pada Kecamatan Cikedal adalah sebagai berikut: golongan I: 8,3 persen, golongan II: 41,7 persen, golongan III: 41,7 persen, golongan IV: 8,3 persen.;The District of Cikedal as a whole has 66 Rukun Warga (RW). The village with the largest number of RW's  was Karyasari which has 9 units, while the lowest was from Padahayu, Dahu, Tegal dan Karyautama with 5 RW's. Furthermore, the total number of all Rukun Tetangga (RT) within the Cikedal District 193 unit. The village with the highest number of RT's  was Babakanlor which had 33 units, while the lowest comes from Karyautama with 15 RT's;There are 12 civil servants working in the government office in Cikedal District, consisting of 9 male  and 3 female employees. All of those civil servants work at the Government Office of Cikedal District .;Broken down by educational attainment, the proportion of civil servants (PNS) working in the District government office of in Cikedal District are as follows: Elementary School is 8.3 percent, Senior High School is 33.3 percent, Diploma II is 8.3 percent, Diploma III is 8.3 percent, Bachelor's Degree is 41.7 percent.;According to rank/group of employees, the proportion of civil servants (PNS) working in the District government office of in Cikedal District are as follows: group I is 8.3 percent, group II is 41.7 percent, group III is 41.7 percent, group IV is 8.3 percent.;6;5;9;9;5;7;6;6;4;7;;;;;;64;15;16;23;23;17;33;16;18;16;17;;;;;;194;Kecamatan Cikedal/;Desa Karyautama/;Desa Tegal/;Desa Cipicung/;Desa Karyasari/;Desa Dahu/;Desa Babakanlor/;Desa Mekarjaya/;Desa Padahayu/;Desa Bangkuyung/;Desa Cening/;;;;;;District of Cikedal;Village of Karyautama;Village of Tegal;Village of Cipicung;Village of Karyasari;Village of Dahu;Village of Babakanlor;Village of Mekarjaya;Village of Padahayu;Village of Bangkuyung;Village of Cening;;;;;;8;–;–;–;–;–;–;–;–;–;–;;;;;;8;4;–;–;–;–;–;–;–;–;–;–;;;;;;4;12;–;–;–;–;–;–;–;–;–;–;;;;;;12;1;–;2;–;1;–;–;3;1;–;8;–;–;1;–;–;1;–;2;–;–;4;1;–;3;–;1;1;–;5;1;–;12;1;3;2;2;8;–;1;3;–;4;1;4;5;2;12
140;Menes;12;Desa;Village;Menes;Alaswangi;Tegalwangi;Menes;Kananga;Cilabanbulan;Sindangkarya;Cigandeng;Purwaraja;Muruy;Kadupayung;Sukamanah;Ramaya;;;;MENES;D:\KCDA\2025\140\Bab2.PNG;D:\KCDA\2025\140\G021.png;D:\KCDA\2025\140\G022.png;Kecamatan Menes secara keseluruhan memiliki 74 RW. Desa dengan jumlah RW terbanyak adalah Purwaraja yaitu 12 unit, sementara paling sedikit berasal dari Kadupayung, Cilabanbulan, Alaswangi dan Kananga dengan 4 RW. Jumlah seluruh RT dalam Kecamatan Menes adalah 179 unit. Selanjutnya, desa dengan jumlah RT paling banyak adalah Menes yaitu 34 unit, sementara paling sedikit berasal dari Kadupayung dengan 4 RT. ;PNS yang bekerja di kantor pemerintah pada Kecamatan Menes berjumlah 17 orang, terdiri dari 12 pegawai laki–laki dan 5 pegawai perempuan.  Seluruh PNS tersebut bekerja di Kantor Pemerintah Kecamatan Menes.;Dirinci menurut jenjang pendidikan yang ditamatkan, proporsi PNS yang bekerja di kantor pemerintah kecamatan pada Kecamatan Menes adalah sebagai berikut: Sekolah Dasar: 5,9 persen, SMA: 35,3 persen, D–IV: 5,9 persen, Sarjana: 47,1 persen, Magister: 5,9 persen.;Menurut golongan pegawai, proporsi PNS yang bekerja di kantor pemerintah kecamatan pada Kecamatan Menes adalah sebagai berikut: golongan II: 29,4 persen, golongan III: 58,8 persen, golongan IV: 11,8 persen.;The District of Menes as a whole has 74 Rukun Warga (RW). The village with the largest number of RW's  was Purwaraja which has 12 units, while the lowest was from Kadupayung, Cilabanbulan, Alaswangi dan Kananga with 4 RW's. Furthermore, the total number of all Rukun Tetangga (RT) within the Menes District 179 unit. The village with the highest number of RT's  was Menes which had 34 units, while the lowest comes from Kadupayung with 4 RT's;There are 17 civil servants working in the government office in Menes District, consisting of 12 male  and 5 female employees. All of those civil servants work at the Government Office of Menes District .;Broken down by educational attainment, the proportion of civil servants (PNS) working in the District government office of in Menes District are as follows: Elementary School is 5.9 percent, Senior High School is 35.3 percent, Diploma IV is 5.9 percent, Bachelor's Degree is 47.1 percent, Master's Degree is 5.9 percent.;According to rank/group of employees, the proportion of civil servants (PNS) working in the District government office of in Menes District are as follows: group II is 29.4 percent, group III is 58.8 percent, group IV is 11.8 percent.;6;7;10;6;4;6;6;13;6;4;6;6;;;;80;18;15;37;12;13;15;13;31;14;11;20;12;;;;211;Kecamatan Menes/;Desa Alaswangi/;Desa Tegalwangi/;Desa Menes/;Desa Kananga/;Desa Cilabanbulan/;Desa Sindangkarya/;Desa Cigandeng/;Desa Purwaraja/;Desa Muruy/;Desa Kadupayung/;Desa Sukamanah/;Desa Ramaya/;;;;District of Menes;Village of Alaswangi;Village of Tegalwangi;Village of Menes;Village of Kananga;Village of Cilabanbulan;Village of Sindangkarya;Village of Cigandeng;Village of Purwaraja;Village of Muruy;Village of Kadupayung;Village of Sukamanah;Village of Ramaya;;;;11;–;–;–;–;–;–;–;–;–;–;–;–;;;;11;5;–;–;–;–;–;–;–;–;–;–;–;–;;;;5;16;–;–;–;–;–;–;–;–;–;–;–;–;;;;16;–;1;5;–;–;–;–;4;1;–;11;–;–;–;–;–;–;1;4;–;–;5;–;1;5;–;–;–;1;8;1;–;16;–;4;5;2;11;–;–;5;–;5;–;4;10;2;16
141;Pulosari;9;Desa;Village;Pulosari;Banjarnegara;Kaduhejo;Koranji;Sanghiangdengdek;Cilentung;Karyawangi;Banjarwangi;Sukasari;Sukaraja;;;;;;;PULOSARI;D:\KCDA\2025\141\Bab2.PNG;D:\KCDA\2025\141\G021.png;D:\KCDA\2025\141\G022.png;Kecamatan Pulosari secara keseluruhan memiliki 59 RW. Desa dengan jumlah RW terbanyak adalah Sukasari dan Sukaraja masing–masing 8 unit, sementara paling sedikit berasal dari Kaduhejo dengan 4 RW. Jumlah seluruh RT dalam Kecamatan Pulosari adalah 159 unit. Selanjutnya, desa dengan jumlah RT paling banyak adalah Koranji yaitu 22 unit, sementara paling sedikit berasal dari Sanghiangdengdek dengan 13 RT. ;PNS yang bekerja di kantor pemerintah pada Kecamatan Pulosari berjumlah 13 orang, terdiri dari 13 pegawai laki–laki dan – pegawai perempuan.  Seluruh PNS tersebut bekerja di Kantor Pemerintah Kecamatan Pulosari.;Dirinci menurut jenjang pendidikan yang ditamatkan, proporsi PNS yang bekerja di kantor pemerintah kecamatan pada Kecamatan Pulosari adalah sebagai berikut: SMA: 38,5 persen, Sarjana: 53,8 persen, Magister: 7,7 persen.;Menurut golongan pegawai, proporsi PNS yang bekerja di kantor pemerintah kecamatan pada Kecamatan Pulosari adalah sebagai berikut: golongan II: 38,5 persen, golongan III: 53,8 persen, golongan IV: 7,7 persen.;The District of Pulosari as a whole has 59 Rukun Warga (RW). The village with the largest number of RW's  were Sukasari and Sukaraja each has 8 units, while the lowest was from Kaduhejo with 4 RW's. Furthermore, the total number of all Rukun Tetangga (RT) within the Pulosari District 159 unit. The village with the highest number of RT's  was Koranji which had 22 units, while the lowest comes from Sanghiangdengdek with 13 RT's;There are 13 civil servants working in the government office in Pulosari District, consisting of 13 male  and – female employees. All of those civil servants work at the Government Office of Pulosari District .;Broken down by educational attainment, the proportion of civil servants (PNS) working in the District government office of in Pulosari District are as follows: Senior High School is 38.5 percent, Bachelor's Degree is 53.8 percent, Master's Degree is 7.7 percent.;According to rank/group of employees, the proportion of civil servants (PNS) working in the District government office of in Pulosari District are as follows: group II is 38.5 percent, group III is 53.8 percent, group IV is 7.7 percent.;7;4;6;6;7;7;6;8;8;;;;;;;59;14;15;22;13;16;19;20;20;20;;;;;;;159;Kecamatan Pulosari/;Desa Banjarnegara/;Desa Kaduhejo/;Desa Koranji/;Desa Sanghiangdengdek/;Desa Cilentung/;Desa Karyawangi/;Desa Banjarwangi/;Desa Sukasari/;Desa Sukaraja/;;;;;;;District of Pulosari;Village of Banjarnegara;Village of Kaduhejo;Village of Koranji;Village of Sanghiangdengdek;Village of Cilentung;Village of Karyawangi;Village of Banjarwangi;Village of Sukasari;Village of Sukaraja;;;;;;;10;–;–;–;–;–;–;–;–;–;;;;;;;10;–;–;–;–;–;–;–;–;–;–;;;;;;;–;10;–;–;–;–;–;–;–;–;–;;;;;;;10;–;–;3;–;–;–;–;7;–;–;10;–;–;–;–;–;–;–;–;–;–;–;–;–;3;–;–;–;–;7;–;–;10;–;3;7;–;10;–;–;–;–;–;–;3;7;–;10
150;Mandalawangi;15;Desa;Village;Mandalawangi;Pandat;Cikoneng;Giripawana;Nembol;Gunungsari;Kurungkambing;Mandalasari;Mandalawangi;Pari;Sinarjaya;Sirnagalih;Curuglemo;Panjangjaya;Cikumbueun;Ramea;MANDALAWANGI;D:\KCDA\2025\150\Bab2.PNG;D:\KCDA\2025\150\G021.png;D:\KCDA\2025\150\G022.png;Kecamatan Mandalawangi secara keseluruhan memiliki 90 RW. Desa dengan jumlah RW terbanyak adalah Sinarjaya yaitu 9 unit, sementara paling sedikit berasal dari Mandalasari dan Giripawana dengan 4 RW. Jumlah seluruh RT dalam Kecamatan Mandalawangi adalah 298 unit. Selanjutnya, desa dengan jumlah RT paling banyak adalah Cikumbueun dan Ramea masing–masing 29 unit, sementara paling sedikit berasal dari Mandalasari dengan 12 RT. ;PNS yang bekerja di kantor pemerintah pada Kecamatan Mandalawangi berjumlah 20 orang, terdiri dari 16 pegawai laki–laki dan 4 pegawai perempuan.  Seluruh PNS tersebut bekerja di Kantor Pemerintah Kecamatan Mandalawangi.;Dirinci menurut jenjang pendidikan yang ditamatkan, proporsi PNS yang bekerja di kantor pemerintah kecamatan pada Kecamatan Mandalawangi adalah sebagai berikut: SMA: 20,0 persen, Sarjana: 80,0 persen.;Menurut golongan pegawai, proporsi PNS yang bekerja di kantor pemerintah kecamatan pada Kecamatan Mandalawangi adalah sebagai berikut: golongan II: 20,0 persen, golongan III: 70,0 persen, golongan IV: 10,0 persen.;The District of Mandalawangi as a whole has 90 Rukun Warga (RW). The village with the largest number of RW's  was Sinarjaya which has 9 units, while the lowest was from Mandalasari dan Giripawana with 4 RW's. Furthermore, the total number of all Rukun Tetangga (RT) within the Mandalawangi District 298 unit. The village with the highest number of RT's  were Cikumbueun and Ramea each had 29 units, while the lowest comes from Mandalasari with 12 RT's;There are 20 civil servants working in the government office in Mandalawangi District, consisting of 16 male  and 4 female employees. All of those civil servants work at the Government Office of Mandalawangi District .;Broken down by educational attainment, the proportion of civil servants (PNS) working in the District government office of in Mandalawangi District are as follows: Senior High School is 20.0 percent, Bachelor's Degree is 80.0 percent.;According to rank/group of employees, the proportion of civil servants (PNS) working in the District government office of in Mandalawangi District are as follows: group II is 20.0 percent, group III is 70.0 percent, group IV is 10.0 percent.;6;7;4;6;6;6;4;5;7;9;6;5;5;8;6;90;17;24;16;23;19;17;12;19;16;22;17;15;24;29;29;299;Kecamatan Mandalawangi/;Desa Pandat/;Desa Cikoneng/;Desa Giripawana/;Desa Nembol/;Desa Gunungsari/;Desa Kurungkambing/;Desa Mandalasari/;Desa Mandalawangi/;Desa Pari/;Desa Sinarjaya/;Desa Sirnagalih/;Desa Curuglemo/;Desa Panjangjaya/;Desa Cikumbueun/;Desa Ramea/;District of Mandalawangi;Village of Pandat;Village of Cikoneng;Village of Giripawana;Village of Nembol;Village of Gunungsari;Village of Kurungkambing;Village of Mandalasari;Village of Mandalawangi;Village of Pari;Village of Sinarjaya;Village of Sirnagalih;Village of Curuglemo;Village of Panjangjaya;Village of Cikumbueun;Village of Ramea;15;–;–;–;–;–;–;–;–;–;–;–;–;–;–;–;15;4;–;–;–;–;–;–;–;–;–;–;–;–;–;–;–;4;19;–;–;–;–;–;–;–;–;–;–;–;–;–;–;–;19;–;–;4;–;–;–;–;11;–;–;15;–;–;–;–;–;–;–;4;–;–;4;–;–;4;–;–;–;–;15;–;–;19;–;3;10;2;15;–;–;4;–;4;–;3;14;2;19
160;Cimanuk;11;Desa;Village;Cimanuk;Kadudodol;Gunungdatar;Gunungcupu;Sekong;Cimanuk;Batubantar;Rocek;Kadumadang;Dalembalar;Kupahandap;Kadubungbang;;;;;CIMANUK;D:\KCDA\2025\160\Bab2.PNG;D:\KCDA\2025\160\G021.png;D:\KCDA\2025\160\G022.png;Kecamatan Cimanuk secara keseluruhan memiliki 55 RW. Desa dengan jumlah RW terbanyak adalah Batubantar yaitu 7 unit, sementara paling sedikit berasal dari Dalembalar dan Kadumadang dengan 3 RW. Jumlah seluruh RT dalam Kecamatan Cimanuk adalah 168 unit. Selanjutnya, desa dengan jumlah RT paling banyak adalah Kadubungbang yaitu 23 unit, sementara paling sedikit berasal dari Sekong dengan 12 RT. ;PNS yang bekerja di kantor pemerintah pada Kecamatan Cimanuk berjumlah 17 orang, terdiri dari 9 pegawai laki–laki dan 8 pegawai perempuan.  Seluruh PNS tersebut bekerja di Kantor Pemerintah Kecamatan Cimanuk.;Dirinci menurut jenjang pendidikan yang ditamatkan, proporsi PNS yang bekerja di kantor pemerintah kecamatan pada Kecamatan Cimanuk adalah sebagai berikut: SMA: 35,3 persen, Sarjana: 58,8 persen, Magister: 5,9 persen.;Menurut golongan pegawai, proporsi PNS yang bekerja di kantor pemerintah kecamatan pada Kecamatan Cimanuk adalah sebagai berikut: golongan II: 35,3 persen, golongan III: 64,7 persen.;The District of Cimanuk as a whole has 55 Rukun Warga (RW). The village with the largest number of RW's  was Batubantar which has 7 units, while the lowest was from Dalembalar dan Kadumadang with 3 RW's. Furthermore, the total number of all Rukun Tetangga (RT) within the Cimanuk District 168 unit. The village with the highest number of RT's  was Kadubungbang which had 23 units, while the lowest comes from Sekong with 12 RT's;There are 17 civil servants working in the government office in Cimanuk District, consisting of 9 male  and 8 female employees. All of those civil servants work at the Government Office of Cimanuk District .;Broken down by educational attainment, the proportion of civil servants (PNS) working in the District government office of in Cimanuk District are as follows: Senior High School is 35.3 percent, Bachelor's Degree is 58.8 percent, Master's Degree is 5.9 percent.;According to rank/group of employees, the proportion of civil servants (PNS) working in the District government office of in Cimanuk District are as follows: group II is 35.3 percent, group III is 64.7 percent.;6;6;4;3;5;7;6;3;4;6;4;;;;;54;16;14;14;12;13;14;18;13;15;16;23;;;;;168;Kecamatan Cimanuk/;Desa Kadudodol/;Desa Gunungdatar/;Desa Gunungcupu/;Desa Sekong/;Desa Cimanuk/;Desa Batubantar/;Desa Rocek/;Desa Kadumadang/;Desa Dalembalar/;Desa Kupahandap/;Desa Kadubungbang/;;;;;District of Cimanuk;Village of Kadudodol;Village of Gunungdatar;Village of Gunungcupu;Village of Sekong;Village of Cimanuk;Village of Batubantar;Village of Rocek;Village of Kadumadang;Village of Dalembalar;Village of Kupahandap;Village of Kadubungbang;;;;;9;–;–;–;–;–;–;–;–;–;–;–;;;;;9;8;–;–;–;–;–;–;–;–;–;–;–;;;;;8;17;–;–;–;–;–;–;–;–;–;–;–;;;;;17;–;–;3;–;–;–;–;5;1;–;9;–;–;3;–;–;–;–;5;–;–;8;–;–;6;–;–;–;–;10;1;–;17;–;3;6;–;9;–;2;6;–;8;–;5;12;–;17
161;Cipeucang;10;Desa;Village;Cipeucang;Cikadueun;Koncang;Pasirmae;Parumasan;Kadugadung;Palanyar;Baturanjang;Kalanggunung;Curugbarang;Pasireurih;;;;;;CIPEUCANG;D:\KCDA\2025\161\Bab2.PNG;D:\KCDA\2025\161\G021.png;D:\KCDA\2025\161\G022.png;Kecamatan Cipeucang secara keseluruhan memiliki 52 RW. Desa dengan jumlah RW terbanyak adalah Parumasan yaitu 8 unit, sementara paling sedikit berasal dari Kadugadung dengan 3 RW. Jumlah seluruh RT dalam Kecamatan Cipeucang adalah 145 unit. Selanjutnya, desa dengan jumlah RT paling banyak adalah Palanyar yaitu 22 unit, sementara paling sedikit berasal dari Kalanggunung dan Cikadueun dengan 10 RT. ;PNS yang bekerja di kantor pemerintah pada Kecamatan Cipeucang berjumlah 18 orang, terdiri dari 16 pegawai laki–laki dan 2 pegawai perempuan.  Seluruh PNS tersebut bekerja di Kantor Pemerintah Kecamatan Cipeucang.;Dirinci menurut jenjang pendidikan yang ditamatkan, proporsi PNS yang bekerja di kantor pemerintah kecamatan pada Kecamatan Cipeucang adalah sebagai berikut: SMA: 44,4 persen, Sarjana: 50,0 persen, Magister: 5,6 persen.;Menurut golongan pegawai, proporsi PNS yang bekerja di kantor pemerintah kecamatan pada Kecamatan Cipeucang adalah sebagai berikut: golongan II: 27,8 persen, golongan III: 61,1 persen, golongan IV: 11,1 persen.;The District of Cipeucang as a whole has 52 Rukun Warga (RW). The village with the largest number of RW's  was Parumasan which has 8 units, while the lowest was from Kadugadung with 3 RW's. Furthermore, the total number of all Rukun Tetangga (RT) within the Cipeucang District 145 unit. The village with the highest number of RT's  was Palanyar which had 22 units, while the lowest comes from Kalanggunung dan Cikadueun with 10 RT's;There are 18 civil servants working in the government office in Cipeucang District, consisting of 16 male  and 2 female employees. All of those civil servants work at the Government Office of Cipeucang District .;Broken down by educational attainment, the proportion of civil servants (PNS) working in the District government office of in Cipeucang District are as follows: Senior High School is 44.4 percent, Bachelor's Degree is 50.0 percent, Master's Degree is 5.6 percent.;According to rank/group of employees, the proportion of civil servants (PNS) working in the District government office of in Cipeucang District are as follows: group II is 27.8 percent, group III is 61.1 percent, group IV is 11.1 percent.;5;4;6;8;3;6;4;4;6;6;;;;;;52;10;12;15;16;13;22;15;10;19;13;;;;;;145;Kecamatan Cipeucang/;Desa Cikadueun/;Desa Koncang/;Desa Pasirmae/;Desa Parumasan/;Desa Kadugadung/;Desa Palanyar/;Desa Baturanjang/;Desa Kalanggunung/;Desa Curugbarang/;Desa Pasireurih/;;;;;;District of Cipeucang;Village of Cikadueun;Village of Koncang;Village of Pasirmae;Village of Parumasan;Village of Kadugadung;Village of Palanyar;Village of Baturanjang;Village of Kalanggunung;Village of Curugbarang;Village of Pasireurih;;;;;;16;–;–;–;–;–;–;–;–;–;–;;;;;;16;2;–;–;–;–;–;–;–;–;–;–;;;;;;2;18;–;–;–;–;–;–;–;–;–;–;;;;;;18;–;–;6;–;–;–;–;9;1;–;16;–;–;–;–;–;–;–;2;–;–;2;–;–;6;–;–;–;–;11;1;–;18;–;5;9;2;16;–;–;2;–;2;–;5;11;2;18
170;Banjar;11;Desa;Village;Banjar;Cibeureum;Cibodas;Kadulimus;Bandung;Kadumaneuh;Citalahab;Pasirawi;Mogana;Kadubale;Banjar;Gunungputri;;;;;BANJAR;D:\KCDA\2025\170\Bab2.PNG;D:\KCDA\2025\170\G021.png;D:\KCDA\2025\170\G022.png;Kecamatan Banjar secara keseluruhan memiliki 62 RW. Desa dengan jumlah RW terbanyak adalah Gunungputri yaitu 10 unit, sementara paling sedikit berasal dari Bandung dengan 3 RW. Jumlah seluruh RT dalam Kecamatan Banjar adalah 165 unit. Selanjutnya, desa dengan jumlah RT paling banyak adalah Citalahab yaitu 24 unit, sementara paling sedikit berasal dari Bandung dengan 8 RT. ;PNS yang bekerja di kantor pemerintah pada Kecamatan Banjar berjumlah 16 orang, terdiri dari 14 pegawai laki–laki dan 2 pegawai perempuan.  Seluruh PNS tersebut bekerja di Kantor Pemerintah Kecamatan Banjar.;Dirinci menurut jenjang pendidikan yang ditamatkan, proporsi PNS yang bekerja di kantor pemerintah kecamatan pada Kecamatan Banjar adalah sebagai berikut: SMA: 25,0 persen, Sarjana: 62,5 persen, Magister: 12,5 persen.;Menurut golongan pegawai, proporsi PNS yang bekerja di kantor pemerintah kecamatan pada Kecamatan Banjar adalah sebagai berikut: golongan II: 25,0 persen, golongan III: 62,5 persen, golongan IV: 12,5 persen.;The District of Banjar as a whole has 62 Rukun Warga (RW). The village with the largest number of RW's  was Gunungputri which has 10 units, while the lowest was from Bandung with 3 RW's. Furthermore, the total number of all Rukun Tetangga (RT) within the Banjar District 165 unit. The village with the highest number of RT's  was Citalahab which had 24 units, while the lowest comes from Bandung with 8 RT's;There are 16 civil servants working in the government office in Banjar District, consisting of 14 male  and 2 female employees. All of those civil servants work at the Government Office of Banjar District .;Broken down by educational attainment, the proportion of civil servants (PNS) working in the District government office of in Banjar District are as follows: Senior High School is 25.0 percent, Bachelor's Degree is 62.5 percent, Master's Degree is 12.5 percent.;According to rank/group of employees, the proportion of civil servants (PNS) working in the District government office of in Banjar District are as follows: group II is 25.0 percent, group III is 62.5 percent, group IV is 12.5 percent.;5;5;8;3;4;6;5;4;6;6;10;;;;;62;13;11;17;8;16;24;11;9;15;21;20;;;;;165;Kecamatan Banjar/;Desa Cibeureum/;Desa Cibodas/;Desa Kadulimus/;Desa Bandung/;Desa Kadumaneuh/;Desa Citalahab/;Desa Pasirawi/;Desa Mogana/;Desa Kadubale/;Desa Banjar/;Desa Gunungputri/;;;;;District of Banjar;Village of Cibeureum;Village of Cibodas;Village of Kadulimus;Village of Bandung;Village of Kadumaneuh;Village of Citalahab;Village of Pasirawi;Village of Mogana;Village of Kadubale;Village of Banjar;Village of Gunungputri;;;;;15;–;–;–;–;–;–;–;–;–;–;–;;;;;15;2;–;–;–;–;–;–;–;–;–;–;–;;;;;2;17;–;–;–;–;–;–;–;–;–;–;–;;;;;17;–;–;4;–;–;–;–;8;3;–;15;–;–;–;–;–;–;–;2;–;–;2;–;–;4;–;–;–;–;10;3;–;17;–;2;11;2;15;–;–;2;–;2;–;2;13;2;17
171;Kaduhejo;10;Desa;Village;Kaduhejo;Banjarsari;Sukamanah;Palurahan;Kadugemblo;Sukasari;Mandalasari;Saninten;Bayumundu;Campaka;Ciputri;;;;;;KADUHEJO;D:\KCDA\2025\171\Bab2.PNG;D:\KCDA\2025\171\G021.png;D:\KCDA\2025\171\G022.png;Kecamatan Kaduhejo secara keseluruhan memiliki 55 RW. Desa dengan jumlah RW terbanyak adalah Sukamanah dan Saninten masing–masing 9 unit, sementara paling sedikit berasal dari Campaka dan Bayumundu dengan 3 RW. Jumlah seluruh RT dalam Kecamatan Kaduhejo adalah 187 unit. Selanjutnya, desa dengan jumlah RT paling banyak adalah Saninten yaitu 35 unit, sementara paling sedikit berasal dari Bayumundu dengan 7 RT. ;PNS yang bekerja di kantor pemerintah pada Kecamatan Kaduhejo berjumlah 16 orang, terdiri dari 13 pegawai laki–laki dan 3 pegawai perempuan.  Seluruh PNS tersebut bekerja di Kantor Pemerintah Kecamatan Kaduhejo.;Dirinci menurut jenjang pendidikan yang ditamatkan, proporsi PNS yang bekerja di kantor pemerintah kecamatan pada Kecamatan Kaduhejo adalah sebagai berikut: SMP: 6,3 persen, SMA: 25,0 persen, Sarjana: 62,5 persen, Magister: 6,3 persen.;Menurut golongan pegawai, proporsi PNS yang bekerja di kantor pemerintah kecamatan pada Kecamatan Kaduhejo adalah sebagai berikut: golongan II: 25,0 persen, golongan III: 68,8 persen, golongan IV: 6,3 persen.;The District of Kaduhejo as a whole has 55 Rukun Warga (RW). The village with the largest number of RW's  were Sukamanah and Saninten each has 9 units, while the lowest was from Campaka dan Bayumundu with 3 RW's. Furthermore, the total number of all Rukun Tetangga (RT) within the Kaduhejo District 187 unit. The village with the highest number of RT's  was Saninten which had 35 units, while the lowest comes from Bayumundu with 7 RT's;There are 16 civil servants working in the government office in Kaduhejo District, consisting of 13 male  and 3 female employees. All of those civil servants work at the Government Office of Kaduhejo District .;Broken down by educational attainment, the proportion of civil servants (PNS) working in the District government office of in Kaduhejo District are as follows: Junior High School is 6.3 percent, Senior High School is 25.0 percent, Bachelor's Degree is 62.5 percent, Master's Degree is 6.3 percent.;According to rank/group of employees, the proportion of civil servants (PNS) working in the District government office of in Kaduhejo District are as follows: group II is 25.0 percent, group III is 68.8 percent, group IV is 6.3 percent.;4;9;5;5;7;6;10;3;6;5;;;;;;60;10;22;18;13;31;20;35;7;15;20;;;;;;191;Kecamatan Kaduhejo/;Desa Banjarsari/;Desa Sukamanah/;Desa Palurahan/;Desa Kadugemblo/;Desa Sukasari/;Desa Mandalasari/;Desa Saninten/;Desa Bayumundu/;Desa Campaka/;Desa Ciputri/;;;;;;District of Kaduhejo;Village of Banjarsari;Village of Sukamanah;Village of Palurahan;Village of Kadugemblo;Village of Sukasari;Village of Mandalasari;Village of Saninten;Village of Bayumundu;Village of Campaka;Village of Ciputri;;;;;;12;–;–;–;–;–;–;–;–;–;–;;;;;;12;3;–;–;–;–;–;–;–;–;–;–;;;;;;3;15;–;–;–;–;–;–;–;–;–;–;;;;;;15;–;–;4;–;–;–;–;7;1;–;12;–;–;–;–;–;–;–;2;1;–;3;–;–;4;–;–;–;–;9;2;–;15;–;3;8;1;12;–;–;3;–;3;–;3;11;1;15
172;Mekarjaya;8;Desa;Village;Mekarjaya;Rancabugel;Wirasinga;Pareang;Kadubelang;Mekarjaya;Kadujangkung;Medong;Sukamulya;;;;;;;;MEKARJAYA;D:\KCDA\2025\172\Bab2.PNG;D:\KCDA\2025\172\G021.png;D:\KCDA\2025\172\G022.png;Kecamatan Mekarjaya secara keseluruhan memiliki 45 RW. Desa dengan jumlah RW terbanyak adalah Rancabugel, Kadujangkung, Sukamulya dan Pareang masing–masing 7 unit, sementara paling sedikit berasal dari Mekarjaya dan Wirasinga dengan 4 RW. Jumlah seluruh RT dalam Kecamatan Mekarjaya adalah 148 unit. Selanjutnya, desa dengan jumlah RT paling banyak adalah Rancabugel dan Mekarjaya masing–masing 22 unit, sementara paling sedikit berasal dari Medong dengan 12 RT. ;PNS yang bekerja di kantor pemerintah pada Kecamatan Mekarjaya berjumlah 18 orang, terdiri dari 17 pegawai laki–laki dan 1 pegawai perempuan.  Seluruh PNS tersebut bekerja di Kantor Pemerintah Kecamatan Mekarjaya.;Dirinci menurut jenjang pendidikan yang ditamatkan, proporsi PNS yang bekerja di kantor pemerintah kecamatan pada Kecamatan Mekarjaya adalah sebagai berikut: SMA: 50,0 persen, D–III: 5,6 persen, Sarjana: 44,4 persen.;Menurut golongan pegawai, proporsi PNS yang bekerja di kantor pemerintah kecamatan pada Kecamatan Mekarjaya adalah sebagai berikut: golongan II: 44,4 persen, golongan III: 50,0 persen, golongan IV: 5,6 persen.;The District of Mekarjaya as a whole has 45 Rukun Warga (RW). The village with the largest number of RW's  were Rancabugel, Kadujangkung, Sukamulya and Pareang each has 7 units, while the lowest was from Mekarjaya dan Wirasinga with 4 RW's. Furthermore, the total number of all Rukun Tetangga (RT) within the Mekarjaya District 148 unit. The village with the highest number of RT's  were Rancabugel and Mekarjaya each had 22 units, while the lowest comes from Medong with 12 RT's;There are 18 civil servants working in the government office in Mekarjaya District, consisting of 17 male  and only 1 female employees. All of those civil servants work at the Government Office of Mekarjaya District .;Broken down by educational attainment, the proportion of civil servants (PNS) working in the District government office of in Mekarjaya District are as follows: Senior High School is 50.0 percent, Diploma III is 5.6 percent, Bachelor's Degree is 44.4 percent.;According to rank/group of employees, the proportion of civil servants (PNS) working in the District government office of in Mekarjaya District are as follows: group II is 44.4 percent, group III is 50.0 percent, group IV is 5.6 percent.;2;5;6;6;4;4;6;4;;;;;;;;37;12;17;16;18;4;4;17;9;;;;;;;;97;Kecamatan Mekarjaya/;Desa Rancabugel/;Desa Wirasinga/;Desa Pareang/;Desa Kadubelang/;Desa Mekarjaya/;Desa Kadujangkung/;Desa Medong/;Desa Sukamulya/;;;;;;;;District of Mekarjaya;Village of Rancabugel;Village of Wirasinga;Village of Pareang;Village of Kadubelang;Village of Mekarjaya;Village of Kadujangkung;Village of Medong;Village of Sukamulya;;;;;;;;15;–;–;–;–;–;–;–;–;;;;;;;;15;1;–;–;–;–;–;–;–;–;;;;;;;;1;16;–;–;–;–;–;–;–;–;;;;;;;;16;–;–;7;–;–;1;–;7;–;–;15;–;–;–;–;–;–;–;1;–;–;1;–;–;7;–;–;1;–;8;–;–;16;–;5;9;1;15;–;–;1;–;1;–;5;10;1;16
180;Pandeglang;4;Kelurahan;Subdistrict;Pandeglang;Kadomas;Babakan Kalanganyar;Kabayan;Pandeglang;;;;;;;;;;;;PANDEGLANG;D:\KCDA\2025\180\Bab2.PNG;D:\KCDA\2025\180\G021.png;D:\KCDA\2025\180\G022.png;Kecamatan Pandeglang secara keseluruhan memiliki 45 RW. Kelurahan dengan jumlah RW terbanyak adalah Kabayan dan Pandeglang masing–masing 14 unit, sementara paling sedikit berasal dari Kadomas dengan 8 RW. Jumlah seluruh RT dalam Kecamatan Pandeglang adalah 179 unit. Selanjutnya, kelurahan dengan jumlah RT paling banyak adalah Pandeglang yaitu 73 unit, sementara paling sedikit berasal dari Kadomas dengan 29 RT. ;PNS yang bekerja di kantor pemerintah pada Kecamatan Pandeglang berjumlah 13 orang, terdiri dari 9 pegawai laki–laki dan 4 pegawai perempuan.  Selain bekerja di Kantor Pemerintah Kecamatan Karangtanjung, sebagian dari PNS tersebut tersebar di 4 Kantor Kemerintah Kelurahan;Dirinci menurut jenjang pendidikan yang ditamatkan, proporsi PNS yang bekerja di kantor pemerintah kecamatan pada Kecamatan Pandeglang adalah sebagai berikut: SMA: 14,3 persen, D–III: 2,9 persen, D–IV: 2,9 persen, Sarjana: 65,7 persen, Magister: 14,3 persen.;Menurut golongan pegawai, proporsi PNS yang bekerja di kantor pemerintah kecamatan pada Kecamatan Pandeglang adalah sebagai berikut: golongan II: 5,7 persen, golongan III: 88,6 persen, golongan IV: 5,7 persen.;The District of Pandeglang as a whole has 45 Rukun Warga (RW). The Subdistrict with the largest number of RW's  were Kabayan and Pandeglang each has 14 units, while the lowest was from Kadomas with 8 RW's. Furthermore, the total number of all Rukun Tetangga (RT) within the Pandeglang District 179 unit. The Subdistrict with the highest number of RT's  was Pandeglang which had 73 units, while the lowest comes from Kadomas with 29 RT's;There are 13 civil servants working in the government office in Pandeglang District, consisting of 9 male  and 4 female employees. In addition to working at the Government Office of Pandeglang District, some of these civil servants were distributed across 4 Subdistricts Government Offices.;Broken down by educational attainment, the proportion of civil servants (PNS) working in the District government office of in Pandeglang District are as follows: Senior High School is 14.3 percent, Diploma III is 2.9 percent, Diploma IV is 2.9 percent, Bachelor's Degree is 65.7 percent, Master's Degree is 14.3 percent.;According to rank/group of employees, the proportion of civil servants (PNS) working in the District government office of in Pandeglang District are as follows: group II is 5.7 percent, group III is 88.6 percent, group IV is 5.7 percent.;8;9;14;14;;;;;;;;;;;;45;29;32;45;73;;;;;;;;;;;;179;Kecamatan Pandeglang/;Desa Kadomas/;Desa Babakan Kalanganyar/;Desa Kabayan/;Desa Pandeglang/;;;;;;;;;;;;District of Pandeglang;Village of Kadomas;Village of Babakan Kalanganyar;Village of Kabayan;Village of Pandeglang;;;;;;;;;;;;9;6;5;5;5;;;;;;;;;;;;30;4;1;2;2;1;;;;;;;;;;;;10;13;7;7;7;6;;;;;;;;;;;;40;–;1;7;–;–;1;–;18;3;–;30;–;–;1;–;–;–;1;6;2;–;10;–;1;8;–;–;1;1;24;5;–;40;–;5;23;2;30;–;–;10;–;10;–;5;33;2;40
181;Majasari;5;Kelurahan;Subdistrict;Majasari;Sukaratu;Karaton;Cilaja;Saruni;Pagerbatu;;;;;;;;;;;MAJASARI;D:\KCDA\2025\181\Bab2.PNG;D:\KCDA\2025\181\G021.png;D:\KCDA\2025\181\G022.png;Kecamatan Majasari secara keseluruhan memiliki 57 RW. Kelurahan dengan jumlah RW terbanyak adalah Sukaratu yaitu 14 unit, sementara paling sedikit berasal dari Cilaja dengan 6 RW. Jumlah seluruh RT dalam Kecamatan Majasari adalah 209 unit. Selanjutnya, kelurahan dengan jumlah RT paling banyak adalah Saruni yaitu 61 unit, sementara paling sedikit berasal dari Cilaja dengan 26 RT. ;PNS yang bekerja di kantor pemerintah pada Kecamatan Majasari berjumlah 12 orang, terdiri dari 9 pegawai laki–laki dan 3 pegawai perempuan.  Selain bekerja di Kantor Pemerintah Kecamatan Karangtanjung, sebagian dari PNS tersebut tersebar di 5 Kantor Kemerintah Kelurahan;#VALUE!;Menurut golongan pegawai, proporsi PNS yang bekerja di kantor pemerintah kecamatan pada Kecamatan Majasari adalah sebagai berikut: golongan II: 12,5 persen, golongan III: 82,5 persen, golongan IV: 5,0 persen.;The District of Majasari as a whole has 57 Rukun Warga (RW). The Subdistrict with the largest number of RW's  was Sukaratu which has 14 units, while the lowest was from Cilaja with 6 RW's. Furthermore, the total number of all Rukun Tetangga (RT) within the Majasari District 209 unit. The Subdistrict with the highest number of RT's  was Saruni which had 61 units, while the lowest comes from Cilaja with 26 RT's;There are 12 civil servants working in the government office in Majasari District, consisting of 9 male  and 3 female employees. In addition to working at the Government Office of Majasari District, some of these civil servants were distributed across 5 Subdistricts Government Offices.;#VALUE!;According to rank/group of employees, the proportion of civil servants (PNS) working in the District government office of in Majasari District are as follows: group II is 12.5 percent, group III is 82.5 percent, group IV is 5.0 percent.;14;13;6;13;11;;;;;;;;;;;57;44;42;26;61;40;;;;;;;;;;;213;Kecamatan Majasari/;Desa Sukaratu/;Desa Karaton/;Desa Cilaja/;Desa Saruni/;Desa Pagerbatu/;;;;;;;;;;;District of Majasari;Village of Sukaratu;Village of Karaton;Village of Cilaja;Village of Saruni;Village of Pagerbatu;;;;;;;;;;;10;4;4;4;6;2;;;;;;;;;;;30;3;3;2;2;–;3;;;;;;;;;;;13;13;7;6;6;6;5;;;;;;;;;;;43;–;–;6;–;–;–;–;20;4;–;30;–;–;2;–;–;1;–;8;2;–;13;–;–;8;–;–;1;–;28;6;–;43;–;4;24;2;30;–;1;12;–;13;–;5;36;2;43
190;Cadasari;11;Desa;Village;Cadasari;Cikentrung;Kaungcaang;Ciinjuk;Cadasari;Tapos;Tanagara;Kurungdahu;Pasirpeuteuy;Kaduengang;Kaduela;Koranji;;;;;CADASARI;D:\KCDA\2025\190\Bab2.PNG;D:\KCDA\2025\190\G021.png;D:\KCDA\2025\190\G022.png;Kecamatan Cadasari secara keseluruhan memiliki 141 RW. Desa dengan jumlah RW terbanyak adalah Tapos yaitu 20 unit, sementara paling sedikit berasal dari Kaduengang dengan 8 RW. Jumlah seluruh RT dalam Kecamatan Cadasari adalah 141 unit. Selanjutnya, desa dengan jumlah RT paling banyak adalah Tapos yaitu 20 unit, sementara paling sedikit berasal dari Kaduengang dengan 8 RT. ;PNS yang bekerja di kantor pemerintah pada Kecamatan Cadasari berjumlah 21 orang, terdiri dari 18 pegawai laki–laki dan 3 pegawai perempuan.  Seluruh PNS tersebut bekerja di Kantor Pemerintah Kecamatan Cadasari.;Dirinci menurut jenjang pendidikan yang ditamatkan, proporsi PNS yang bekerja di kantor pemerintah kecamatan pada Kecamatan Cadasari adalah sebagai berikut: SMA: 38,1 persen, Sarjana: 52,4 persen, Magister: 9,5 persen.;Menurut golongan pegawai, proporsi PNS yang bekerja di kantor pemerintah kecamatan pada Kecamatan Cadasari adalah sebagai berikut: golongan II: 33,3 persen, golongan III: 57,1 persen, golongan IV: 9,5 persen.;The District of Cadasari as a whole has 141 Rukun Warga (RW). The village with the largest number of RW's  was Tapos which has 20 units, while the lowest was from Kaduengang with 8 RW's. Furthermore, the total number of all Rukun Tetangga (RT) within the Cadasari District 141 unit. The village with the highest number of RT's  was Tapos which had 20 units, while the lowest comes from Kaduengang with 8 RT's;There are 21 civil servants working in the government office in Cadasari District, consisting of 18 male  and 3 female employees. All of those civil servants work at the Government Office of Cadasari District .;Broken down by educational attainment, the proportion of civil servants (PNS) working in the District government office of in Cadasari District are as follows: Senior High School is 38.1 percent, Bachelor's Degree is 52.4 percent, Master's Degree is 9.5 percent.;According to rank/group of employees, the proportion of civil servants (PNS) working in the District government office of in Cadasari District are as follows: group II is 33.3 percent, group III is 57.1 percent, group IV is 9.5 percent.;4;4;6;5;5;5;4;5;4;4;6;;;;;52;11;15;17;20;19;11;11;14;9;10;13;;;;;150;Kecamatan Cadasari/;Desa Cikentrung/;Desa Kaungcaang/;Desa Ciinjuk/;Desa Cadasari/;Desa Tapos/;Desa Tanagara/;Desa Kurungdahu/;Desa Pasirpeuteuy/;Desa Kaduengang/;Desa Kaduela/;Desa Koranji/;;;;;District of Cadasari;Village of Cikentrung;Village of Kaungcaang;Village of Ciinjuk;Village of Cadasari;Village of Tapos;Village of Tanagara;Village of Kurungdahu;Village of Pasirpeuteuy;Village of Kaduengang;Village of Kaduela;Village of Koranji;;;;;17;–;–;–;–;–;–;–;–;–;–;–;;;;;17;3;–;–;–;–;–;–;–;–;–;–;–;;;;;3;20;–;–;–;–;–;–;–;–;–;–;–;;;;;20;–;–;8;–;–;–;–;7;2;–;17;–;–;–;–;–;–;–;3;–;–;3;–;–;8;–;–;–;–;10;2;–;20;–;7;8;2;17;–;–;3;–;3;–;7;11;2;20
191;Karangtanjung;4;Kelurahan;Subdistrict;Karangtanjung;Kadumerak;Pagadungan;Cigadung;Juhut;;;;;;;;;;;;KARANGTANJUNG;D:\KCDA\2025\191\Bab2.PNG;D:\KCDA\2025\191\G021.png;D:\KCDA\2025\191\G022.png;Kecamatan Karangtanjung secara keseluruhan memiliki 34 RW. Kelurahan dengan jumlah RW terbanyak adalah Cigadung yaitu 14 unit, sementara paling sedikit berasal dari Juhut dan Pagadungan dengan 6 RW. Jumlah seluruh RT dalam Kecamatan Karangtanjung adalah 148 unit. Selanjutnya, kelurahan dengan jumlah RT paling banyak adalah Cigadung yaitu 52 unit, sementara paling sedikit berasal dari Juhut dengan 30 RT. ;PNS yang bekerja di kantor pemerintah pada Kecamatan Karangtanjung berjumlah 15 orang, terdiri dari 10 pegawai laki–laki dan 5 pegawai perempuan.  Selain bekerja di Kantor Pemerintah Kecamatan Karangtanjung, sebagian dari PNS tersebut tersebar di 4 Kantor Kemerintah Kelurahan;Dirinci menurut jenjang pendidikan yang ditamatkan, proporsi PNS yang bekerja di kantor pemerintah kecamatan pada Kecamatan Karangtanjung adalah sebagai berikut: SMA: 18,4 persen, D–III: 7,9 persen, Sarjana: 60,5 persen, Magister: 13,2 persen.;Menurut golongan pegawai, proporsi PNS yang bekerja di kantor pemerintah kecamatan pada Kecamatan Karangtanjung adalah sebagai berikut: golongan II: 18,4 persen, golongan III: 73,7 persen, golongan IV: 7,9 persen.;The District of Karangtanjung as a whole has 34 Rukun Warga (RW). The Subdistrict with the largest number of RW's  was Cigadung which has 14 units, while the lowest was from Juhut dan Pagadungan with 6 RW's. Furthermore, the total number of all Rukun Tetangga (RT) within the Karangtanjung District 148 unit. The Subdistrict with the highest number of RT's  was Cigadung which had 52 units, while the lowest comes from Juhut with 30 RT's;There are 15 civil servants working in the government office in Karangtanjung District, consisting of 10 male  and 5 female employees. In addition to working at the Government Office of Karangtanjung District, some of these civil servants were distributed across 4 Subdistricts Government Offices.;Broken down by educational attainment, the proportion of civil servants (PNS) working in the District government office of in Karangtanjung District are as follows: Senior High School is 18.4 percent, Diploma III is 7.9 percent, Bachelor's Degree is 60.5 percent, Master's Degree is 13.2 percent.;According to rank/group of employees, the proportion of civil servants (PNS) working in the District government office of in Karangtanjung District are as follows: group II is 18.4 percent, group III is 73.7 percent, group IV is 7.9 percent.;8;6;14;6;;;;;;;;;;;;34;32;37;52;32;;;;;;;;;;;;153;Kecamatan Karangtanjung/;Desa Kadumerak/;Desa Pagadungan/;Desa Cigadung/;Desa Juhut/;;;;;;;;;;;;District of Karangtanjung;Village of Kadumerak;Village of Pagadungan;Village of Cigadung;Village of Juhut;;;;;;;;;;;;11;1;5;1;4;;;;;;;;;;;;22;5;3;2;3;2;;;;;;;;;;;;15;16;4;7;4;6;;;;;;;;;;;;37;–;–;5;–;–;2;–;12;3;–;22;–;–;3;–;–;1;–;9;2;–;15;–;–;8;–;–;3;–;21;5;–;37;–;5;15;2;22;–;3;11;1;15;–;8;26;3;37
192;Koroncong;12;Desa;Village;Koroncong;Pasirjaksa;Bangkonol;Tegalongok;Pasirkarag;Paniis;Setrajaya;Karangsetra;Pakuluran;Koroncong;Gerendong;Awilega;Sukajaya;;;;KORONCONG;D:\KCDA\2025\192\Bab2.PNG;D:\KCDA\2025\192\G021.png;D:\KCDA\2025\192\G022.png;Kecamatan Koroncong secara keseluruhan memiliki 52 RW. Desa dengan jumlah RW terbanyak adalah Paniis yaitu 6 unit, sementara paling sedikit berasal dari Karangsetra dengan 2 RW. Jumlah seluruh RT dalam Kecamatan Koroncong adalah 121 unit. Selanjutnya, desa dengan jumlah RT paling banyak adalah Bangkonol yaitu 14 unit, sementara paling sedikit berasal dari Karangsetra dengan 7 RT. ;PNS yang bekerja di kantor pemerintah pada Kecamatan Koroncong berjumlah 16 orang, terdiri dari 11 pegawai laki–laki dan 5 pegawai perempuan.  Seluruh PNS tersebut bekerja di Kantor Pemerintah Kecamatan Koroncong.;Dirinci menurut jenjang pendidikan yang ditamatkan, proporsi PNS yang bekerja di kantor pemerintah kecamatan pada Kecamatan Koroncong adalah sebagai berikut: SMP: 6,3 persen, SMA: 12,5 persen, Sarjana: 68,8 persen, Magister: 12,5 persen.;Menurut golongan pegawai, proporsi PNS yang bekerja di kantor pemerintah kecamatan pada Kecamatan Koroncong adalah sebagai berikut: golongan II: 18,8 persen, golongan III: 68,8 persen, golongan IV: 12,5 persen.;The District of Koroncong as a whole has 52 Rukun Warga (RW). The village with the largest number of RW's  was Paniis which has 6 units, while the lowest was from Karangsetra with 2 RW's. Furthermore, the total number of all Rukun Tetangga (RT) within the Koroncong District 121 unit. The village with the highest number of RT's  was Bangkonol which had 14 units, while the lowest comes from Karangsetra with 7 RT's;There are 16 civil servants working in the government office in Koroncong District, consisting of 11 male  and 5 female employees. All of those civil servants work at the Government Office of Koroncong District .;Broken down by educational attainment, the proportion of civil servants (PNS) working in the District government office of in Koroncong District are as follows: Junior High School is 6.3 percent, Senior High School is 12.5 percent, Bachelor's Degree is 68.8 percent, Master's Degree is 12.5 percent.;According to rank/group of employees, the proportion of civil servants (PNS) working in the District government office of in Koroncong District are as follows: group II is 18.8 percent, group III is 68.8 percent, group IV is 12.5 percent.;5;4;4;4;5;4;2;5;5;4;3;4;;;;49;10;14;9;9;12;10;7;13;12;9;7;8;;;;120;Kecamatan Koroncong/;Desa Pasirjaksa/;Desa Bangkonol/;Desa Tegalongok/;Desa Pasirkarag/;Desa Paniis/;Desa Setrajaya/;Desa Karangsetra/;Desa Pakuluran/;Desa Koroncong/;Desa Gerendong/;Desa Awilega/;Desa Sukajaya/;;;;District of Koroncong;Village of Pasirjaksa;Village of Bangkonol;Village of Tegalongok;Village of Pasirkarag;Village of Paniis;Village of Setrajaya;Village of Karangsetra;Village of Pakuluran;Village of Koroncong;Village of Gerendong;Village of Awilega;Village of Sukajaya;;;;11;–;–;–;–;–;–;–;–;–;–;–;–;;;;11;5;–;–;–;–;–;–;–;–;–;–;–;–;;;;5;16;–;–;–;–;–;–;–;–;–;–;–;–;;;;16;–;–;2;–;–;–;–;8;1;–;11;–;1;–;–;–;–;–;3;1;–;5;–;1;2;–;–;–;–;11;2;–;16;–;2;7;2;11;–;1;4;–;5;–;3;11;2;16
