KodeKec;Nama;KECAMATAN;JumlahDesa;Desa_id;Desa_en;@Sekat;@Grafik1;@Grafik2;U501_id;U502_id;U503_id;U501_en;U502_en;U503_en;T51K3B1;T51K3B2;T51K3B3;T51K3B4;T51K3B5;T51K3B6;T51K3B7;T51K3B8;T51K3B9;T51K3B10;T51K3B11;T51K3B12;T51K3B13;T51K3B14;T51K3B15;T51K3B16;T51K3B17;T51K3B18;T51K3B19;T51K3B20;T51K3B21;T51K3B22;T51K3B23;T51K3B24;T51K3B25;T51K3B26;T51K4B1;T51K4B2;T51K4B3;T51K4B4;T51K4B5;T51K4B6;T51K4B7;T51K4B8;T51K4B9;T51K4B10;T51K4B11;T51K4B12;T51K4B13;T51K4B14;T51K4B15;T51K4B16;T51K4B17;T51K4B18;T51K4B19;T51K4B20;T51K4B21;T51K4B22;T51K4B23;T51K4B24;T51K4B25;T51K4B26;T52K3B1;T52K3B2;T52K3B3;T52K3B4;T52K3B5;T52K3B6;T52K3B7;T52K3B8;T52K3B9;T52K3B10;T52K3B11;T52K3B12;T52K3B13;T52K3B14;T52K3B15;T52K3B16;T52K3B17;T52K3B18;T52K3B19;T52K3B20;T52K3B21;T52K3B22;T52K3B23;T52K3B24;T52K3B25;T52K3B26;T52K4B1;T52K4B2;T52K4B3;T52K4B4;T52K4B5;T52K4B6;T52K4B7;T52K4B8;T52K4B9;T52K4B10;T52K4B11;T52K4B12;T52K4B13;T52K4B14;T52K4B15;T52K4B16;T52K4B17;T52K4B18;T52K4B19;T52K4B20;T52K4B21;T52K4B22;T52K4B23;T52K4B24;T52K4B25;T52K4B26;T53K3B1;T53K3B2;T53K3B3;T53K3B4;T53K3B5;T53K3B6;T53K3B7;T53K3B8;T53K3B9;T53K3B10;T53K3B11;T53K3B12;T53K3B13;T53K3B14;T53K3B15;T53K3B16;T53K4B1;T53K4B2;T53K4B3;T53K4B4;T53K4B5;T53K4B6;T53K4B7;T53K4B8;T53K4B9;T53K4B10;T53K4B11;T53K4B12;T53K4B13;T53K4B14;T53K4B15;T53K4B16;T54K3B1;T54K3B2;T54K3B3;T54K3B4;T54K3B5;T54K3B6;T54K3B7;T54K3B8;T54K3B9;T54K3B10;T54K3B11;T54K3B12;T54K3B13;T54K3B14;T54K3B15;T54K3B16;T54K4B1;T54K4B2;T54K4B3;T54K4B4;T54K4B5;T54K4B6;T54K4B7;T54K4B8;T54K4B9;T54K4B10;T54K4B11;T54K4B12;T54K4B13;T54K4B14;T54K4B15;T54K4B16;T55K3B1;T55K3B2;T55K3B3;T55K3B4;T55K3B5;T55K3B6;T55K3B7;T55K3B8;T55K3B9;T55K3B10;T55K3B11;T55K3B12;T55K3B13;T55K3B14;T55K3B15;T55K3B16;T55K3B17;T55K3B18;T55K3B19;T55K3B20;T55K4B1;T55K4B2;T55K4B3;T55K4B4;T55K4B5;T55K4B6;T55K4B7;T55K4B8;T55K4B9;T55K4B10;T55K4B11;T55K4B12;T55K4B13;T55K4B14;T55K4B15;T55K4B16;T55K4B17;T55K4B18;T55K4B19;T55K4B20;T56K3B1;T56K3B2;T56K3B3;T56K3B4;T56K3B5;T56K3B6;T56K3B7;T56K3B8;T56K3B9;T56K3B10;T56K3B11;T56K3B12;T56K3B13;T56K3B14;T56K3B15;T56K3B16;T56K3B17;T56K3B18;T56K3B19;T56K3B20;T56K4B1;T56K4B2;T56K4B3;T56K4B4;T56K4B5;T56K4B6;T56K4B7;T56K4B8;T56K4B9;T56K4B10;T56K4B11;T56K4B12;T56K4B13;T56K4B14;T56K4B15;T56K4B16;T56K4B17;T56K4B18;T56K4B19;T56K4B20;T57K3B1;T57K3B2;T57K3B3;T57K3B4;T57K3B5;T57K3B6;T57K3B7;T57K3B8;T57K3B9;T57K3B10;T57K3B11;T57K3B12;T57K3B13;T57K3B14;T57K3B15;T57K3B16;T57K3B17;T57K3B18;T57K3B19;T57K3B20;T57K3B21;T57K3B22;T57K3B23;T57K3B24;T57K3B25;T57K3B26;T57K3B27;T57K4B1;T57K4B2;T57K4B3;T57K4B4;T57K4B5;T57K4B6;T57K4B7;T57K4B8;T57K4B9;T57K4B10;T57K4B11;T57K4B12;T57K4B13;T57K4B14;T57K4B15;T57K4B16;T57K4B17;T57K4B18;T57K4B19;T57K4B20;T57K4B21;T57K4B22;T57K4B23;T57K4B24;T57K4B25;T57K4B26;T57K4B27
10;Sumur;SUMUR;7;Desa;Village;D:\KCDA\2025\010\Bab5.PNG;D:\KCDA\2025\010\G051.png;D:\KCDA\2025\010\G052.png;Sepanjang tahun 2024–2025,  terdapat 8 jenis tanaman sayuran/buah-buahan semusim yang dibudidayakan di Kecamatan Sumur, yaitu cabai rawit, kacang panjang, kangkung, ketimun, semangka, terung, cabai besar, dan cabai keriting.  Pada tahun 2023, luas panen terbesar berasal dari tanaman Ketimun dengan luas panen 12 ha. Sama seperti luas panen, produksi terbesar berasal dari Ketimun, yaitu 2.065 kwintal. Lebih lanjut, untuk tahun 2024, luas panen terbesar dihasilkan oleh tanaman Semangka dengan luas panen 29 ha. Berbeda dengan luas panen, produksi terbesar berasal dari Cabai Rawit, yaitu 1.350 kwintal.;Selain sayuran dan buah-buahan semusim, didapati juga 9 jenis tanaman biofarma yang dibudidayakan di Kecamatan Sumur, yaitu jahe, kapulaga, kencur, kunyit, laos/lengkuas, lempuyang, lidah buaya, mahkota dewa, dan temulawak.;Budidaya tanaman lain yang juga dapat dijumpai di Kecamatan Sumur adalah 23 jenis buah-buahan tahunan, yaitu alpukat, anggur, apel, belimbing, duku/langsat/kokosan, durian, jambu air, jambu biji, jengkol, jeruk besar, jeruk siam/keprok, mangga, manggis, nangka/cempedak, nenas, pepaya, pisang, rambutan, sawo, sirsak, sukun, lemon, dan lengkeng.  Lebih lanjut, volume produksi tanaman buah-buahan tahunan utama untuk Tahun 2024 adalah lemon yaitu mencapai 69.402 kuintal. Adapun untuk produksi utama tanaman buah-buahan tahunan Tahun 2023 adalah lemon dengan volume sebesar 56.128 kuintal.;Throughout 2023-2024, there are 9 types of annual vegetable/fruit crops that are cultivated in Sumur District, namely bird's eye chili, long beans, water spinach, cucumber, water melon, eggplant, tomato, big chili/bell pepper, and chili curly/chili pepper.  In 2023, the largest harvest area came from the crop Cucumber with a harvest area of 12 ha.Just like the harvested area, the largest production came from cucumber, which was 2.065 kwintal. Furthermore, for 2024, the largest harvested area is generated by the crop Water Melon with a harvested area of 29 ha. Unlike the harvest area, the largest production comes from Bird'S Eye Chili, i.e. 1,350 quintals.;In addition to annual vegetable and fruit crops, there are also found 9 kind of medicinal crops cultivated in Sumur  District, which are ginger, java cardamom, east indian galangal, turmeric, galangal, zingiber aromaticum, aloevera, phaleria macrocarpa, and java turmeric.;Other crop cultivations that can also be found in Sumur District are 23 kind of parennial fruit crops, which are avocado, grape, apple, star fruit, duku, durian, water apple, guava, jengkol, pomelo, orange/tangerine, mango, mangosteen, jackfruit, pineapple, papaya, banana, rambutan, sapodilla/sawo, soursop, breadfruit, lemon, and dimocarpus longan.  Furthermore, the production volume of major parennial fruit crops for Year 2024 is lemon reaching 69,402 quintals respectively. As for the main production of parennial fruit crops for Year 2023 is lemon with a volume of 56,128 quintals.;–  ;–  ;–  ;–  ;–  ;14;8;1;–  ;–  ;5;–  ;–  ;–  ;–  ;–  ;29;–  ;4;–  ;–  ;3;9;–  ;–  ;–  ;–  ;–  ;–  ;–  ;–  ;19;2;–  ;–  ;–  ;6;–  ;–  ;–  ;–  ;–  ;3;–  ;3;–  ;–  ;–  ;11;–  ;–  ;–  ;–  ;–  ;–  ;–  ;–  ;1.350;460;55;–  ;–  ;250;–  ;–  ;–  ;–  ;–  ;995;–  ;245;–  ;–  ;300;900;–  ;–  ;–  ;–  ;–  ;–  ;–  ;–  ;1.900;165;–  ;–  ;–  ;630;–  ;–  ;–  ;–  ;–  ;900;–  ;302;–  ;–  ;–  ;1.100;–  ;–  ;–  ;3.000;–  ;...  ;11.000;5.000;2.500;3.000;–  ;–  ;–  ;–  ;–  ;–  ;–  ;–  ;–  ;3.500;–  ;...  ;6.000;1.000;1.500;1.000;–  ;–  ;–  ;–  ;–  ;–  ;–  ;–  ;3.000;12.000;–  ;...  ;77.000;10.000;5.000;10.500;–  ;–  ;–  ;–  ;–  ;–  ;–  ;–  ;–  ;19.500;–  ;...  ;19.500;2.000;5.000;4.000;–  ;–  ;–  ;–  ;–  ;–  ;–  ;–  ;11.500;–  ;–  ;–  ;–  ;–  ;–  ;–  ;–  ;–  ;–  ;–  ;–  ;–  ;–  ;–  ;–  ;–  ;–  ;–  ;–  ;–  ;–  ;–  ;–  ;–  ;–  ;–  ;–  ;–  ;–  ;–  ;–  ;–  ;–  ;–  ;–  ;–  ;–  ;–  ;–  ;–  ;–  ;–  ;–  ;–  ;–  ;–  ;–  ;–  ;–  ;–  ;–  ;–  ;–  ;–  ;–  ;–  ;–  ;–  ;–  ;–  ;–  ;–  ;–  ;–  ;–  ;–  ;–  ;–  ;–  ;–  ;–  ;–  ;–  ;–  ;–  ;–  ;–  ;–  ;–  ;103;1;–  ;1;–  ;14;–  ;–  ;1393;–  ;–  ;69402;624;13530;–  ;–  ;–  ;2660;23942;1297;–  ;–  ;–  ;–  ;15;–  ;–  ;300;–  ;–  ;30;–  ;520;–  ;–  ;3150;–  ;–  ;36000;400;7400;–  ;–  ;–  ;7000;44200;500;–  ;–  ;–  ;–  ;–  ;–  ;–  
20;Cimanggu;CIMANGGU;12;Desa;Village;D:\KCDA\2025\020\Bab5.PNG;D:\KCDA\2025\020\G051.png;D:\KCDA\2025\020\G052.png;Sepanjang tahun 2024–2025,  terdapat 5 jenis tanaman sayuran/buah-buahan semusim yang dibudidayakan di Kecamatan Cimanggu, yaitu cabai rawit, kacang panjang, ketimun, terung, dan cabai keriting.  Pada tahun 2023, luas panen terbesar berasal dari tanaman Kacang Panjang dengan luas panen 5 ha.Tidak seperti gambaran luas panen, produksi terbesar berasal dari Cabai Rawit, yaitu 400 kwintal. Lebih lanjut, untuk tahun 2024, luas panen terbesar dihasilkan oleh tanaman Cabai Rawit dengan luas panen 15 ha. Sama seperti luas panen, produksi terbesar berasal dari Cabai Rawit, yaitu 1.480 kwintal.;Selain sayuran dan buah-buahan semusim, didapati juga 4 jenis tanaman biofarma yang dibudidayakan di Kecamatan Cimanggu, yaitu jahe, kapulaga, kencur, dan temulawak.;Budidaya tanaman lain yang juga dapat dijumpai di Kecamatan Cimanggu adalah 14 jenis buah-buahan tahunan, yaitu alpukat, apel, duku/langsat/kokosan, durian, jambu biji, mangga, manggis, nangka/cempedak, nenas, pepaya, pisang, rambutan, lemon, dan lengkeng.  Lebih lanjut, volume produksi tanaman buah-buahan tahunan utama untuk Tahun 2024 adalah lemon yaitu mencapai 6.250 kuintal. Adapun untuk produksi utama tanaman buah-buahan tahunan Tahun 2023 adalah lemon dengan volume sebesar 22.972 kuintal.;Throughout 2023-2024, there are 6 types of annual vegetable/fruit crops that are cultivated in Cimanggu District, namely bird's eye chili, long beans, cucumber, water melon, eggplant, and chili curly/chili pepper.  In 2023, the largest harvest area came from the crop Long Beans with a harvest area of 5 ha. Unlike the overview of the harvest area, the largest production came from bird's eye chili, i.e. 400 kwintal. Furthermore, for 2024, the largest harvested area is generated by the crop Bird'S Eye Chili with a harvested area of 15 ha. Same as the harvest area, the largest production comes from Bird'S Eye Chili, i.e. 1,480 quintals.;In addition to annual vegetable and fruit crops, there are also found 4 kind of medicinal crops cultivated in Cimanggu  District, which are ginger, java cardamom, east indian galangal, and java turmeric.;Other crop cultivations that can also be found in Cimanggu District are 14 kind of parennial fruit crops, which are avocado, apple, duku, durian, guava, mango, mangosteen, jackfruit, pineapple, papaya, banana, rambutan, lemon, and dimocarpus longan.  Furthermore, the production volume of major parennial fruit crops for Year 2024 is lemon reaching 6,250 quintals respectively. As for the main production of parennial fruit crops for Year 2023 is lemon with a volume of 22,972 quintals.;–  ;–  ;–  ;–  ;–  ;15;3;–  ;–  ;–  ;3;–  ;–  ;–  ;–  ;–  ;–  ;–  ;–  ;–  ;–  ;–  ;13;–  ;–  ;–  ;–  ;–  ;–  ;–  ;–  ;22;2;–  ;–  ;–  ;2;–  ;–  ;–  ;–  ;–  ;–  ;–  ;5;–  ;–  ;–  ;20;–  ;–  ;–  ;–  ;–  ;–  ;–  ;–  ;1.480;195;–  ;–  ;–  ;226;–  ;–  ;–  ;–  ;–  ;–  ;–  ;–  ;–  ;–  ;–  ;1300;–  ;–  ;–  ;–  ;–  ;–  ;–  ;–  ;2.200;195;–  ;–  ;–  ;195;–  ;–  ;–  ;–  ;–  ;–  ;–  ;470;–  ;–  ;–  ;2.000;–  ;–  ;–  ;–  ;–  ;...  ;500;1.000;–  ;–  ;–  ;–  ;–  ;–  ;–  ;–  ;–  ;–  ;–  ;5.000;–  ;...  ;2.000;–  ;–  ;–  ;–  ;–  ;–  ;–  ;–  ;–  ;–  ;–  ;1.000;–  ;–  ;...  ;1.500;3.000;–  ;–  ;–  ;–  ;–  ;–  ;–  ;–  ;–  ;–  ;–  ;13.000;–  ;...  ;8.000;–  ;–  ;–  ;–  ;–  ;–  ;–  ;–  ;–  ;–  ;–  ;4.000;–  ;–  ;–  ;–  ;–  ;–  ;–  ;–  ;–  ;–  ;–  ;–  ;–  ;–  ;–  ;–  ;–  ;–  ;–  ;–  ;–  ;–  ;–  ;–  ;–  ;–  ;–  ;–  ;–  ;–  ;–  ;–  ;–  ;–  ;–  ;–  ;–  ;–  ;–  ;–  ;–  ;–  ;–  ;–  ;–  ;–  ;–  ;–  ;–  ;–  ;–  ;–  ;–  ;–  ;–  ;–  ;–  ;–  ;–  ;–  ;–  ;–  ;–  ;–  ;–  ;–  ;–  ;–  ;–  ;–  ;–  ;–  ;–  ;–  ;–  ;–  ;–  ;–  ;–  ;–  ;150;–  ;–  ;–  ;–  ;1550;–  ;–  ;1085;–  ;–  ;6250;1060;545;–  ;–  ;–  ;1580;6230;–  ;–  ;–  ;–  ;–  ;–  ;–  ;–  ;200;–  ;–  ;–  ;–  ;3200;–  ;–  ;1350;–  ;–  ;18500;1400;475;–  ;–  ;–  ;1100;28700;–  ;–  ;–  ;–  ;–  ;–  ;–  ;–  
30;Cibaliung;CIBALIUNG;9;Desa;Village;D:\KCDA\2025\030\Bab5.PNG;D:\KCDA\2025\030\G051.png;D:\KCDA\2025\030\G052.png;Sepanjang tahun 2024–2025,  terdapat 9 jenis tanaman sayuran/buah-buahan semusim yang dibudidayakan di Kecamatan Cibaliung, yaitu cabai rawit, kacang panjang, kangkung, melon, petsai, semangka, terung, tomat, dan cabai keriting.  Pada tahun 2023, luas panen terbesar berasal dari tanaman Petsai/Sawi dengan luas panen 3 ha.Tidak seperti gambaran luas panen, produksi terbesar berasal dari Terung, yaitu 318 kwintal. Lebih lanjut, untuk tahun 2024, luas panen terbesar dihasilkan oleh tanaman Cabai Rawit dengan luas panen 8 ha. Sama seperti luas panen, produksi terbesar berasal dari Cabai Rawit, yaitu 800 kwintal.;Selain sayuran dan buah-buahan semusim, didapati juga 10 jenis tanaman biofarma yang dibudidayakan di Kecamatan Cibaliung, yaitu jahe, kapulaga, kencur, kunyit, laos/lengkuas, lempuyang, lidah buaya, mahkota dewa, serai, dan temulawak.;Budidaya tanaman lain yang juga dapat dijumpai di Kecamatan Cibaliung adalah 23 jenis buah-buahan tahunan, yaitu alpukat, apel, belimbing, duku/langsat/kokosan, durian, jambu air, jambu biji, jeruk besar, jeruk siam/keprok, mangga, manggis, nangka/cempedak, nenas, pepaya, pisang, rambutan, salak, sawo, sirsak, sukun, buah naga, lemon, dan lengkeng.  Lebih lanjut, volume produksi tanaman buah-buahan tahunan utama untuk Tahun 2024 adalah lengkeng yaitu mencapai 7.600 kuintal. Adapun untuk produksi utama tanaman buah-buahan tahunan Tahun 2023 adalah jambu biji dengan volume sebesar 6.242 kuintal.;Throughout 2023-2024, there are 13 types of annual vegetable/fruit crops that are cultivated in Cibaliung District, namely shallots, spinach, bird's eye chili, long beans, water spinach, cucumber, melon, chinese cabbage/mustard green, water melon, eggplant, tomato, big chili/bell pepper, and chili curly/chili pepper.  In 2023, the largest harvest area came from the crop Chinese Cabbage/Mustard Green with a harvest area of 3 ha. Unlike the overview of the harvest area, the largest production came from eggplant, i.e. 318 kwintal. Furthermore, for 2024, the largest harvested area is generated by the crop Bird'S Eye Chili with a harvested area of 8 ha. Same as the harvest area, the largest production comes from Bird'S Eye Chili, i.e. 800 quintals.;In addition to annual vegetable and fruit crops, there are also found 10 kind of medicinal crops cultivated in Cibaliung  District, which are ginger, java cardamom, east indian galangal, turmeric, galangal, zingiber aromaticum, aloevera, phaleria macrocarpa, lemongrass, and java turmeric.;Other crop cultivations that can also be found in Cibaliung District are 23 kind of parennial fruit crops, which are avocado, apple, star fruit, duku, durian, water apple, guava, pomelo, orange/tangerine, mango, mangosteen, jackfruit, pineapple, papaya, banana, rambutan, snakefruit, sapodilla/sawo, soursop, breadfruit, dragon fruit, lemon, and dimocarpus longan.  Furthermore, the production volume of major parennial fruit crops for Year 2024 is dimocarpus longan reaching 7,600 quintals respectively. As for the main production of parennial fruit crops for Year 2023 is guava with a volume of 6,242 quintals.;–  ;–  ;–  ;–  ;–  ;8;1;1,5;–  ;–  ;–  ;–  ;–  ;2;–  ;0,75;0,25;–  ;0,5;0,25;–  ;–  ;5;–  ;–  ;–  ;–  ;–  ;–  ;–  ;–  ;16;4;–  ;–  ;–  ;2;–  ;–  ;–  ;–  ;–  ;–  ;–  ;1;–  ;–  ;–  ;21;–  ;–  ;–  ;–  ;–  ;–  ;–  ;–  ;800;140;171;–  ;–  ;–  ;–  ;–  ;225;–  ;125;45;–  ;5;35;–  ;–  ;500;–  ;–  ;–  ;–  ;–  ;–  ;–  ;–  ;1.500;332;–  ;–  ;–  ;270;–  ;–  ;–  ;–  ;–  ;–  ;–  ;65;–  ;–  ;–  ;2.100;–  ;–  ;–  ;–  ;–  ;...  ;100;500;–  ;–  ;–  ;–  ;1.000;–  ;–  ;–  ;–  ;–  ;500;9.000;–  ;...  ;–  ;500;1.000;–  ;–  ;–  ;–  ;–  ;–  ;–  ;–  ;300;–  ;–  ;–  ;...  ;400;650;–  ;–  ;–  ;–  ;5.000;–  ;–  ;–  ;–  ;–  ;1.500;20.500;–  ;...  ;–  ;500;3.000;–  ;–  ;–  ;–  ;–  ;–  ;–  ;–  ;1.500,00;–  ;44;–  ;–  ;–  ;–  ;–  ;–  ;20;36;370;–  ;–  ;–  ;25;20;–  ;–  ;–  ;7;185;–  ;–  ;–  ;–  ;–  ;–  ;–  ;–  ;–  ;–  ;–  ;–  ;–  ;–  ;–  ;–  ;–  ;–  ;–  ;–  ;120;–  ;–  ;–  ;–  ;–  ;–  ;80;90;950;–  ;–  ;–  ;75;40;–  ;–  ;–  ;21;450;–  ;–  ;–  ;–  ;–  ;–  ;–  ;–  ;–  ;–  ;–  ;–  ;–  ;–  ;–  ;–  ;–  ;–  ;–  ;–  ;59;–  ;–  ;–  ;–  ;1720;–  ;–  ;5400;–  ;–  ;4450;7600;5300;–  ;–  ;–  ;920;5700;–  ;–  ;–  ;–  ;–  ;–  ;–  ;–  ;45;–  ;–  ;–  ;–  ;2000;–  ;–  ;5300;–  ;–  ;3600;7000;5400;–  ;–  ;–  ;1450;11500;–  ;–  ;–  ;–  ;–  ;–  ;–  ;–  
31;Cibitung;CIBITUNG;10;Desa;Village;D:\KCDA\2025\031\Bab5.PNG;D:\KCDA\2025\031\G051.png;D:\KCDA\2025\031\G052.png;Sepanjang tahun 2024–2025,  terdapat 4 jenis tanaman sayuran/buah-buahan semusim yang dibudidayakan di Kecamatan Cibitung, yaitu cabai rawit, kacang panjang, ketimun, dan cabai keriting.  Pada tahun 2023, luas panen terbesar berasal dari tanaman Kacang Panjang dengan luas panen 13 ha.Tidak seperti gambaran luas panen, produksi terbesar berasal dari Ketimun, yaitu 559 kwintal. Lebih lanjut, untuk tahun 2024, luas panen terbesar dihasilkan oleh tanaman Cabai Rawit dengan luas panen 5 ha. Sama seperti luas panen, produksi terbesar berasal dari Cabai Rawit, yaitu 500 kwintal.;Selain sayuran dan buah-buahan semusim, didapati juga 3 jenis tanaman biofarma yang dibudidayakan di Kecamatan Cibitung, yaitu jahe, kapulaga, dan kencur.;Budidaya tanaman lain yang juga dapat dijumpai di Kecamatan Cibitung adalah 8 jenis buah-buahan tahunan, yaitu alpukat, duku/langsat/kokosan, jambu biji, mangga, pepaya, pisang, lemon, dan lengkeng.  Lebih lanjut, volume produksi tanaman buah-buahan tahunan utama untuk Tahun 2024 adalah pisang yaitu mencapai 12.700 kuintal. Sayang sekali, data produksi buah-buahan tahunan untuk tahun 2023 tidak tersedia.;Throughout 2023-2024, there are 7 types of annual vegetable/fruit crops that are cultivated in Cibitung District, namely bird's eye chili, long beans, cucumber, eggplant, tomato, big chili/bell pepper, and chili curly/chili pepper.  In 2023, the largest harvest area came from the crop Long Beans with a harvest area of 13 ha. Unlike the overview of the harvest area, the largest production came from cucumber, i.e. 559 kwintal. Furthermore, for 2024, the largest harvested area is generated by the crop Bird'S Eye Chili with a harvested area of 5 ha. Same as the harvest area, the largest production comes from Bird'S Eye Chili, i.e. 500 quintals.;In addition to annual vegetable and fruit crops, there are also found 3 kind of medicinal crops cultivated in Cibitung  District, which are ginger, java cardamom, and east indian galangal.;Other crop cultivations that can also be found in Cibitung District are 8 kind of parennial fruit crops, which are avocado, duku, guava, mango, papaya, banana, lemon, and dimocarpus longan.  Furthermore, the production volume of major parennial fruit crops for Year 2024 is banana reaching 12,700 quintals respectively. Unfortunately, the parennial fruit production data for 2023 is not available.;–  ;–  ;–  ;–  ;–  ;5;–  ;–  ;–  ;–  ;–  ;–  ;–  ;–  ;–  ;–  ;–  ;–  ;–  ;–  ;–  ;–  ;6;–  ;–  ;–  ;–  ;–  ;–  ;–  ;–  ;22;2;–  ;–  ;–  ;1;–  ;–  ;–  ;–  ;–  ;–  ;–  ;–  ;–  ;–  ;–  ;15;–  ;–  ;–  ;–  ;–  ;–  ;–  ;–  ;500;–  ;–  ;–  ;–  ;–  ;–  ;–  ;–  ;–  ;–  ;–  ;–  ;–  ;–  ;–  ;–  ;580;–  ;–  ;–  ;–  ;–  ;–  ;–  ;–  ;2.200;230;–  ;–  ;–  ;65;–  ;–  ;–  ;–  ;–  ;–  ;–  ;–  ;–  ;–  ;–  ;1.500;–  ;–  ;–  ;5.000;–  ;...  ;500;–  ;–  ;–  ;–  ;–  ;–  ;–  ;–  ;–  ;–  ;–  ;–  ;10.000;–  ;...  ;5.000;3.500;1.000;–  ;–  ;–  ;–  ;–  ;–  ;–  ;–  ;–  ;5.000;4.500;–  ;...  ;1.500;–  ;–  ;–  ;–  ;–  ;–  ;–  ;–  ;–  ;–  ;–  ;–  ;28.000;–  ;...  ;13.000;10.500;2.000;–  ;–  ;–  ;–  ;–  ;–  ;–  ;–  ;–  ;15.000;–  ;–  ;–  ;–  ;–  ;–  ;–  ;–  ;–  ;–  ;–  ;–  ;–  ;–  ;–  ;–  ;–  ;–  ;–  ;–  ;–  ;–  ;–  ;–  ;–  ;–  ;–  ;–  ;–  ;–  ;–  ;–  ;–  ;–  ;–  ;–  ;–  ;–  ;–  ;–  ;–  ;–  ;–  ;–  ;–  ;–  ;–  ;–  ;–  ;–  ;–  ;–  ;–  ;–  ;–  ;–  ;–  ;–  ;–  ;–  ;–  ;–  ;–  ;–  ;–  ;–  ;–  ;–  ;–  ;–  ;–  ;–  ;–  ;–  ;–  ;–  ;–  ;–  ;–  ;–  ;150;–  ;–  ;–  ;–  ;770;–  ;–  ;540;–  ;–  ;770;1500;1515;–  ;–  ;–  ;1125;12700;–  ;–  ;–  ;–  ;–  ;–  ;–  ;–  ;250;–  ;–  ;100;–  ;2000;–  ;–  ;650;–  ;–  ;1520;14500;1750;–  ;–  ;100;1485;25600;1000;–  ;–  ;–  ;–  ;–  ;–  ;–  
40;Cikeusik;CIKEUSIK;14;Desa;Village;D:\KCDA\2025\040\Bab5.PNG;D:\KCDA\2025\040\G051.png;D:\KCDA\2025\040\G052.png;Sepanjang tahun 2024–2025,  terdapat 5 jenis tanaman sayuran/buah-buahan semusim yang dibudidayakan di Kecamatan Cikeusik, yaitu cabai rawit, kacang panjang, ketimun, semangka, dan cabai keriting.  Pada tahun 2023, luas panen terbesar berasal dari tanaman Cabai Rawit dengan luas panen 8,75 ha.Sama seperti luas panen, produksi terbesar berasal dari Cabai Rawit, yaitu 745 kwintal. Lebih lanjut, untuk tahun 2024, luas panen terbesar dihasilkan oleh tanaman Cabai Rawit dengan luas panen 14 ha. Sama seperti luas panen, produksi terbesar berasal dari Cabai Rawit, yaitu 1.350 kwintal.;Selain sayuran dan buah-buahan semusim, didapati juga 3 jenis tanaman biofarma yang dibudidayakan di Kecamatan Cikeusik, yaitu jahe, kunyit, dan temulawak.;Budidaya tanaman lain yang juga dapat dijumpai di Kecamatan Cikeusik adalah 19 jenis buah-buahan tahunan, yaitu alpukat, belimbing, duku/langsat/kokosan, durian, jambu air, jambu biji, jengkol, jeruk siam/keprok, mangga, manggis, nangka/cempedak, nenas, pepaya, pisang, rambutan, sawo, sukun, buah naga, dan lemon.  Lebih lanjut, volume produksi tanaman buah-buahan tahunan utama untuk Tahun 2024 adalah duku/langsat/kokosan yaitu mencapai 12.980 kuintal. Adapun untuk produksi utama tanaman buah-buahan tahunan Tahun 2023 adalah lemon dengan volume sebesar 3.500 kuintal.;Throughout 2023-2024, there are 6 types of annual vegetable/fruit crops that are cultivated in Cikeusik District, namely bird's eye chili, long beans, water spinach, cucumber, eggplant, and chili curly/chili pepper.  In 2023, the largest harvest area came from the crop Bird'S Eye Chili with a harvest area of 8,75 ha.Just like the harvested area, the largest production came from bird's eye chili, which was 745 kwintal. Furthermore, for 2024, the largest harvested area is generated by the crop Bird'S Eye Chili with a harvested area of 14 ha. Same as the harvest area, the largest production comes from Bird'S Eye Chili, i.e. 1,350 quintals.;In addition to annual vegetable and fruit crops, there are also found 3 kind of medicinal crops cultivated in Cikeusik  District, which are ginger, turmeric, and java turmeric.;Other crop cultivations that can also be found in Cikeusik District are 19 kind of parennial fruit crops, which are avocado, star fruit, duku, durian, water apple, guava, jengkol, orange/tangerine, mango, mangosteen, jackfruit, pineapple, papaya, banana, rambutan, sapodilla/sawo, breadfruit, dragon fruit, and lemon.  Furthermore, the production volume of major parennial fruit crops for Year 2024 is duku reaching 12,980 quintals respectively. As for the main production of parennial fruit crops for Year 2023 is lemon with a volume of 3,500 quintals.;–  ;–  ;–  ;–  ;–  ;14;–  ;7;–  ;–  ;–  ;–  ;–  ;–  ;–  ;–  ;–  ;–  ;4;–  ;–  ;–  ;15;–  ;–  ;–  ;–  ;–  ;–  ;–  ;–  ;36;8;–  ;–  ;–  ;4;–  ;–  ;–  ;–  ;–  ;15;–  ;–  ;–  ;–  ;–  ;38;–  ;–  ;–  ;–  ;–  ;–  ;–  ;–  ;1.350;–  ;475;–  ;–  ;–  ;–  ;–  ;–  ;–  ;–  ;–  ;–  ;290;–  ;–  ;–  ;1480;–  ;–  ;–  ;–  ;–  ;–  ;–  ;–  ;3.600;810;–  ;–  ;–  ;450;–  ;–  ;–  ;–  ;–  ;750;–  ;–  ;–  ;–  ;–  ;3.800;–  ;–  ;–  ;20.000;–  ;...  ;–  ;–  ;–  ;–  ;–  ;–  ;–  ;–  ;–  ;–  ;–  ;–  ;–  ;21.000;–  ;...  ;8.000;1.000;–  ;–  ;–  ;–  ;–  ;–  ;–  ;–  ;–  ;–  ;–  ;40.000;–  ;...  ;–  ;–  ;–  ;–  ;–  ;–  ;–  ;–  ;–  ;–  ;–  ;–  ;–  ;50.000;–  ;...  ;16.000;3.000;–  ;–  ;–  ;–  ;–  ;–  ;–  ;–  ;–  ;–  ;–  ;–  ;–  ;–  ;–  ;–  ;–  ;–  ;–  ;–  ;–  ;–  ;–  ;–  ;–  ;–  ;–  ;–  ;–  ;–  ;–  ;–  ;–  ;–  ;–  ;–  ;–  ;–  ;–  ;–  ;–  ;–  ;–  ;–  ;–  ;–  ;–  ;–  ;–  ;–  ;–  ;–  ;–  ;–  ;–  ;–  ;–  ;–  ;–  ;–  ;–  ;–  ;–  ;–  ;–  ;–  ;–  ;–  ;–  ;–  ;–  ;–  ;–  ;–  ;–  ;–  ;–  ;–  ;–  ;–  ;–  ;–  ;–  ;–  ;–  ;–  ;–  ;–  ;–  ;–  ;–  ;200;–  ;–  ;–  ;2300;12980;–  ;–  ;1005;–  ;–  ;318;–  ;1000;–  ;–  ;27;410;7350;5440;–  ;–  ;–  ;–  ;–  ;–  ;–  ;150;–  ;–  ;–  ;520;17000;–  ;–  ;700;–  ;–  ;220;–  ;2500;–  ;–  ;25;450;13800;–  ;–  ;–  ;–  ;–  ;–  ;–  ;–  
50;Cigeulis;CIGEULIS;9;Desa;Village;D:\KCDA\2025\050\Bab5.PNG;D:\KCDA\2025\050\G051.png;D:\KCDA\2025\050\G052.png;Sepanjang tahun 2024–2025,  terdapat 7 jenis tanaman sayuran/buah-buahan semusim yang dibudidayakan di Kecamatan Cigeulis, yaitu cabai rawit, kacang panjang, kangkung, ketimun, melon, terung, dan cabai keriting.  Pada tahun 2023, luas panen terbesar berasal dari tanaman Cabai Rawit dengan luas panen 13 ha.Sama seperti luas panen, produksi terbesar berasal dari Cabai Rawit, yaitu 1.050 kwintal. Lebih lanjut, untuk tahun 2024, luas panen terbesar dihasilkan oleh tanaman Cabai Rawit dengan luas panen 22,5 ha. Sama seperti luas panen, produksi terbesar berasal dari Cabai Rawit, yaitu 2.240 kwintal.;Selain sayuran dan buah-buahan semusim, didapati juga 5 jenis tanaman biofarma yang dibudidayakan di Kecamatan Cigeulis, yaitu jahe, kapulaga, kencur, kunyit, dan temulawak.;Budidaya tanaman lain yang juga dapat dijumpai di Kecamatan Cigeulis adalah 14 jenis buah-buahan tahunan, yaitu alpukat, apel, duku/langsat/kokosan, durian, jambu biji, mangga, nangka/cempedak, nenas, pepaya, pisang, rambutan, sukun, lemon, dan lengkeng.  Lebih lanjut, volume produksi tanaman buah-buahan tahunan utama untuk Tahun 2024 adalah duku/langsat/kokosan yaitu mencapai 11.500 kuintal. Adapun untuk produksi utama tanaman buah-buahan tahunan Tahun 2023 adalah duku/langsat/kokosan dengan volume sebesar 13.710 kuintal.;Throughout 2023-2024, there are 7 types of annual vegetable/fruit crops that are cultivated in Cigeulis District, namely bird's eye chili, long beans, water spinach, cucumber, melon, eggplant, and chili curly/chili pepper.  In 2023, the largest harvest area came from the crop Bird'S Eye Chili with a harvest area of 13 ha.Just like the harvested area, the largest production came from bird's eye chili, which was 1.050 kwintal. Furthermore, for 2024, the largest harvested area is generated by the crop Bird'S Eye Chili with a harvested area of 22,5 ha. Same as the harvest area, the largest production comes from Bird'S Eye Chili, i.e. 2,240 quintals.;In addition to annual vegetable and fruit crops, there are also found 5 kind of medicinal crops cultivated in Cigeulis  District, which are ginger, java cardamom, east indian galangal, turmeric, and java turmeric.;Other crop cultivations that can also be found in Cigeulis District are 14 kind of parennial fruit crops, which are avocado, apple, duku, durian, guava, mango, jackfruit, pineapple, papaya, banana, rambutan, breadfruit, lemon, and dimocarpus longan.  Furthermore, the production volume of major parennial fruit crops for Year 2024 is duku reaching 11,500 quintals respectively. As for the main production of parennial fruit crops for Year 2023 is duku with a volume of 13,710 quintals.;–  ;–  ;–  ;–  ;–  ;22,5;8;1;–  ;–  ;7;–  ;–  ;0,5;–  ;–  ;–  ;–  ;1;–  ;–  ;–  ;20,5;–  ;–  ;–  ;–  ;–  ;–  ;–  ;–  ;46;5;–  ;–  ;–  ;–  ;–  ;–  ;–  ;–  ;–  ;8;–  ;–  ;–  ;–  ;–  ;27;–  ;–  ;–  ;–  ;–  ;–  ;–  ;–  ;2.240;565;65;–  ;–  ;560;–  ;–  ;100;–  ;–  ;–  ;–  ;65;–  ;–  ;–  ;2040;–  ;–  ;–  ;–  ;–  ;–  ;–  ;–  ;4.300;395;–  ;–  ;–  ;–  ;–  ;–  ;–  ;–  ;–  ;2.400,00;–  ;–  ;–  ;–  ;–  ;2.700;–  ;–  ;–  ;13.000;–  ;...  ;–  ;500;100;–  ;–  ;–  ;–  ;–  ;–  ;–  ;–  ;–  ;50;10.000;12.000;...  ;4.000;2.000;–  ;–  ;–  ;–  ;–  ;–  ;–  ;–  ;–  ;–  ;3.000;10.000;–  ;...  ;–  ;240;250;–  ;–  ;–  ;–  ;–  ;–  ;–  ;–  ;–  ;150;25.000;32.000;...  ;8.000;6.000;–  ;–  ;–  ;–  ;–  ;–  ;–  ;–  ;–  ;–  ;9.000;–  ;–  ;–  ;–  ;–  ;–  ;–  ;–  ;–  ;–  ;–  ;–  ;–  ;–  ;–  ;–  ;–  ;–  ;–  ;–  ;–  ;–  ;–  ;–  ;–  ;–  ;–  ;–  ;–  ;–  ;–  ;–  ;–  ;–  ;–  ;–  ;–  ;–  ;–  ;–  ;–  ;–  ;–  ;–  ;–  ;–  ;–  ;–  ;–  ;–  ;–  ;–  ;–  ;–  ;–  ;–  ;–  ;–  ;–  ;–  ;–  ;–  ;–  ;–  ;–  ;–  ;–  ;–  ;–  ;–  ;–  ;–  ;–  ;–  ;–  ;–  ;–  ;–  ;–  ;–  ;150;–  ;–  ;–  ;–  ;11500;–  ;–  ;1200;–  ;–  ;170;150;8000;–  ;–  ;–  ;2050;7700;4000;–  ;–  ;–  ;–  ;–  ;–  ;–  ;250;–  ;–  ;–  ;–  ;14000;–  ;–  ;1300;–  ;–  ;100;410;4800;–  ;–  ;–  ;3500;19500;4000;–  ;–  ;–  ;–  ;–  ;–  ;–  
60;Panimbang;PANIMBANG;6;Desa;Village;D:\KCDA\2025\060\Bab5.PNG;D:\KCDA\2025\060\G051.png;D:\KCDA\2025\060\G052.png;Sepanjang tahun 2024–2025,  terdapat 5 jenis tanaman sayuran/buah-buahan semusim yang dibudidayakan di Kecamatan Panimbang, yaitu bawang merah, cabai rawit, kacang panjang, semangka, dan cabai keriting.  Pada tahun 2023, luas panen terbesar berasal dari tanaman Cabai Rawit dengan luas panen 13 ha.Sama seperti luas panen, produksi terbesar berasal dari Cabai Rawit, yaitu 1.050 kwintal. Lebih lanjut, untuk tahun 2024, luas panen terbesar dihasilkan oleh tanaman Cabai Rawit dengan luas panen 22,5 ha. Sama seperti luas panen, produksi terbesar berasal dari Cabai Rawit, yaitu 2.240 kwintal.;Selain sayuran dan buah-buahan semusim, didapati juga 9 jenis tanaman biofarma yang dibudidayakan di Kecamatan Panimbang, yaitu jahe, kapulaga, kencur, kunyit, lidah buaya, mahkota dewa, sambiloto, temuireng, dan temulawak.;#N/A;#N/A;In addition to annual vegetable and fruit crops, there are also found 9 kind of medicinal crops cultivated in Panimbang  District, which are ginger, java cardamom, east indian galangal, turmeric, aloevera, phaleria macrocarpa, king of bitter, black turmeric, and java turmeric.;#N/A;–  ;–  ;–  ;–  ;–  ;5;–  ;–  ;–  ;–  ;–  ;–  ;–  ;–  ;–  ;–  ;–  ;–  ;–  ;–  ;–  ;–  ;5;–  ;–  ;–  ;–  ;13;–  ;–  ;–  ;17;6;–  ;–  ;–  ;–  ;–  ;–  ;–  ;–  ;–  ;6;–  ;–  ;–  ;–  ;–  ;15;–  ;–  ;–  ;–  ;–  ;–  ;–  ;–  ;500;–  ;–  ;–  ;–  ;–  ;–  ;–  ;–  ;–  ;–  ;–  ;–  ;–  ;–  ;–  ;–  ;500;–  ;–  ;–  ;–  ;1.470;–  ;–  ;–  ;1.700;550;–  ;–  ;–  ;–  ;–  ;–  ;–  ;–  ;–  ;1.800,00;–  ;–  ;–  ;–  ;–  ;1.500;–  ;–  ;–  ;13.000;–  ;...  ;500;–  ;–  ;–  ;–  ;–  ;–  ;–  ;–  ;–  ;–  ;–  ;–  ;2.000;–  ;...  ;1.500;–  ;–  ;–  ;–  ;–  ;–  ;–  ;–  ;–  ;–  ;–  ;–  ;19.000;–  ;...  ;1.500;–  ;–  ;–  ;–  ;–  ;–  ;–  ;–  ;–  ;–  ;–  ;–  ;6.000;–  ;...  ;4.000;–  ;–  ;–  ;–  ;–  ;–  ;–  ;–  ;–  ;–  ;–  ;–  ;–  ;–  ;–  ;–  ;–  ;–  ;–  ;–  ;–  ;–  ;–  ;–  ;–  ;–  ;–  ;–  ;–  ;–  ;–  ;–  ;–  ;–  ;–  ;–  ;–  ;–  ;–  ;–  ;–  ;–  ;–  ;–  ;–  ;–  ;–  ;–  ;–  ;–  ;–  ;–  ;–  ;–  ;–  ;–  ;–  ;–  ;–  ;–  ;–  ;–  ;–  ;–  ;–  ;–  ;–  ;–  ;–  ;–  ;–  ;–  ;–  ;–  ;–  ;–  ;–  ;–  ;–  ;–  ;–  ;–  ;–  ;–  ;–  ;–  ;–  ;–  ;–  ;–  ;–  ;–  ;–  ;–  ;–  ;–  ;–  ;–  ;–  ;–  ;–  ;–  ;–  ;–  ;–  ;–  ;–  ;–  ;–  ;–  ;–  ;–  ;–  ;–  ;–  ;–  ;–  ;–  ;–  ;–  ;–  ;–  ;–  ;–  ;–  ;–  ;–  ;400;–  ;–  ;–  ;–  ;–  ;–  ;–  ;30;250;4900;–  ;–  ;–  ;–  ;–  ;–  ;–  ;–  
61;Sobang;SOBANG;8;Desa;Village;D:\KCDA\2025\061\Bab5.PNG;D:\KCDA\2025\061\G051.png;D:\KCDA\2025\061\G052.png;Sepanjang tahun 2024–2025,  terdapat 3 jenis tanaman sayuran/buah-buahan semusim yang dibudidayakan di Kecamatan Sobang, yaitu cabai rawit, terung, dan cabai keriting.  Pada tahun 2023, luas panen terbesar berasal dari tanaman Kacang Panjang dengan luas panen 11 ha.Sama seperti luas panen, produksi terbesar berasal dari Kacang Panjang, yaitu 452 kwintal. Lebih lanjut, untuk tahun 2024, luas panen terbesar dihasilkan oleh tanaman Cabai Rawit dengan luas panen 5 ha. Sama seperti luas panen, produksi terbesar berasal dari Cabai Rawit, yaitu 500 kwintal.;Selain sayuran dan buah-buahan semusim, didapati juga 4 jenis tanaman biofarma yang dibudidayakan di Kecamatan Sobang, yaitu jahe, kapulaga, kencur, dan kunyit.;Budidaya tanaman lain yang juga dapat dijumpai di Kecamatan Sobang adalah 13 jenis buah-buahan tahunan, yaitu alpukat, belimbing, duku/langsat/kokosan, durian, jambu biji, jengkol, mangga, manggis, nenas, pepaya, pisang, lemon, dan lengkeng.  Lebih lanjut, volume produksi tanaman buah-buahan tahunan utama untuk Tahun 2024 adalah duku/langsat/kokosan yaitu mencapai 600 kuintal. Adapun untuk produksi utama tanaman buah-buahan tahunan Tahun 2023 adalah lemon dengan volume sebesar 6.871 kuintal.;Throughout 2023-2024, there are 9 types of annual vegetable/fruit crops that are cultivated in Sobang District, namely bird's eye chili, long beans, cucumber, melon, water melon, eggplant, tomato, big chili/bell pepper, and chili curly/chili pepper.  In 2023, the largest harvest area came from the crop Long Beans with a harvest area of 11 ha.Just like the harvested area, the largest production came from long beans, which was 452 kwintal. Furthermore, for 2024, the largest harvested area is generated by the crop Bird'S Eye Chili with a harvested area of 5 ha. Same as the harvest area, the largest production comes from Bird'S Eye Chili, i.e. 500 quintals.;In addition to annual vegetable and fruit crops, there are also found 4 kind of medicinal crops cultivated in Sobang  District, which are ginger, java cardamom, east indian galangal, and turmeric.;Other crop cultivations that can also be found in Sobang District are 13 kind of parennial fruit crops, which are avocado, star fruit, duku, durian, guava, jengkol, mango, mangosteen, pineapple, papaya, banana, lemon, and dimocarpus longan.  Furthermore, the production volume of major parennial fruit crops for Year 2024 is duku reaching 600 quintals respectively. As for the main production of parennial fruit crops for Year 2023 is lemon with a volume of 6,871 quintals.;–  ;–  ;–  ;–  ;–  ;5;–  ;–  ;–  ;–  ;–  ;–  ;–  ;–  ;–  ;–  ;–  ;–  ;1;–  ;–  ;–  ;8;–  ;–  ;–  ;–  ;–  ;–  ;–  ;–  ;13;–  ;–  ;–  ;–  ;–  ;–  ;–  ;–  ;–  ;–  ;–  ;–  ;–  ;–  ;–  ;–  ;9;–  ;–  ;–  ;–  ;–  ;–  ;–  ;–  ;500;–  ;–  ;–  ;–  ;–  ;–  ;–  ;–  ;–  ;–  ;–  ;–  ;76;–  ;–  ;–  ;800;–  ;–  ;–  ;–  ;–  ;–  ;–  ;–  ;1.300;–  ;–  ;–  ;–  ;–  ;–  ;–  ;–  ;–  ;–  ;–  ;–  ;–  ;–  ;–  ;–  ;900;–  ;–  ;–  ;10.000;–  ;...  ;1.000;–  ;–  ;–  ;–  ;–  ;–  ;–  ;–  ;–  ;–  ;–  ;–  ;2.000;–  ;...  ;–  ;–  ;–  ;–  ;–  ;–  ;–  ;–  ;–  ;–  ;–  ;–  ;–  ;20.000;–  ;...  ;3.000;–  ;–  ;–  ;–  ;–  ;–  ;–  ;–  ;–  ;–  ;–  ;–  ;6.000;–  ;...  ;–  ;–  ;–  ;–  ;–  ;–  ;–  ;–  ;–  ;–  ;–  ;–  ;–  ;–  ;–  ;–  ;–  ;–  ;–  ;–  ;–  ;–  ;–  ;–  ;–  ;–  ;–  ;–  ;–  ;–  ;–  ;–  ;–  ;–  ;–  ;–  ;–  ;–  ;–  ;–  ;–  ;–  ;–  ;–  ;–  ;–  ;–  ;–  ;–  ;–  ;–  ;–  ;–  ;–  ;–  ;–  ;–  ;–  ;–  ;–  ;–  ;–  ;–  ;–  ;–  ;–  ;–  ;–  ;–  ;–  ;–  ;–  ;–  ;–  ;–  ;–  ;–  ;–  ;–  ;–  ;–  ;–  ;–  ;–  ;–  ;–  ;–  ;–  ;–  ;–  ;–  ;–  ;–  ;10;–  ;–  ;–  ;–  ;600;–  ;–  ;40;–  ;–  ;152;15;92;–  ;–  ;–  ;73;–  ;–  ;–  ;–  ;–  ;–  ;–  ;–  ;–  ;40;–  ;–  ;–  ;–  ;1000;–  ;–  ;–  ;–  ;–  ;100;90;–  ;–  ;–  ;–  ;–  ;–  ;–  ;–  ;–  ;–  ;–  ;–  ;–  ;–  
70;Munjul;MUNJUL;9;Desa;Village;D:\KCDA\2025\070\Bab5.PNG;D:\KCDA\2025\070\G051.png;D:\KCDA\2025\070\G052.png;Sepanjang tahun 2024–2025,  terdapat 6 jenis tanaman sayuran/buah-buahan semusim yang dibudidayakan di Kecamatan Munjul, yaitu cabai rawit, kacang panjang, kangkung, ketimun, terung, dan cabai keriting.  Pada tahun 2023, luas panen terbesar berasal dari tanaman Kacang Panjang dengan luas panen 4,5 ha.Tidak seperti gambaran luas panen, produksi terbesar berasal dari Cabai Rawit, yaitu 210 kwintal. Lebih lanjut, untuk tahun 2024, luas panen terbesar dihasilkan oleh tanaman Kacang Panjang dengan luas panen 4 ha. Berbeda dengan luas panen, produksi terbesar berasal dari Ketimun, yaitu 250 kwintal.;Selain sayuran dan buah-buahan semusim, didapati juga 6 jenis tanaman biofarma yang dibudidayakan di Kecamatan Munjul, yaitu jahe, kapulaga, kencur, kunyit, mengkudu/pace, dan temulawak.;Budidaya tanaman lain yang juga dapat dijumpai di Kecamatan Munjul adalah 10 jenis buah-buahan tahunan, yaitu duku/langsat/kokosan, durian, manggis, nangka/cempedak, nenas, pepaya, pisang, rambutan, sirsak, dan lemon.  Lebih lanjut, volume produksi tanaman buah-buahan tahunan utama untuk Tahun 2024 adalah pisang yaitu mencapai 5.200 kuintal. Adapun untuk produksi utama tanaman buah-buahan tahunan Tahun 2023 adalah lemon dengan volume sebesar 431 kuintal.;Throughout 2023-2024, there are 6 types of annual vegetable/fruit crops that are cultivated in Munjul District, namely bird's eye chili, long beans, water spinach, cucumber, eggplant, and chili curly/chili pepper.  In 2023, the largest harvest area came from the crop Long Beans with a harvest area of 4,5 ha. Unlike the overview of the harvest area, the largest production came from bird's eye chili, i.e. 210 kwintal. Furthermore, for 2024, the largest harvested area is generated by the crop Long Beans with a harvested area of 4 ha. Unlike the harvest area, the largest production comes from Cucumber, i.e. 250 quintals.;In addition to annual vegetable and fruit crops, there are also found 6 kind of medicinal crops cultivated in Munjul  District, which are ginger, java cardamom, east indian galangal, turmeric, indian mulberry, and java turmeric.;Other crop cultivations that can also be found in Munjul District are 10 kind of parennial fruit crops, which are duku, durian, mangosteen, jackfruit, pineapple, papaya, banana, rambutan, soursop, and lemon.  Furthermore, the production volume of major parennial fruit crops for Year 2024 is banana reaching 5,200 quintals respectively. As for the main production of parennial fruit crops for Year 2023 is lemon with a volume of 431 quintals.;–  ;–  ;–  ;–  ;–  ;2,3;4;0,5;–  ;–  ;3,5;–  ;–  ;–  ;–  ;–  ;–  ;–  ;0,5;–  ;–  ;–  ;2,8;–  ;–  ;–  ;–  ;–  ;–  ;–  ;–  ;26;–  ;–  ;–  ;–  ;7;–  ;–  ;–  ;–  ;–  ;–  ;–  ;–  ;–  ;–  ;–  ;17;–  ;–  ;–  ;–  ;–  ;–  ;–  ;–  ;245;175;15;–  ;–  ;250;–  ;–  ;–  ;–  ;–  ;–  ;–  ;35;–  ;–  ;–  ;280;–  ;–  ;–  ;–  ;–  ;–  ;–  ;–  ;2.600;–  ;–  ;–  ;–  ;610;–  ;–  ;–  ;–  ;–  ;–  ;–  ;–  ;–  ;–  ;–  ;1.700;–  ;–  ;–  ;80.000;–  ;...  ;–  ;–  ;–  ;–  ;–  ;–  ;–  ;–  ;–  ;–  ;–  ;–  ;–  ;9.000;–  ;...  ;1.000;1.000;–  ;–  ;–  ;–  ;–  ;–  ;–  ;–  ;–  ;–  ;–  ;78.000;–  ;...  ;–  ;–  ;–  ;–  ;–  ;–  ;–  ;–  ;–  ;–  ;–  ;–  ;–  ;20.000;–  ;...  ;3.000;4.000;–  ;–  ;–  ;–  ;–  ;–  ;–  ;–  ;–  ;–  ;–  ;–  ;–  ;–  ;–  ;–  ;–  ;–  ;–  ;–  ;–  ;–  ;–  ;–  ;–  ;–  ;–  ;–  ;–  ;–  ;–  ;–  ;–  ;–  ;–  ;–  ;–  ;–  ;–  ;–  ;–  ;–  ;–  ;–  ;–  ;–  ;–  ;–  ;–  ;–  ;–  ;–  ;–  ;–  ;–  ;–  ;–  ;–  ;–  ;–  ;–  ;–  ;–  ;–  ;–  ;–  ;–  ;–  ;–  ;–  ;–  ;–  ;–  ;–  ;–  ;–  ;–  ;–  ;–  ;–  ;–  ;–  ;–  ;–  ;–  ;–  ;–  ;–  ;–  ;–  ;–  ;–  ;–  ;–  ;–  ;–  ;220;–  ;–  ;–  ;–  ;–  ;320;–  ;–  ;–  ;–  ;–  ;–  ;5200;210;–  ;–  ;–  ;–  ;–  ;–  ;–  ;–  ;–  ;–  ;–  ;–  ;600;–  ;–  ;–  ;–  ;–  ;100;–  ;–  ;–  ;–  ;–  ;–  ;8180;–  ;–  ;–  ;–  ;–  ;–  ;–  ;–  
71;Angsana;ANGSANA;9;Desa;Village;D:\KCDA\2025\071\Bab5.PNG;D:\KCDA\2025\071\G051.png;D:\KCDA\2025\071\G052.png;Sepanjang tahun 2024–2025,  terdapat 7 jenis tanaman sayuran/buah-buahan semusim yang dibudidayakan di Kecamatan Angsana, yaitu cabai rawit, kacang panjang, kangkung, ketimun, terung, tomat, dan cabai keriting.  Pada tahun 2023, luas panen terbesar berasal dari tanaman Cabai Rawit dengan luas panen 7,7 ha.Sama seperti luas panen, produksi terbesar berasal dari Cabai Rawit, yaitu 570 kwintal. Lebih lanjut, untuk tahun 2024, luas panen terbesar dihasilkan oleh tanaman Cabai Rawit dengan luas panen 15 ha. Sama seperti luas panen, produksi terbesar berasal dari Cabai Rawit, yaitu 1.490 kwintal.;Selain sayuran dan buah-buahan semusim, didapati juga 4 jenis tanaman biofarma yang dibudidayakan di Kecamatan Angsana, yaitu jahe, kapulaga, kunyit, dan temulawak.;Budidaya tanaman lain yang juga dapat dijumpai di Kecamatan Angsana adalah 6 jenis buah-buahan tahunan, yaitu alpukat, durian, nenas, pepaya, pisang, dan lemon.  Lebih lanjut, volume produksi tanaman buah-buahan tahunan utama untuk Tahun 2024 adalah pisang yaitu mencapai 6.100 kuintal. Adapun untuk produksi utama tanaman buah-buahan tahunan Tahun 2023 adalah lemon dengan volume sebesar 2.192 kuintal.;Throughout 2023-2024, there are 7 types of annual vegetable/fruit crops that are cultivated in Angsana District, namely bird's eye chili, long beans, water spinach, cucumber, eggplant, tomato, and chili curly/chili pepper.  In 2023, the largest harvest area came from the crop Bird'S Eye Chili with a harvest area of 7,7 ha.Just like the harvested area, the largest production came from bird's eye chili, which was 570 kwintal. Furthermore, for 2024, the largest harvested area is generated by the crop Bird'S Eye Chili with a harvested area of 15 ha. Same as the harvest area, the largest production comes from Bird'S Eye Chili, i.e. 1,490 quintals.;In addition to annual vegetable and fruit crops, there are also found 4 kind of medicinal crops cultivated in Angsana  District, which are ginger, java cardamom, turmeric, and java turmeric.;Other crop cultivations that can also be found in Angsana District are 6 kind of parennial fruit crops, which are avocado, durian, pineapple, papaya, banana, and lemon.  Furthermore, the production volume of major parennial fruit crops for Year 2024 is banana reaching 6,100 quintals respectively. As for the main production of parennial fruit crops for Year 2023 is lemon with a volume of 2,192 quintals.;–  ;–  ;–  ;–  ;–  ;15;–  ;–  ;–  ;–  ;4;–  ;–  ;–  ;–  ;–  ;–  ;–  ;5;–  ;–  ;–  ;9;–  ;–  ;–  ;–  ;–  ;–  ;–  ;–  ;10;–  ;–  ;–  ;–  ;–  ;–  ;–  ;–  ;–  ;–  ;–  ;–  ;–  ;–  ;–  ;–  ;14;–  ;–  ;–  ;–  ;–  ;–  ;–  ;–  ;1.490;–  ;–  ;–  ;–  ;245;–  ;–  ;–  ;–  ;–  ;–  ;–  ;345;–  ;–  ;–  ;900;–  ;–  ;–  ;–  ;–  ;–  ;–  ;–  ;1.000;–  ;–  ;–  ;–  ;–  ;–  ;–  ;–  ;–  ;–  ;–  ;–  ;–  ;–  ;–  ;–  ;1.400;–  ;–  ;–  ;8.000;–  ;...  ;500;–  ;–  ;–  ;–  ;–  ;–  ;–  ;–  ;–  ;–  ;–  ;1.000;–  ;–  ;...  ;2.000;2.000;–  ;–  ;–  ;–  ;–  ;–  ;–  ;–  ;–  ;–  ;2.000;7.500;–  ;...  ;1.500;–  ;–  ;–  ;–  ;–  ;–  ;–  ;–  ;–  ;–  ;–  ;3.500;–  ;–  ;...  ;6.000;6.000;–  ;–  ;–  ;–  ;–  ;–  ;–  ;–  ;–  ;–  ;7.000;–  ;–  ;–  ;–  ;–  ;–  ;–  ;–  ;–  ;–  ;–  ;–  ;–  ;–  ;–  ;–  ;–  ;–  ;–  ;–  ;–  ;–  ;–  ;–  ;–  ;–  ;–  ;–  ;–  ;–  ;–  ;–  ;–  ;–  ;–  ;–  ;–  ;–  ;–  ;–  ;–  ;–  ;–  ;–  ;–  ;–  ;–  ;–  ;–  ;–  ;–  ;–  ;–  ;–  ;–  ;–  ;–  ;–  ;–  ;–  ;–  ;–  ;–  ;–  ;–  ;–  ;–  ;–  ;–  ;–  ;–  ;–  ;–  ;–  ;–  ;–  ;–  ;–  ;–  ;–  ;5;–  ;–  ;–  ;–  ;–  ;–  ;–  ;–  ;–  ;–  ;–  ;–  ;–  ;–  ;–  ;–  ;–  ;6100;–  ;–  ;–  ;–  ;–  ;–  ;–  ;–  ;20;–  ;–  ;–  ;–  ;–  ;–  ;–  ;–  ;–  ;–  ;–  ;–  ;–  ;–  ;–  ;120;–  ;13200;–  ;–  ;–  ;–  ;–  ;–  ;–  ;–  
72;Sindangresmi;SINDANGRESMI;9;Desa;Village;D:\KCDA\2025\072\Bab5.PNG;D:\KCDA\2025\072\G051.png;D:\KCDA\2025\072\G052.png;Sepanjang tahun 2024–2025,  terdapat 12 jenis tanaman sayuran/buah-buahan semusim yang dibudidayakan di Kecamatan Sindangresmi, yaitu bayam, cabai rawit, kacang panjang, kangkung, ketimun, labu siam, paprika, semangka, terung, tomat, cabai besar/cabai TW, dan cabai keriting.  Pada tahun 2023, luas panen terbesar berasal dari tanaman Cabai Rawit dengan luas panen 16 ha.Sama seperti luas panen, produksi terbesar berasal dari Cabai Rawit, yaitu 1.400 kwintal. Lebih lanjut, untuk tahun 2024, luas panen terbesar dihasilkan oleh tanaman Semangka dengan luas panen 3 ha. Sama seperti luas panen, produksi terbesar berasal dari Semangka, yaitu 452 kwintal.;Selain sayuran dan buah-buahan semusim, didapati juga 4 jenis tanaman biofarma yang dibudidayakan di Kecamatan Sindangresmi, yaitu jahe, kapulaga, kencur, dan temulawak.;Budidaya tanaman lain yang juga dapat dijumpai di Kecamatan Sindangresmi adalah 17 jenis buah-buahan tahunan, yaitu alpukat, apel, belimbing, duku/langsat/kokosan, durian, jambu air, jambu biji, mangga, manggis, nenas, pepaya, pisang, rambutan, salak, buah naga, lemon, dan lengkeng.  Lebih lanjut, volume produksi tanaman buah-buahan tahunan utama untuk Tahun 2024 adalah pisang yaitu mencapai 5.270 kuintal. Adapun untuk produksi utama tanaman buah-buahan tahunan Tahun 2023 adalah rambutan dengan volume sebesar 4.483 kuintal.;Throughout 2023-2024, there are 12 types of annual vegetable/fruit crops that are cultivated in Sindangresmi District, namely spinach, bird's eye chili, long beans, water spinach, cucumber, chayote, bell pepper, water melon, eggplant, tomato, big chili/bell pepper, and chili curly/chili pepper.  In 2023, the largest harvest area came from the crop Bird'S Eye Chili with a harvest area of 16 ha.Just like the harvested area, the largest production came from bird's eye chili, which was 1.400 kwintal. Furthermore, for 2024, the largest harvested area is generated by the crop Water Melon with a harvested area of 3 ha. Same as the harvest area, the largest production comes from Water Melon, i.e. 452 quintals.;In addition to annual vegetable and fruit crops, there are also found 4 kind of medicinal crops cultivated in Sindangresmi  District, which are ginger, java cardamom, east indian galangal, and java turmeric.;Other crop cultivations that can also be found in Sindangresmi District are 17 kind of parennial fruit crops, which are avocado, apple, star fruit, duku, durian, water apple, guava, mango, mangosteen, pineapple, papaya, banana, rambutan, snakefruit, dragon fruit, lemon, and dimocarpus longan.  Furthermore, the production volume of major parennial fruit crops for Year 2024 is banana reaching 5,270 quintals respectively. As for the main production of parennial fruit crops for Year 2023 is rambutan with a volume of 4,483 quintals.;–  ;–  ;–  ;–  ;–  ;0,25;0,25;0,25;–  ;–  ;2,5;–  ;–  ;–  ;–  ;–  ;3;–  ;1,75;0,5;–  ;–  ;–  ;–  ;–  ;–  ;–  ;–  ;–  ;–  ;–  ;14;7;–  ;–  ;–  ;–  ;–  ;–  ;–  ;–  ;–  ;–  ;–  ;–  ;–  ;–  ;–  ;19;–  ;–  ;–  ;–  ;–  ;–  ;–  ;–  ;25;20;32;–  ;–  ;285;–  ;–  ;–  ;–  ;–  ;452;–  ;255;35;–  ;–  ;–  ;–  ;–  ;–  ;–  ;–  ;–  ;–  ;–  ;1.400;745;–  ;–  ;–  ;–  ;–  ;–  ;–  ;–  ;–  ;–  ;–  ;–  ;–  ;–  ;–  ;1.900;–  ;–  ;–  ;570;–  ;...  ;1.400;500;–  ;–  ;–  ;–  ;–  ;–  ;–  ;–  ;–  ;–  ;550;5.000;–  ;...  ;–  ;–  ;–  ;–  ;–  ;–  ;–  ;–  ;–  ;–  ;–  ;–  ;–  ;515;–  ;...  ;1.500;500;–  ;–  ;–  ;–  ;–  ;–  ;–  ;–  ;–  ;–  ;1.800;14.000;–  ;...  ;–  ;–  ;–  ;–  ;–  ;–  ;–  ;–  ;–  ;–  ;–  ;–  ;–  ;–  ;–  ;–  ;–  ;–  ;–  ;–  ;–  ;–  ;–  ;–  ;–  ;–  ;–  ;–  ;–  ;–  ;–  ;–  ;–  ;–  ;–  ;–  ;–  ;–  ;–  ;–  ;–  ;–  ;–  ;–  ;–  ;–  ;–  ;–  ;–  ;–  ;–  ;–  ;–  ;–  ;–  ;–  ;–  ;–  ;–  ;–  ;–  ;–  ;–  ;–  ;–  ;–  ;–  ;–  ;–  ;–  ;–  ;–  ;–  ;–  ;–  ;–  ;–  ;–  ;–  ;–  ;–  ;–  ;–  ;–  ;–  ;–  ;–  ;–  ;–  ;–  ;–  ;–  ;–  ;305;–  ;–  ;143;190;1980;620;220;1825;–  ;–  ;5020;4200;65;310;–  ;1970;40;5270;1780;500;–  ;–  ;–  ;–  ;–  ;–  ;200;–  ;–  ;150;–  ;3350;300;500;800;–  ;–  ;700;5000;–  ;820;–  ;1200;50;1140;500;110;–  ;–  ;–  ;–  ;–  ;–  
80;Picung;PICUNG;9;Desa;Village;D:\KCDA\2025\080\Bab5.PNG;D:\KCDA\2025\080\G051.png;D:\KCDA\2025\080\G052.png;Sepanjang tahun 2024–2025,  terdapat 6 jenis tanaman sayuran/buah-buahan semusim yang dibudidayakan di Kecamatan Picung, yaitu cabai rawit, kacang panjang, ketimun, semangka, terung, dan cabai keriting.  Pada tahun 2023, luas panen terbesar berasal dari tanaman Cabai Rawit dengan luas panen 3 ha.Tidak seperti gambaran luas panen, produksi terbesar berasal dari Semangka, yaitu 400 kwintal. Lebih lanjut, untuk tahun 2024, luas panen terbesar dihasilkan oleh tanaman Kacang Panjang dan Ketimun dengan luas panen masing-masing 5 ha dan 5 ha.  Berbeda dengan luas panen, produksi terbesar berasal dari Ketimun, yaitu 235 kwintal.;Selain sayuran dan buah-buahan semusim, didapati juga 1 jenis tanaman biofarma yang dibudidayakan di Kecamatan Picung, yaitu jahe;Budidaya tanaman lain yang juga dapat dijumpai di Kecamatan Picung adalah 20 jenis buah-buahan tahunan, yaitu alpukat, apel, duku/langsat/kokosan, durian, jambu air, jambu biji, mangga, manggis, nangka/cempedak, nenas, pepaya, pisang, rambutan, salak, sawo, sirsak, sukun, buah naga, lemon, dan lengkeng.  Lebih lanjut, volume produksi tanaman buah-buahan tahunan utama untuk Tahun 2024 adalah pisang yaitu mencapai 29.500 kuintal. Adapun untuk produksi utama tanaman buah-buahan tahunan Tahun 2023 adalah pisang dengan volume sebesar 11.313 kuintal.;Throughout 2023-2024, there are 6 types of annual vegetable/fruit crops that are cultivated in Picung District, namely bird's eye chili, long beans, cucumber, water melon, eggplant, and chili curly/chili pepper.  In 2023, the largest harvest area came from the crop Bird'S Eye Chili with a harvest area of 3 ha. Unlike the overview of the harvest area, the largest production came from water melon, i.e. 400 kwintal. Furthermore, for 2024, the largest harvested area is generated by the crop Long Beans with a harvested area of respectively 5 ha and 5 ha.  Unlike the harvest area, the largest production comes from Cucumber, i.e. 235 quintals.;In addition to seasonal vegetables and fruits, there is only one kind of medicinal crop cultivated in Picung District, namely ginger;Other crop cultivations that can also be found in Picung District are 20 kind of parennial fruit crops, which are avocado, apple, duku, durian, water apple, guava, mango, mangosteen, jackfruit, pineapple, papaya, banana, rambutan, snakefruit, sapodilla/sawo, soursop, breadfruit, dragon fruit, lemon, and dimocarpus longan.  Furthermore, the production volume of major parennial fruit crops for Year 2024 is banana reaching 29,500 quintals respectively. As for the main production of parennial fruit crops for Year 2023 is banana with a volume of 11,313 quintals.;–  ;–  ;–  ;–  ;–  ;–  ;5;–  ;–  ;–  ;5;–  ;–  ;–  ;–  ;–  ;–  ;–  ;1;–  ;–  ;–  ;3;–  ;–  ;–  ;–  ;–  ;–  ;–  ;–  ;15;3;–  ;–  ;–  ;4;–  ;–  ;–  ;–  ;–  ;–  ;–  ;–  ;–  ;–  ;–  ;17;–  ;–  ;–  ;–  ;–  ;–  ;–  ;–  ;–  ;160;–  ;–  ;–  ;235;–  ;–  ;–  ;–  ;–  ;–  ;–  ;85;–  ;–  ;–  ;350;–  ;–  ;–  ;–  ;–  ;–  ;–  ;–  ;1.500;224;–  ;–  ;–  ;450;–  ;–  ;–  ;–  ;–  ;–  ;–  ;–  ;–  ;–  ;–  ;1.700;–  ;–  ;–  ;5.000;–  ;...  ;–  ;–  ;–  ;–  ;–  ;–  ;–  ;–  ;–  ;–  ;–  ;–  ;–  ;2.000;2.000;...  ;–  ;–  ;–  ;–  ;–  ;–  ;–  ;–  ;–  ;–  ;–  ;–  ;–  ;10.000;–  ;...  ;–  ;–  ;–  ;–  ;–  ;–  ;–  ;–  ;–  ;–  ;–  ;–  ;–  ;7.000;5.000;...  ;–  ;–  ;–  ;–  ;–  ;–  ;–  ;–  ;–  ;–  ;–  ;–  ;–  ;–  ;–  ;–  ;–  ;–  ;–  ;–  ;–  ;–  ;–  ;–  ;–  ;–  ;–  ;–  ;–  ;–  ;–  ;–  ;–  ;–  ;–  ;–  ;–  ;–  ;–  ;–  ;–  ;–  ;–  ;–  ;–  ;–  ;–  ;–  ;–  ;–  ;–  ;–  ;–  ;–  ;–  ;–  ;–  ;–  ;–  ;–  ;–  ;–  ;–  ;–  ;–  ;–  ;–  ;–  ;–  ;–  ;–  ;–  ;–  ;–  ;–  ;–  ;–  ;–  ;–  ;–  ;–  ;–  ;–  ;–  ;–  ;–  ;–  ;–  ;–  ;–  ;–  ;–  ;–  ;785;–  ;–  ;–  ;1330;1850;–  ;–  ;994;–  ;–  ;2400;3850;1679;–  ;29;–  ;770;29500;1950;–  ;–  ;–  ;–  ;–  ;–  ;–  ;1000;–  ;–  ;–  ;850;1600;–  ;–  ;–  ;–  ;–  ;1100;2500;450;–  ;8;–  ;340;31600;1000;–  ;–  ;–  ;–  ;–  ;–  ;–  
90;Bojong;BOJONG;8;Desa;Village;D:\KCDA\2025\090\Bab5.PNG;D:\KCDA\2025\090\G051.png;D:\KCDA\2025\090\G052.png;Sepanjang tahun 2024–2025,  terdapat 6 jenis tanaman sayuran/buah-buahan semusim yang dibudidayakan di Kecamatan Bojong, yaitu cabai rawit, kacang panjang, kangkung, ketimun, tomat, dan cabai keriting.  Pada tahun 2023, luas panen terbesar berasal dari tanaman Ketimun dengan luas panen 16 ha.Tidak seperti gambaran luas panen, produksi terbesar berasal dari Cabai Rawit, yaitu 518 kwintal. Lebih lanjut, untuk tahun 2024, luas panen terbesar dihasilkan oleh tanaman Ketimun dengan luas panen 20 ha. Sama seperti luas panen, produksi terbesar berasal dari Ketimun, yaitu 1.600 kwintal.;Selain sayuran dan buah-buahan semusim, didapati juga 7 jenis tanaman biofarma yang dibudidayakan di Kecamatan Bojong, yaitu jahe, jeruk nipis, kapulaga, kencur, kunyit, laos/lengkuas, dan temulawak.;Budidaya tanaman lain yang juga dapat dijumpai di Kecamatan Bojong adalah 17 jenis buah-buahan tahunan, yaitu alpukat, apel, belimbing, duku/langsat/kokosan, durian, jambu air, jambu biji, jeruk siam/keprok, mangga, manggis, nenas, pepaya, pisang, sawo, buah naga, lemon, dan lengkeng.  Lebih lanjut, volume produksi tanaman buah-buahan tahunan utama untuk Tahun 2024 adalah lengkeng yaitu mencapai 66.775 kuintal. Adapun untuk produksi utama tanaman buah-buahan tahunan Tahun 2023 adalah lengkeng dengan volume sebesar 34.380 kuintal.;Throughout 2023-2024, there are 6 types of annual vegetable/fruit crops that are cultivated in Bojong District, namely bird's eye chili, long beans, water spinach, cucumber, tomato, and chili curly/chili pepper.  In 2023, the largest harvest area came from the crop Cucumber with a harvest area of 16 ha. Unlike the overview of the harvest area, the largest production came from bird's eye chili, i.e. 518 kwintal. Furthermore, for 2024, the largest harvested area is generated by the crop Cucumber with a harvested area of 20 ha. Same as the harvest area, the largest production comes from Cucumber, i.e. 1,600 quintals.;In addition to annual vegetable and fruit crops, there are also found 7 kind of medicinal crops cultivated in Bojong  District, which are ginger, lime, java cardamom, east indian galangal, turmeric, galangal, and java turmeric.;Other crop cultivations that can also be found in Bojong District are 17 kind of parennial fruit crops, which are avocado, apple, star fruit, duku, durian, water apple, guava, orange/tangerine, mango, mangosteen, pineapple, papaya, banana, sapodilla/sawo, dragon fruit, lemon, and dimocarpus longan.  Furthermore, the production volume of major parennial fruit crops for Year 2024 is dimocarpus longan reaching 66,775 quintals respectively. As for the main production of parennial fruit crops for Year 2023 is dimocarpus longan with a volume of 34,380 quintals.;–  ;–  ;–  ;–  ;–  ;–  ;16;10;–  ;–  ;20;–  ;–  ;–  ;–  ;–  ;–  ;–  ;–  ;3;–  ;–  ;19;–  ;–  ;–  ;–  ;–  ;–  ;–  ;–  ;16;1;–  ;–  ;–  ;4;–  ;–  ;–  ;–  ;–  ;–  ;–  ;–  ;–  ;–  ;–  ;25;–  ;–  ;–  ;–  ;–  ;–  ;–  ;–  ;–  ;1.100;615;–  ;–  ;1600;–  ;–  ;–  ;–  ;–  ;–  ;–  ;–  ;200;–  ;–  ;1900;–  ;–  ;–  ;–  ;–  ;–  ;–  ;–  ;1.600;110;–  ;–  ;–  ;338;–  ;–  ;–  ;–  ;–  ;–  ;–  ;–  ;–  ;–  ;–  ;2.500;–  ;–  ;–  ;10.000;–  ;...  ;–  ;–  ;–  ;–  ;–  ;–  ;–  ;–  ;–  ;–  ;–  ;–  ;–  ;5.000;1.000;...  ;7.000;1.000;–  ;–  ;–  ;–  ;–  ;–  ;–  ;–  ;–  ;–  ;–  ;12.000;–  ;...  ;–  ;–  ;–  ;–  ;–  ;–  ;–  ;–  ;–  ;–  ;–  ;–  ;–  ;12.000;3.000;...  ;18.000;3.000;–  ;–  ;–  ;–  ;–  ;–  ;–  ;–  ;–  ;–  ;–  ;–  ;–  ;–  ;–  ;–  ;–  ;–  ;–  ;–  ;–  ;–  ;–  ;–  ;–  ;–  ;–  ;–  ;–  ;–  ;–  ;–  ;–  ;–  ;–  ;–  ;–  ;–  ;–  ;–  ;–  ;–  ;–  ;–  ;–  ;–  ;–  ;–  ;–  ;–  ;–  ;–  ;–  ;–  ;–  ;–  ;–  ;–  ;–  ;–  ;–  ;–  ;–  ;–  ;–  ;–  ;–  ;–  ;–  ;–  ;–  ;–  ;–  ;–  ;–  ;–  ;–  ;–  ;–  ;–  ;–  ;–  ;–  ;–  ;–  ;–  ;–  ;–  ;–  ;–  ;–  ;1420;–  ;–  ;–  ;16500;14500;–  ;–  ;3300;–  ;–  ;1000;66775;9200;–  ;–  ;–  ;650;–  ;–  ;–  ;–  ;–  ;–  ;–  ;–  ;–  ;600;–  ;–  ;–  ;21600;20000;–  ;–  ;2550;–  ;–  ;2000;106000;8000;–  ;–  ;–  ;600;–  ;–  ;–  ;–  ;–  ;–  ;–  ;–  ;–  
100;Saketi;SAKETI;14;Desa;Village;D:\KCDA\2025\100\Bab5.PNG;D:\KCDA\2025\100\G051.png;D:\KCDA\2025\100\G052.png;Sepanjang tahun 2024–2025,  terdapat 8 jenis tanaman sayuran/buah-buahan semusim yang dibudidayakan di Kecamatan Saketi, yaitu cabai rawit, kacang panjang, kangkung, ketimun, terung, tomat, cabai besar/cabai TW, dan cabai keriting.  Pada tahun 2023, luas panen terbesar berasal dari tanaman Ketimun dengan luas panen 41 ha.Sama seperti luas panen, produksi terbesar berasal dari Ketimun, yaitu 5.986 kwintal. Lebih lanjut, untuk tahun 2024, luas panen terbesar dihasilkan oleh tanaman Kacang Panjang dengan luas panen 20,56 ha. Berbeda dengan luas panen, produksi terbesar berasal dari Ketimun, yaitu 2.939 kwintal.;Selain sayuran dan buah-buahan semusim, didapati juga 6 jenis tanaman biofarma yang dibudidayakan di Kecamatan Saketi, yaitu jahe, kapulaga, kencur, kunyit, mengkudu/pace, dan temulawak.;Budidaya tanaman lain yang juga dapat dijumpai di Kecamatan Saketi adalah 13 jenis buah-buahan tahunan, yaitu alpukat, apel, duku/langsat/kokosan, durian, jambu biji, mangga, nenas, pepaya, pisang, rambutan, buah naga, lemon, dan lengkeng.  Lebih lanjut, volume produksi tanaman buah-buahan tahunan utama untuk Tahun 2024 adalah lengkeng yaitu mencapai 18.500 kuintal. Adapun untuk produksi utama tanaman buah-buahan tahunan Tahun 2023 adalah duku/langsat/kokosan dengan volume sebesar 18.024 kuintal.;Throughout 2023-2024, there are 8 types of annual vegetable/fruit crops that are cultivated in Saketi District, namely bird's eye chili, long beans, water spinach, cucumber, eggplant, tomato, big chili/bell pepper, and chili curly/chili pepper.  In 2023, the largest harvest area came from the crop Cucumber with a harvest area of 41 ha.Just like the harvested area, the largest production came from cucumber, which was 5.986 kwintal. Furthermore, for 2024, the largest harvested area is generated by the crop Long Beans with a harvested area of 20,56 ha. Unlike the harvest area, the largest production comes from Cucumber, i.e. 2,939 quintals.;In addition to annual vegetable and fruit crops, there are also found 6 kind of medicinal crops cultivated in Saketi  District, which are ginger, java cardamom, east indian galangal, turmeric, indian mulberry, and java turmeric.;Other crop cultivations that can also be found in Saketi District are 13 kind of parennial fruit crops, which are avocado, apple, duku, durian, guava, mango, pineapple, papaya, banana, rambutan, dragon fruit, lemon, and dimocarpus longan.  Furthermore, the production volume of major parennial fruit crops for Year 2024 is dimocarpus longan reaching 18,500 quintals respectively. As for the main production of parennial fruit crops for Year 2023 is duku with a volume of 18,024 quintals.;–  ;–  ;–  ;–  ;–  ;5,57;20,56;0,01;–  ;–  ;20,51;–  ;–  ;–  ;–  ;–  ;–  ;–  ;0,9;0,05;–  ;1;4,57;–  ;–  ;–  ;–  ;–  ;–  ;–  ;–  ;3,2;8;–  ;–  ;–  ;8,5;–  ;–  ;–  ;–  ;–  ;–  ;–  ;–  ;–  ;–  ;–  ;12,2;–  ;–  ;–  ;–  ;–  ;–  ;–  ;–  ;565;2.310;2;–  ;–  ;2939;–  ;–  ;–  ;–  ;–  ;–  ;–  ;138;15;–  ;80;455;–  ;–  ;–  ;–  ;–  ;–  ;–  ;–  ;340;835;–  ;–  ;–  ;880;–  ;–  ;–  ;–  ;–  ;–  ;–  ;–  ;–  ;–  ;–  ;1.240;–  ;–  ;–  ;6.820;–  ;...  ;1.337;1.140;275;–  ;–  ;–  ;–  ;–  ;–  ;–  ;–  ;–  ;2.075;11.000;–  ;...  ;3.500;2.000;–  ;–  ;–  ;–  ;–  ;–  ;–  ;–  ;–  ;–  ;1.000;7.075;–  ;...  ;2.045;2.730;602;–  ;–  ;–  ;–  ;–  ;–  ;–  ;–  ;–  ;7.218;28.000;–  ;...  ;7.000;4.000;–  ;–  ;–  ;–  ;–  ;–  ;–  ;–  ;–  ;–  ;4.000;–  ;–  ;–  ;–  ;–  ;–  ;–  ;–  ;–  ;–  ;–  ;–  ;–  ;–  ;–  ;–  ;–  ;–  ;–  ;–  ;–  ;–  ;–  ;–  ;–  ;–  ;–  ;–  ;–  ;–  ;–  ;–  ;–  ;–  ;–  ;–  ;–  ;–  ;–  ;–  ;–  ;–  ;–  ;–  ;–  ;–  ;–  ;–  ;–  ;–  ;–  ;–  ;–  ;–  ;–  ;–  ;–  ;–  ;–  ;–  ;–  ;–  ;–  ;–  ;–  ;–  ;–  ;–  ;–  ;–  ;–  ;–  ;–  ;–  ;–  ;–  ;–  ;–  ;–  ;–  ;7000;–  ;–  ;450;7500;17500;550;–  ;7810;–  ;–  ;3950;18500;11900;–  ;–  ;–  ;5600;4820;13000;–  ;–  ;–  ;–  ;–  ;–  ;–  ;7000;–  ;–  ;–  ;10700;25000;–  ;–  ;9700;–  ;–  ;12000;36500;6500;–  ;–  ;–  ;6500;21650;19000;–  ;–  ;–  ;–  ;–  ;–  ;–  
101;Cisata;CISATA;9;Desa;Village;D:\KCDA\2025\101\Bab5.PNG;D:\KCDA\2025\101\G051.png;D:\KCDA\2025\101\G052.png;Sepanjang tahun 2024–2025,  terdapat 7 jenis tanaman sayuran/buah-buahan semusim yang dibudidayakan di Kecamatan Cisata, yaitu bawang merah, cabai rawit, kacang panjang, ketimun, terung, tomat, dan cabai keriting.  Pada tahun 2023, luas panen terbesar berasal dari tanaman Cabai Rawit dengan luas panen 14,7 ha.Sama seperti luas panen, produksi terbesar berasal dari Cabai Rawit, yaitu 1.280 kwintal. Lebih lanjut, untuk tahun 2024, luas panen terbesar dihasilkan oleh tanaman Cabai Rawit dengan luas panen 12 ha. Sama seperti luas panen, produksi terbesar berasal dari Cabai Rawit, yaitu 1.180 kwintal.;Selain sayuran dan buah-buahan semusim, didapati juga 1 jenis tanaman biofarma yang dibudidayakan di Kecamatan Cisata, yaitu jahe;Budidaya tanaman lain yang juga dapat dijumpai di Kecamatan Cisata adalah 10 jenis buah-buahan tahunan, yaitu alpukat, duku/langsat/kokosan, jambu biji, mangga, nenas, pepaya, pisang, buah naga, lemon, dan lengkeng.  Lebih lanjut, volume produksi tanaman buah-buahan tahunan utama untuk Tahun 2024 adalah duku/langsat/kokosan yaitu mencapai 20.000 kuintal. Adapun untuk produksi utama tanaman buah-buahan tahunan Tahun 2023 adalah lengkeng dengan volume sebesar 4.441 kuintal.;Throughout 2023-2024, there are 7 types of annual vegetable/fruit crops that are cultivated in Cisata District, namely shallots, bird's eye chili, long beans, cucumber, eggplant, tomato, and chili curly/chili pepper.  In 2023, the largest harvest area came from the crop Bird'S Eye Chili with a harvest area of 14,7 ha.Just like the harvested area, the largest production came from bird's eye chili, which was 1.280 kwintal. Furthermore, for 2024, the largest harvested area is generated by the crop Bird'S Eye Chili with a harvested area of 12 ha. Same as the harvest area, the largest production comes from Bird'S Eye Chili, i.e. 1,180 quintals.;In addition to seasonal vegetables and fruits, there is only one kind of medicinal crop cultivated in Cisata District, namely ginger;Other crop cultivations that can also be found in Cisata District are 10 kind of parennial fruit crops, which are avocado, duku, guava, mango, pineapple, papaya, banana, dragon fruit, lemon, and dimocarpus longan.  Furthermore, the production volume of major parennial fruit crops for Year 2024 is duku reaching 20,000 quintals respectively. As for the main production of parennial fruit crops for Year 2023 is dimocarpus longan with a volume of 4,441 quintals.;–  ;8;–  ;–  ;–  ;12;7;–  ;–  ;–  ;3;–  ;–  ;–  ;–  ;–  ;–  ;–  ;–  ;–  ;–  ;–  ;10;–  ;–  ;–  ;–  ;2;–  ;–  ;–  ;16;8;–  ;–  ;–  ;3;–  ;–  ;–  ;–  ;–  ;–  ;–  ;–  ;–  ;–  ;–  ;22;–  ;–  ;–  ;–  ;620;–  ;–  ;–  ;1.180;581;–  ;–  ;–  ;251;–  ;–  ;–  ;–  ;–  ;–  ;–  ;–  ;–  ;–  ;–  ;960;–  ;–  ;–  ;–  ;180;–  ;–  ;–  ;1.600;860;–  ;–  ;–  ;412;–  ;–  ;–  ;–  ;–  ;–  ;–  ;–  ;–  ;–  ;–  ;2.200;–  ;–  ;–  ;2.500;–  ;...  ;–  ;–  ;–  ;–  ;–  ;–  ;–  ;–  ;–  ;–  ;–  ;–  ;–  ;3.000;–  ;...  ;–  ;–  ;–  ;–  ;–  ;–  ;–  ;–  ;–  ;–  ;–  ;–  ;–  ;3.200;–  ;...  ;–  ;–  ;–  ;–  ;–  ;–  ;–  ;–  ;–  ;–  ;–  ;–  ;–  ;8.000;–  ;...  ;–  ;–  ;–  ;–  ;–  ;–  ;–  ;–  ;–  ;–  ;–  ;–  ;–  ;–  ;–  ;–  ;–  ;–  ;–  ;–  ;–  ;–  ;–  ;–  ;–  ;–  ;–  ;–  ;–  ;–  ;–  ;–  ;–  ;–  ;–  ;–  ;–  ;–  ;–  ;–  ;–  ;–  ;–  ;–  ;–  ;–  ;–  ;–  ;–  ;–  ;–  ;–  ;–  ;–  ;–  ;–  ;–  ;–  ;–  ;–  ;–  ;–  ;–  ;–  ;–  ;–  ;–  ;–  ;–  ;–  ;–  ;–  ;–  ;–  ;–  ;–  ;–  ;–  ;–  ;–  ;–  ;–  ;–  ;–  ;–  ;–  ;–  ;–  ;–  ;–  ;–  ;–  ;–  ;130;–  ;–  ;–  ;9500;20000;–  ;–  ;1540;–  ;–  ;–  ;1900;–  ;–  ;–  ;–  ;450;–  ;–  ;–  ;–  ;–  ;–  ;–  ;–  ;–  ;130;–  ;–  ;–  ;14200;40000;–  ;–  ;1350;–  ;–  ;–  ;20000;740;–  ;–  ;–  ;740;10400;–  ;–  ;–  ;–  ;–  ;–  ;–  ;–  
110;Pagelaran;PAGELARAN;13;Desa;Village;D:\KCDA\2025\110\Bab5.PNG;D:\KCDA\2025\110\G051.png;D:\KCDA\2025\110\G052.png;Sepanjang tahun 2024–2025,  terdapat 9 jenis tanaman sayuran/buah-buahan semusim yang dibudidayakan di Kecamatan Pagelaran, yaitu cabai rawit, kacang panjang, kangkung, ketimun, semangka, terung, tomat, cabai besar/cabai TW, dan cabai keriting.  Pada tahun 2023, luas panen terbesar berasal dari tanaman Kacang Panjang dengan luas panen 15 ha.Sama seperti luas panen, produksi terbesar berasal dari Kacang Panjang, yaitu 1.787 kwintal. Lebih lanjut, untuk tahun 2024, luas panen terbesar dihasilkan oleh tanaman Kacang Panjang dengan luas panen 9 ha. Sama seperti luas panen, produksi terbesar berasal dari Kacang Panjang, yaitu 645 kwintal.;Selain sayuran dan buah-buahan semusim, didapati juga 6 jenis tanaman biofarma yang dibudidayakan di Kecamatan Pagelaran, yaitu jahe, kapulaga, kencur, kunyit, temukunci, dan temulawak.;Budidaya tanaman lain yang juga dapat dijumpai di Kecamatan Pagelaran adalah 19 jenis buah-buahan tahunan, yaitu alpukat, apel, duku/langsat/kokosan, durian, jambu air, jambu biji, jengkol, mangga, nangka/cempedak, nenas, pisang, rambutan, salak, sawo, sirsak, sukun, buah naga, lemon, dan lengkeng.  Lebih lanjut, volume produksi tanaman buah-buahan tahunan utama untuk Tahun 2024 adalah pisang yaitu mencapai 39.300 kuintal. Adapun untuk produksi utama tanaman buah-buahan tahunan Tahun 2023 adalah pisang dengan volume sebesar 479.286 kuintal.;Throughout 2023-2024, there are 9 types of annual vegetable/fruit crops that are cultivated in Pagelaran District, namely bird's eye chili, long beans, water spinach, cucumber, water melon, eggplant, tomato, big chili/bell pepper, and chili curly/chili pepper.  In 2023, the largest harvest area came from the crop Long Beans with a harvest area of 15 ha.Just like the harvested area, the largest production came from long beans, which was 1.787 kwintal. Furthermore, for 2024, the largest harvested area is generated by the crop Long Beans with a harvested area of 9 ha. Same as the harvest area, the largest production comes from Long Beans, i.e. 645 quintals.;In addition to annual vegetable and fruit crops, there are also found 6 kind of medicinal crops cultivated in Pagelaran  District, which are ginger, java cardamom, east indian galangal, turmeric, chinese keys, and java turmeric.;Other crop cultivations that can also be found in Pagelaran District are 19 kind of parennial fruit crops, which are avocado, apple, duku, durian, water apple, guava, jengkol, mango, jackfruit, pineapple, banana, rambutan, snakefruit, sapodilla/sawo, soursop, breadfruit, dragon fruit, lemon, and dimocarpus longan.  Furthermore, the production volume of major parennial fruit crops for Year 2024 is banana reaching 39,300 quintals respectively. As for the main production of parennial fruit crops for Year 2023 is banana with a volume of 479,286 quintals.;–  ;–  ;–  ;–  ;–  ;4;9;6;–  ;–  ;8;–  ;–  ;–  ;–  ;–  ;–  ;–  ;–  ;–  ;–  ;–  ;6;–  ;–  ;–  ;–  ;–  ;–  ;–  ;–  ;16;3;1;–  ;–  ;2;–  ;–  ;–  ;–  ;–  ;–  ;–  ;1;–  ;–  ;–  ;18;–  ;–  ;–  ;–  ;–  ;–  ;–  ;–  ;400;645;350;–  ;–  ;577;–  ;–  ;–  ;–  ;–  ;–  ;–  ;–  ;–  ;–  ;–  ;600;–  ;–  ;–  ;–  ;–  ;–  ;–  ;–  ;1.600;190;95;–  ;–  ;131;–  ;–  ;–  ;–  ;–  ;–  ;–  ;120;–  ;–  ;–  ;1.800;–  ;–  ;–  ;–  ;–  ;...  ;–  ;–  ;–  ;–  ;–  ;–  ;–  ;–  ;–  ;–  ;–  ;–  ;–  ;5.000;–  ;...  ;–  ;–  ;–  ;–  ;–  ;–  ;–  ;–  ;–  ;–  ;–  ;–  ;–  ;–  ;–  ;...  ;–  ;–  ;–  ;–  ;–  ;–  ;–  ;–  ;–  ;–  ;–  ;–  ;–  ;12.000;–  ;...  ;–  ;–  ;–  ;–  ;–  ;–  ;–  ;–  ;–  ;–  ;–  ;–  ;–  ;–  ;–  ;–  ;–  ;–  ;–  ;–  ;–  ;–  ;–  ;–  ;–  ;–  ;–  ;–  ;–  ;–  ;–  ;–  ;–  ;–  ;–  ;–  ;–  ;–  ;–  ;–  ;–  ;–  ;–  ;–  ;–  ;–  ;–  ;–  ;–  ;–  ;–  ;–  ;–  ;–  ;–  ;–  ;–  ;–  ;–  ;–  ;–  ;–  ;–  ;–  ;–  ;–  ;–  ;–  ;–  ;–  ;–  ;–  ;–  ;–  ;–  ;–  ;–  ;–  ;–  ;–  ;–  ;–  ;–  ;–  ;–  ;–  ;–  ;–  ;–  ;–  ;–  ;–  ;–  ;654;–  ;–  ;98;123;3800;65;–  ;2980;–  ;–  ;10300;1180;12700;–  ;–  ;–  ;–  ;39300;13040;400;–  ;–  ;–  ;–  ;–  ;–  ;1100;–  ;–  ;–  ;–  ;4500;550;280;3500;–  ;–  ;18000;1000;5500;–  ;–  ;–  ;–  ;165000;17500;–  ;–  ;–  ;–  ;–  ;–  ;–  
111;Patia;PATIA;10;Desa;Village;D:\KCDA\2025\111\Bab5.PNG;D:\KCDA\2025\111\G051.png;D:\KCDA\2025\111\G052.png;Sepanjang tahun 2024–2025,  terdapat 9 jenis tanaman sayuran/buah-buahan semusim yang dibudidayakan di Kecamatan Patia, yaitu cabai rawit, kacang panjang, ketimun, melon, semangka, terung, tomat, cabai besar/cabai TW, dan cabai keriting.  Pada tahun 2023, luas panen terbesar berasal dari tanaman Cabai Rawit dengan luas panen 5 ha.Sama seperti luas panen, produksi terbesar berasal dari Cabai Rawit, yaitu 460 kwintal. Lebih lanjut, untuk tahun 2024, luas panen terbesar dihasilkan oleh tanaman Kacang Panjang dengan luas panen 7 ha. Berbeda dengan luas panen, produksi terbesar berasal dari Cabai Rawit, yaitu 520 kwintal.;Khusus tahun 2021-2023, tidak ada panen atau produksi dari tanaman biofarmaka di kecamatan ini.;Budidaya tanaman lain yang juga dapat dijumpai di Kecamatan Patia adalah 13 jenis buah-buahan tahunan, yaitu alpukat, apel, duku/langsat/kokosan, jambu biji, mangga, nangka/cempedak, nenas, pepaya, pisang, rambutan, buah naga, lemon, dan lengkeng.  Lebih lanjut, volume produksi tanaman buah-buahan tahunan utama untuk Tahun 2024 adalah lemon yaitu mencapai 1.864 kuintal. Adapun untuk produksi utama tanaman buah-buahan tahunan Tahun 2023 adalah lemon dengan volume sebesar 1.890 kuintal.;Throughout 2023-2024, there are 9 types of annual vegetable/fruit crops that are cultivated in Patia District, namely bird's eye chili, long beans, cucumber, melon, water melon, eggplant, tomato, big chili/bell pepper, and chili curly/chili pepper.  In 2023, the largest harvest area came from the crop Bird'S Eye Chili with a harvest area of 5 ha.Just like the harvested area, the largest production came from bird's eye chili, which was 460 kwintal. Furthermore, for 2024, the largest harvested area is generated by the crop Long Beans with a harvested area of 7 ha. Unlike the harvest area, the largest production comes from Bird'S Eye Chili, i.e. 520 quintals.;In 2023-2024, There was no harvest or production of medicinal crop in this District.;Other crop cultivations that can also be found in Patia District are 13 kind of parennial fruit crops, which are avocado, apple, duku, guava, mango, jackfruit, pineapple, papaya, banana, rambutan, dragon fruit, lemon, and dimocarpus longan.  Furthermore, the production volume of major parennial fruit crops for Year 2024 is lemon reaching 1,864 quintals respectively. As for the main production of parennial fruit crops for Year 2023 is lemon with a volume of 1,890 quintals.;–  ;–  ;–  ;–  ;–  ;5;7;–  ;–  ;–  ;6;–  ;–  ;0,08;–  ;–  ;3;–  ;0,25;–  ;–  ;2;6;–  ;–  ;–  ;–  ;–  ;–  ;–  ;–  ;17;2;–  ;–  ;–  ;4;–  ;–  ;–  ;–  ;–  ;–  ;–  ;2;–  ;–  ;–  ;15;–  ;–  ;–  ;–  ;–  ;–  ;–  ;–  ;520;465;–  ;–  ;–  ;390;–  ;–  ;25;–  ;–  ;240;–  ;45;–  ;–  ;200;600;–  ;–  ;–  ;–  ;–  ;–  ;–  ;–  ;1.700;263;–  ;–  ;–  ;560;–  ;–  ;–  ;–  ;–  ;–  ;–  ;276;–  ;–  ;–  ;1.500;–  ;–  ;–  ;–  ;–  ;...  ;–  ;–  ;–  ;–  ;–  ;–  ;–  ;–  ;–  ;–  ;–  ;–  ;–  ;–  ;–  ;...  ;–  ;–  ;–  ;–  ;–  ;–  ;–  ;–  ;–  ;–  ;–  ;–  ;–  ;–  ;–  ;...  ;–  ;–  ;–  ;–  ;–  ;–  ;–  ;–  ;–  ;–  ;–  ;–  ;–  ;–  ;–  ;...  ;–  ;–  ;–  ;–  ;–  ;–  ;–  ;–  ;–  ;–  ;–  ;–  ;–  ;–  ;–  ;–  ;–  ;–  ;–  ;–  ;–  ;–  ;–  ;–  ;–  ;–  ;–  ;–  ;–  ;–  ;–  ;–  ;–  ;–  ;–  ;–  ;–  ;–  ;–  ;–  ;–  ;–  ;–  ;–  ;–  ;–  ;–  ;–  ;–  ;–  ;–  ;–  ;–  ;–  ;–  ;–  ;–  ;–  ;–  ;–  ;–  ;–  ;–  ;–  ;–  ;–  ;–  ;–  ;–  ;–  ;–  ;–  ;–  ;–  ;–  ;–  ;–  ;–  ;–  ;–  ;–  ;–  ;–  ;–  ;–  ;–  ;–  ;–  ;–  ;–  ;–  ;–  ;–  ;45;–  ;–  ;–  ;200;90;–  ;–  ;170;–  ;–  ;1864;50;450;–  ;–  ;–  ;280;1455;310;–  ;–  ;–  ;–  ;–  ;–  ;–  ;–  ;–  ;–  ;–  ;–  ;–  ;–  ;–  ;–  ;–  ;–  ;–  ;–  ;–  ;–  ;–  ;–  ;–  ;–  ;–  ;–  ;–  ;–  ;–  ;–  ;–  ;–  
112;Sukaresmi;SUKARESMI;10;Desa;Village;D:\KCDA\2025\112\Bab5.PNG;D:\KCDA\2025\112\G051.png;D:\KCDA\2025\112\G052.png;Sepanjang tahun 2024–2025,  terdapat 7 jenis tanaman sayuran/buah-buahan semusim yang dibudidayakan di Kecamatan Sukaresmi, yaitu cabai rawit, kacang panjang, kangkung, ketimun, semangka, terung, dan cabai keriting.  Pada tahun 2023, luas panen terbesar berasal dari tanaman Kacang Panjang dengan luas panen 31 ha.Sama seperti luas panen, produksi terbesar berasal dari Kacang Panjang, yaitu 8.387 kwintal. Lebih lanjut, untuk tahun 2024, luas panen terbesar dihasilkan oleh tanaman Kacang Panjang dengan luas panen 13 ha. Berbeda dengan luas panen, produksi terbesar berasal dari Ketimun, yaitu 786 kwintal.;Selain sayuran dan buah-buahan semusim, didapati juga 9 jenis tanaman biofarma yang dibudidayakan di Kecamatan Sukaresmi, yaitu jahe, kapulaga, kencur, kunyit, lidah buaya, mahkota dewa, sambiloto, temuireng, dan temulawak.;Budidaya tanaman lain yang juga dapat dijumpai di Kecamatan Sukaresmi adalah 20 jenis buah-buahan tahunan, yaitu alpukat, apel, duku/langsat/kokosan, durian, jambu air, jengkol, mangga, manggis, nangka/cempedak, nenas, pepaya, pisang, rambutan, salak, sawo, sirsak, sukun, buah naga, lemon, dan lengkeng.  Lebih lanjut, volume produksi tanaman buah-buahan tahunan utama untuk Tahun 2024 adalah pisang yaitu mencapai 477 kuintal. Adapun untuk produksi utama tanaman buah-buahan tahunan Tahun 2023 adalah pisang dengan volume sebesar 284.922 kuintal.;Throughout 2023-2024, there are 7 types of annual vegetable/fruit crops that are cultivated in Sukaresmi District, namely bird's eye chili, long beans, water spinach, cucumber, water melon, eggplant, and chili curly/chili pepper.  In 2023, the largest harvest area came from the crop Long Beans with a harvest area of 31 ha.Just like the harvested area, the largest production came from long beans, which was 8.387 kwintal. Furthermore, for 2024, the largest harvested area is generated by the crop Long Beans with a harvested area of 13 ha. Unlike the harvest area, the largest production comes from Cucumber, i.e. 786 quintals.;In addition to annual vegetable and fruit crops, there are also found 9 kind of medicinal crops cultivated in Sukaresmi  District, which are ginger, java cardamom, east indian galangal, turmeric, aloevera, phaleria macrocarpa, king of bitter, black turmeric, and java turmeric.;Other crop cultivations that can also be found in Sukaresmi District are 20 kind of parennial fruit crops, which are avocado, apple, duku, durian, water apple, jengkol, mango, mangosteen, jackfruit, pineapple, papaya, banana, rambutan, snakefruit, sapodilla/sawo, soursop, breadfruit, dragon fruit, lemon, and dimocarpus longan.  Furthermore, the production volume of major parennial fruit crops for Year 2024 is banana reaching 477 quintals respectively. As for the main production of parennial fruit crops for Year 2023 is banana with a volume of 284,922 quintals.;–  ;–  ;–  ;–  ;–  ;1;13;–  ;–  ;–  ;12;–  ;–  ;–  ;–  ;–  ;3;–  ;1;–  ;–  ;–  ;–  ;–  ;–  ;–  ;–  ;–  ;–  ;–  ;–  ;17;–  ;–  ;–  ;–  ;1;–  ;–  ;–  ;–  ;–  ;–  ;–  ;–  ;–  ;–  ;–  ;15;–  ;–  ;–  ;–  ;–  ;–  ;–  ;–  ;100;675;–  ;–  ;–  ;786;–  ;–  ;–  ;–  ;–  ;320;–  ;120;–  ;–  ;–  ;–  ;–  ;–  ;–  ;–  ;–  ;–  ;–  ;–  ;1.700;–  ;–  ;–  ;–  ;150;–  ;–  ;–  ;–  ;–  ;–  ;–  ;–  ;–  ;–  ;–  ;1.500;–  ;–  ;–  ;125;–  ;...  ;75;75;140;–  ;–  ;48;1.620;–  ;90;–  ;100;–  ;190;3.000;–  ;...  ;6.000;1.000;–  ;–  ;–  ;–  ;–  ;–  ;–  ;–  ;–  ;–  ;–  ;350;–  ;...  ;150;200;280;–  ;–  ;650;3.200;–  ;180;–  ;300;–  ;650;9.000;–  ;...  ;19.000;2.000;–  ;–  ;–  ;–  ;–  ;–  ;–  ;–  ;–  ;–  ;–  ;–  ;–  ;–  ;–  ;–  ;–  ;–  ;–  ;–  ;–  ;–  ;–  ;–  ;–  ;–  ;–  ;–  ;–  ;–  ;–  ;–  ;–  ;–  ;–  ;–  ;–  ;–  ;–  ;–  ;–  ;–  ;–  ;–  ;–  ;–  ;–  ;–  ;–  ;–  ;–  ;–  ;–  ;–  ;–  ;–  ;–  ;–  ;–  ;–  ;–  ;–  ;–  ;–  ;–  ;–  ;–  ;–  ;–  ;–  ;–  ;–  ;–  ;–  ;–  ;–  ;–  ;–  ;–  ;–  ;–  ;–  ;–  ;–  ;–  ;–  ;–  ;–  ;–  ;–  ;–  ;–  ;–  ;–  ;–  ;–  ;–  ;30;20;–  ;–  ;–  ;250;–  ;–  ;–  ;–  ;100;–  ;477;–  ;–  ;–  ;–  ;–  ;–  ;–  ;–  ;–  ;–  ;–  ;–  ;–  ;–  ;–  ;–  ;–  ;–  ;–  ;400;950;–  ;–  ;–  ;–  ;–  ;9600;–  ;–  ;–  ;–  ;–  ;–  ;–  ;–  
120;Labuan;LABUAN;9;Desa;Village;D:\KCDA\2025\120\Bab5.PNG;D:\KCDA\2025\120\G051.png;D:\KCDA\2025\120\G052.png;Sepanjang tahun 2024–2025,  terdapat 6 jenis tanaman sayuran/buah-buahan semusim yang dibudidayakan di Kecamatan Labuan, yaitu cabai rawit, kacang panjang, kangkung, ketimun, terung, dan cabai keriting.  Pada tahun 2023, luas panen terbesar berasal dari tanaman Ketimun dengan luas panen 6 ha.Tidak seperti gambaran luas panen, produksi terbesar berasal dari Cabai Rawit, yaitu 240 kwintal. Lebih lanjut, untuk tahun 2024, luas panen terbesar dihasilkan oleh tanaman Cabai Rawit dengan luas panen 5,3 ha. Sama seperti luas panen, produksi terbesar berasal dari Cabai Rawit, yaitu 515 kwintal.;Selain sayuran dan buah-buahan semusim, didapati juga 4 jenis tanaman biofarma yang dibudidayakan di Kecamatan Labuan, yaitu jahe, kencur, kunyit, dan temulawak.;Budidaya tanaman lain yang juga dapat dijumpai di Kecamatan Labuan adalah 10 jenis buah-buahan tahunan, yaitu alpukat, duku/langsat/kokosan, jambu biji, mangga, pisang, rambutan, sukun, buah naga, lemon, dan lengkeng.  Lebih lanjut, volume produksi tanaman buah-buahan tahunan utama untuk Tahun 2024 adalah rambutan yaitu mencapai 2.280 kuintal. Adapun untuk produksi utama tanaman buah-buahan tahunan Tahun 2023 adalah duku/langsat/kokosan dengan volume sebesar 1.781 kuintal.;Throughout 2023-2024, there are 6 types of annual vegetable/fruit crops that are cultivated in Labuan District, namely bird's eye chili, long beans, water spinach, cucumber, eggplant, and chili curly/chili pepper.  In 2023, the largest harvest area came from the crop Cucumber with a harvest area of 6 ha. Unlike the overview of the harvest area, the largest production came from bird's eye chili, i.e. 240 kwintal. Furthermore, for 2024, the largest harvested area is generated by the crop Bird'S Eye Chili with a harvested area of 5,3 ha. Same as the harvest area, the largest production comes from Bird'S Eye Chili, i.e. 515 quintals.;In addition to annual vegetable and fruit crops, there are also found 4 kind of medicinal crops cultivated in Labuan  District, which are ginger, east indian galangal, turmeric, and java turmeric.;Other crop cultivations that can also be found in Labuan District are 10 kind of parennial fruit crops, which are avocado, duku, guava, mango, banana, rambutan, breadfruit, dragon fruit, lemon, and dimocarpus longan.  Furthermore, the production volume of major parennial fruit crops for Year 2024 is rambutan reaching 2,280 quintals respectively. As for the main production of parennial fruit crops for Year 2023 is duku with a volume of 1,781 quintals.;–  ;–  ;–  ;–  ;–  ;5,3;2;1;–  ;–  ;1;–  ;–  ;–  ;–  ;–  ;–  ;–  ;1;–  ;–  ;–  ;4,4;–  ;–  ;–  ;–  ;–  ;–  ;–  ;–  ;17;2;–  ;–  ;–  ;–  ;–  ;–  ;–  ;–  ;–  ;–  ;–  ;–  ;–  ;–  ;–  ;14;–  ;–  ;–  ;–  ;–  ;–  ;–  ;–  ;515;205;50;–  ;–  ;55;–  ;–  ;–  ;–  ;–  ;–  ;–  ;35;–  ;–  ;–  ;490;–  ;–  ;–  ;–  ;–  ;–  ;–  ;–  ;1.700;300;–  ;–  ;–  ;–  ;–  ;–  ;–  ;–  ;–  ;–  ;–  ;–  ;–  ;–  ;–  ;1.400;–  ;–  ;–  ;10;–  ;...  ;–  ;7;–  ;–  ;–  ;–  ;–  ;–  ;–  ;–  ;–  ;–  ;3;3.000;–  ;...  ;–  ;–  ;–  ;–  ;–  ;–  ;–  ;–  ;–  ;–  ;–  ;–  ;–  ;25;–  ;...  ;–  ;14;–  ;–  ;–  ;–  ;–  ;–  ;–  ;–  ;–  ;–  ;9;9.000;–  ;...  ;–  ;–  ;–  ;–  ;–  ;–  ;–  ;–  ;–  ;–  ;–  ;–  ;–  ;–  ;–  ;–  ;–  ;–  ;–  ;–  ;–  ;–  ;–  ;–  ;–  ;–  ;–  ;8;–  ;8;–  ;–  ;–  ;–  ;–  ;–  ;–  ;–  ;–  ;–  ;–  ;–  ;–  ;–  ;–  ;–  ;–  ;–  ;–  ;–  ;–  ;–  ;–  ;–  ;–  ;–  ;–  ;–  ;–  ;–  ;–  ;–  ;–  ;–  ;–  ;–  ;–  ;48;–  ;62;–  ;–  ;–  ;–  ;–  ;–  ;–  ;–  ;–  ;–  ;–  ;–  ;–  ;–  ;–  ;–  ;–  ;–  ;–  ;–  ;–  ;–  ;–  ;35;–  ;–  ;–  ;190;1675;–  ;–  ;65;–  ;–  ;720;600;450;–  ;–  ;–  ;–  ;740;2280;–  ;–  ;–  ;–  ;–  ;–  ;–  ;–  ;–  ;–  ;–  ;–  ;13200;–  ;–  ;–  ;–  ;–  ;2000;2000;750;–  ;–  ;–  ;–  ;1440;2000;–  ;–  ;–  ;–  ;–  ;–  ;–  
121;Carita;CARITA;10;Desa;Village;D:\KCDA\2025\121\Bab5.PNG;D:\KCDA\2025\121\G051.png;D:\KCDA\2025\121\G052.png;Sepanjang tahun 2024–2025,  terdapat 7 jenis tanaman sayuran/buah-buahan semusim yang dibudidayakan di Kecamatan Carita, yaitu cabai rawit, kacang panjang, ketimun, melon, semangka, terung, dan cabai keriting.  Pada tahun 2023, luas panen terbesar berasal dari tanaman Kacang Panjang dengan luas panen 23 ha.Tidak seperti gambaran luas panen, produksi terbesar berasal dari Ketimun, yaitu 1.706 kwintal. Lebih lanjut, untuk tahun 2024, luas panen terbesar dihasilkan oleh tanaman Kacang Panjang dengan luas panen 14 ha. Sama seperti luas panen, produksi terbesar berasal dari Kacang Panjang, yaitu 915 kwintal.;Selain sayuran dan buah-buahan semusim, didapati juga 1 jenis tanaman biofarma yang dibudidayakan di Kecamatan Carita, yaitu jahe;Budidaya tanaman lain yang juga dapat dijumpai di Kecamatan Carita adalah 11 jenis buah-buahan tahunan, yaitu duku/langsat/kokosan, jambu biji, mangga, nenas, pepaya, pisang, rambutan, sukun, buah naga, lemon, dan lengkeng.  Lebih lanjut, volume produksi tanaman buah-buahan tahunan utama untuk Tahun 2024 adalah duku/langsat/kokosan yaitu mencapai 70.000 kuintal. Adapun untuk produksi utama tanaman buah-buahan tahunan Tahun 2023 adalah duku/langsat/kokosan dengan volume sebesar 45.400 kuintal.;Throughout 2023-2024, there are 7 types of annual vegetable/fruit crops that are cultivated in Carita District, namely bird's eye chili, long beans, cucumber, melon, water melon, eggplant, and chili curly/chili pepper.  In 2023, the largest harvest area came from the crop Long Beans with a harvest area of 23 ha. Unlike the overview of the harvest area, the largest production came from cucumber, i.e. 1.706 kwintal. Furthermore, for 2024, the largest harvested area is generated by the crop Long Beans with a harvested area of 14 ha. Same as the harvest area, the largest production comes from Long Beans, i.e. 915 quintals.;In addition to seasonal vegetables and fruits, there is only one kind of medicinal crop cultivated in Carita District, namely ginger;Other crop cultivations that can also be found in Carita District are 11 kind of parennial fruit crops, which are duku, guava, mango, pineapple, papaya, banana, rambutan, breadfruit, dragon fruit, lemon, and dimocarpus longan.  Furthermore, the production volume of major parennial fruit crops for Year 2024 is duku reaching 70,000 quintals respectively. As for the main production of parennial fruit crops for Year 2023 is duku with a volume of 45,400 quintals.;–  ;–  ;–  ;–  ;–  ;3;14;–  ;–  ;–  ;10;–  ;–  ;–  ;–  ;–  ;2;–  ;6;–  ;–  ;–  ;3;–  ;–  ;–  ;–  ;–  ;–  ;–  ;–  ;23;–  ;–  ;–  ;–  ;–  ;–  ;–  ;–  ;–  ;–  ;–  ;–  ;–  ;–  ;–  ;–  ;25;–  ;–  ;–  ;–  ;–  ;–  ;–  ;–  ;300;915;–  ;–  ;–  ;597;–  ;–  ;–  ;–  ;–  ;160;–  ;348;–  ;–  ;–  ;290;–  ;–  ;–  ;–  ;–  ;–  ;–  ;–  ;2.300;–  ;–  ;–  ;–  ;–  ;–  ;–  ;–  ;–  ;–  ;–  ;–  ;–  ;–  ;–  ;–  ;2.500;–  ;–  ;–  ;–  ;–  ;...  ;–  ;–  ;–  ;–  ;–  ;–  ;–  ;–  ;–  ;–  ;–  ;–  ;–  ;–  ;–  ;...  ;–  ;–  ;–  ;–  ;–  ;–  ;–  ;–  ;–  ;–  ;–  ;–  ;–  ;–  ;–  ;...  ;–  ;–  ;–  ;–  ;–  ;–  ;–  ;–  ;–  ;–  ;–  ;–  ;–  ;–  ;–  ;...  ;–  ;–  ;–  ;–  ;–  ;–  ;–  ;–  ;–  ;–  ;–  ;–  ;–  ;–  ;–  ;–  ;–  ;–  ;–  ;–  ;–  ;–  ;–  ;–  ;–  ;–  ;–  ;–  ;–  ;–  ;–  ;–  ;–  ;–  ;–  ;–  ;–  ;–  ;–  ;–  ;–  ;–  ;–  ;–  ;–  ;–  ;–  ;–  ;–  ;–  ;–  ;–  ;–  ;–  ;–  ;–  ;–  ;–  ;–  ;–  ;–  ;–  ;–  ;–  ;–  ;–  ;–  ;–  ;–  ;–  ;–  ;–  ;–  ;–  ;–  ;–  ;–  ;–  ;–  ;–  ;–  ;–  ;–  ;–  ;–  ;–  ;–  ;–  ;–  ;–  ;–  ;–  ;–  ;–  ;–  ;–  ;–  ;600;70000;–  ;–  ;1985;–  ;–  ;1600;25200;7150;–  ;–  ;100;15300;8020;2000;–  ;–  ;–  ;530;–  ;–  ;–  ;–  ;–  ;–  ;–  ;–  ;72000;–  ;–  ;2200;–  ;–  ;–  ;38000;40000;–  ;–  ;–  ;9800;29500;–  ;–  ;–  ;–  ;5600;–  ;–  ;–  
130;Jiput;JIPUT;13;Desa;Village;D:\KCDA\2025\130\Bab5.PNG;D:\KCDA\2025\130\G051.png;D:\KCDA\2025\130\G052.png;Sepanjang tahun 2024–2025,  terdapat 7 jenis tanaman sayuran/buah-buahan semusim yang dibudidayakan di Kecamatan Jiput, yaitu cabai rawit, kacang panjang, ketimun, melon, terung, tomat, dan cabai keriting.  Pada tahun 2023, luas panen terbesar berasal dari tanaman Cabai Rawit dengan luas panen 3,8 ha.Sama seperti luas panen, produksi terbesar berasal dari Cabai Rawit, yaitu 355 kwintal. Lebih lanjut, untuk tahun 2024, luas panen terbesar dihasilkan oleh tanaman Cabai Rawit dengan luas panen 4,5 ha. Sama seperti luas panen, produksi terbesar berasal dari Cabai Rawit, yaitu 450 kwintal.;Khusus tahun 2021-2023, tidak ada panen atau produksi dari tanaman biofarmaka di kecamatan ini.;Budidaya tanaman lain yang juga dapat dijumpai di Kecamatan Jiput adalah 20 jenis buah-buahan tahunan, yaitu alpukat, apel, belimbing, duku/langsat/kokosan, durian, jambu biji, jengkol, jeruk siam/keprok, mangga, manggis, nenas, pepaya, pisang, rambutan, sawo, sirsak, sukun, buah naga, lemon, dan lengkeng.  Lebih lanjut, volume produksi tanaman buah-buahan tahunan utama untuk Tahun 2024 adalah mangga yaitu mencapai 33.900 kuintal. Adapun untuk produksi utama tanaman buah-buahan tahunan Tahun 2023 adalah duku/langsat/kokosan dengan volume sebesar 27.200 kuintal.;Throughout 2023-2024, there are 7 types of annual vegetable/fruit crops that are cultivated in Jiput District, namely bird's eye chili, long beans, cucumber, melon, eggplant, tomato, and chili curly/chili pepper.  In 2023, the largest harvest area came from the crop Bird'S Eye Chili with a harvest area of 3,8 ha.Just like the harvested area, the largest production came from bird's eye chili, which was 355 kwintal. Furthermore, for 2024, the largest harvested area is generated by the crop Bird'S Eye Chili with a harvested area of 4,5 ha. Same as the harvest area, the largest production comes from Bird'S Eye Chili, i.e. 450 quintals.;In 2023-2024, There was no harvest or production of medicinal crop in this District.;Other crop cultivations that can also be found in Jiput District are 20 kind of parennial fruit crops, which are avocado, apple, star fruit, duku, durian, guava, jengkol, orange/tangerine, mango, mangosteen, pineapple, papaya, banana, rambutan, sapodilla/sawo, soursop, breadfruit, dragon fruit, lemon, and dimocarpus longan.  Furthermore, the production volume of major parennial fruit crops for Year 2024 is mango reaching 33,900 quintals respectively. As for the main production of parennial fruit crops for Year 2023 is duku with a volume of 27,200 quintals.;–  ;–  ;–  ;–  ;–  ;4,5;0,3;–  ;–  ;–  ;0,9;–  ;–  ;0,3;–  ;–  ;–  ;–  ;0,5;0,6;–  ;–  ;5,5;–  ;–  ;–  ;–  ;–  ;–  ;–  ;–  ;24;9;5;–  ;–  ;–  ;–  ;–  ;–  ;–  ;–  ;–  ;–  ;1;–  ;–  ;–  ;26;–  ;–  ;–  ;–  ;–  ;–  ;–  ;–  ;450;15;–  ;–  ;–  ;72;–  ;–  ;17;–  ;–  ;–  ;–  ;43;40;–  ;–  ;550;–  ;–  ;–  ;–  ;–  ;–  ;–  ;–  ;2.400;970;695;–  ;–  ;–  ;–  ;–  ;–  ;–  ;–  ;–  ;–  ;220;–  ;–  ;–  ;2.600;–  ;–  ;–  ;–  ;–  ;...  ;–  ;–  ;–  ;–  ;–  ;–  ;–  ;–  ;–  ;–  ;–  ;–  ;–  ;4.500;–  ;...  ;2.000;2.500;–  ;–  ;–  ;–  ;–  ;–  ;–  ;–  ;–  ;–  ;–  ;–  ;–  ;...  ;–  ;–  ;–  ;–  ;–  ;–  ;–  ;–  ;–  ;–  ;–  ;–  ;–  ;18.000;–  ;...  ;6.000;8.500;–  ;–  ;–  ;–  ;–  ;–  ;–  ;–  ;–  ;–  ;–  ;–  ;–  ;–  ;–  ;–  ;–  ;–  ;–  ;–  ;–  ;–  ;–  ;–  ;–  ;–  ;–  ;–  ;–  ;–  ;–  ;–  ;–  ;–  ;–  ;–  ;–  ;–  ;–  ;–  ;–  ;–  ;–  ;–  ;–  ;–  ;–  ;–  ;–  ;–  ;–  ;–  ;–  ;–  ;–  ;–  ;–  ;–  ;–  ;–  ;–  ;–  ;–  ;–  ;–  ;–  ;–  ;–  ;–  ;–  ;–  ;–  ;–  ;–  ;–  ;–  ;–  ;–  ;–  ;–  ;–  ;–  ;–  ;–  ;–  ;–  ;–  ;–  ;–  ;–  ;–  ;80;–  ;–  ;–  ;200;20870;–  ;–  ;4750;–  ;–  ;560;15600;33900;320;–  ;–  ;6900;3917;4500;–  ;–  ;–  ;–  ;–  ;–  ;–  ;260;–  ;–  ;–  ;7300;33000;–  ;–  ;4750;–  ;–  ;1100;26000;44500;900;–  ;–  ;5300;4620;–  ;–  ;450;–  ;–  ;–  ;–  ;–  
131;Cikedal;CIKEDAL;10;Desa;Village;D:\KCDA\2025\131\Bab5.PNG;D:\KCDA\2025\131\G051.png;D:\KCDA\2025\131\G052.png;Sepanjang tahun 2024–2025,  terdapat 10 jenis tanaman sayuran/buah-buahan semusim yang dibudidayakan di Kecamatan Cikedal, yaitu bawang daun, bayam, cabai rawit, kacang panjang, kangkung, ketimun, petsai/sawi, terung, tomat, dan cabai keriting.  Pada tahun 2023, luas panen terbesar berasal dari tanaman Kacang Panjang dengan luas panen 13 ha.Tidak seperti gambaran luas panen, produksi terbesar berasal dari Cabai Rawit, yaitu 250 kwintal. Lebih lanjut, untuk tahun 2024, luas panen terbesar dihasilkan oleh tanaman Ketimun dengan luas panen 14 ha. Sama seperti luas panen, produksi terbesar berasal dari Ketimun, yaitu 915 kwintal.;Selain sayuran dan buah-buahan semusim, didapati juga 5 jenis tanaman biofarma yang dibudidayakan di Kecamatan Cikedal, yaitu jahe, kapulaga, kencur, temukunci, dan temulawak.;Budidaya tanaman lain yang juga dapat dijumpai di Kecamatan Cikedal adalah 21 jenis buah-buahan tahunan, yaitu alpukat, apel, belimbing, duku/langsat/kokosan, durian, jambu air, jambu biji, jengkol, jeruk besar, jeruk siam/keprok, mangga, manggis, nenas, pepaya, pisang, rambutan, salak, sawo, buah naga, lemon, dan lengkeng.  Lebih lanjut, volume produksi tanaman buah-buahan tahunan utama untuk Tahun 2024 adalah pepaya yaitu mencapai 8.700 kuintal. Adapun untuk produksi utama tanaman buah-buahan tahunan Tahun 2023 adalah mangga dengan volume sebesar 5.606 kuintal.;Throughout 2023-2024, there are 10 types of annual vegetable/fruit crops that are cultivated in Cikedal District, namely scallion, spinach, bird's eye chili, long beans, water spinach, cucumber, chinese cabbage/mustard green, eggplant, tomato, and chili curly/chili pepper.  In 2023, the largest harvest area came from the crop Long Beans with a harvest area of 13 ha. Unlike the overview of the harvest area, the largest production came from bird's eye chili, i.e. 250 kwintal. Furthermore, for 2024, the largest harvested area is generated by the crop Cucumber with a harvested area of 14 ha. Same as the harvest area, the largest production comes from Cucumber, i.e. 915 quintals.;In addition to annual vegetable and fruit crops, there are also found 5 kind of medicinal crops cultivated in Cikedal  District, which are ginger, java cardamom, east indian galangal, chinese keys, and java turmeric.;Other crop cultivations that can also be found in Cikedal District are 21 kind of parennial fruit crops, which are avocado, apple, star fruit, duku, durian, water apple, guava, jengkol, pomelo, orange/tangerine, mango, mangosteen, pineapple, papaya, banana, rambutan, snakefruit, sapodilla/sawo, dragon fruit, lemon, and dimocarpus longan.  Furthermore, the production volume of major parennial fruit crops for Year 2024 is papaya reaching 8,700 quintals respectively. As for the main production of parennial fruit crops for Year 2023 is mango with a volume of 5,606 quintals.;8,3;–  ;–  ;1,5;–  ;2,45;8;5,75;–  ;–  ;14;–  ;–  ;–  ;–  ;10,5;–  ;–  ;–  ;–  ;–  ;–  ;2;–  ;–  ;–  ;–  ;–  ;–  ;–  ;–  ;21;–  ;–  ;–  ;–  ;–  ;–  ;–  ;–  ;–  ;–  ;–  ;–  ;–  ;–  ;–  ;–  ;19;–  ;–  ;–  ;87;–  ;–  ;66;–  ;265;510;270;–  ;–  ;915;–  ;–  ;–  ;–  ;235;–  ;–  ;–  ;–  ;–  ;–  ;220;–  ;–  ;–  ;–  ;–  ;–  ;–  ;–  ;2.000;–  ;–  ;–  ;–  ;–  ;–  ;–  ;–  ;–  ;–  ;–  ;–  ;–  ;–  ;–  ;–  ;1.900;–  ;–  ;–  ;5.112;–  ;...  ;1.165;1.627;–  ;–  ;–  ;–  ;–  ;–  ;–  ;–  ;–  ;428;2.180;–  ;–  ;...  ;–  ;–  ;–  ;–  ;–  ;–  ;–  ;–  ;–  ;–  ;–  ;–  ;–  ;10.950;–  ;...  ;2.900;3.800;–  ;–  ;–  ;–  ;–  ;–  ;–  ;–  ;–  ;3.200,00;7.100;–  ;–  ;...  ;–  ;–  ;–  ;–  ;–  ;–  ;–  ;–  ;–  ;–  ;–  ;–  ;–  ;–  ;–  ;–  ;–  ;–  ;–  ;–  ;–  ;–  ;–  ;–  ;–  ;–  ;–  ;–  ;–  ;–  ;–  ;–  ;–  ;–  ;–  ;–  ;–  ;–  ;–  ;–  ;–  ;–  ;–  ;–  ;–  ;–  ;–  ;–  ;–  ;–  ;–  ;–  ;–  ;–  ;–  ;–  ;–  ;–  ;–  ;–  ;–  ;–  ;–  ;–  ;–  ;–  ;–  ;–  ;–  ;–  ;–  ;–  ;–  ;–  ;–  ;–  ;–  ;–  ;–  ;–  ;–  ;–  ;–  ;–  ;–  ;–  ;–  ;–  ;–  ;–  ;–  ;–  ;–  ;140;–  ;–  ;–  ;100;5000;–  ;–  ;–  ;–  ;–  ;–  ;1970;–  ;–  ;–  ;–  ;8700;6200;300;–  ;–  ;–  ;–  ;–  ;–  ;–  ;–  ;–  ;–  ;–  ;–  ;4400;–  ;–  ;–  ;–  ;–  ;–  ;10000;–  ;–  ;–  ;–  ;9600;10700;–  ;–  ;–  ;–  ;–  ;–  ;–  ;–  
140;Menes;MENES;12;Desa;Village;D:\KCDA\2025\140\Bab5.PNG;D:\KCDA\2025\140\G051.png;D:\KCDA\2025\140\G052.png;Sepanjang tahun 2024–2025,  terdapat 9 jenis tanaman sayuran/buah-buahan semusim yang dibudidayakan di Kecamatan Menes, yaitu cabai rawit, kacang panjang, kangkung, ketimun, melon, petsai/sawi, terung, tomat, dan cabai keriting.  Pada tahun 2023, luas panen terbesar berasal dari tanaman Cabai Rawit dengan luas panen 27 ha.Sama seperti luas panen, produksi terbesar berasal dari Cabai Rawit, yaitu 2.510 kwintal. Lebih lanjut, untuk tahun 2024, luas panen terbesar dihasilkan oleh tanaman Ketimun dengan luas panen 8,5 ha. Sama seperti luas panen, produksi terbesar berasal dari Ketimun, yaitu 510 kwintal.;Selain sayuran dan buah-buahan semusim, didapati juga 6 jenis tanaman biofarma yang dibudidayakan di Kecamatan Menes, yaitu jahe, kapulaga, kencur, kunyit, temukunci, dan temulawak.;Budidaya tanaman lain yang juga dapat dijumpai di Kecamatan Menes adalah 6 jenis buah-buahan tahunan, yaitu alpukat, duku/langsat/kokosan, mangga, pisang, lemon, dan lengkeng.  Lebih lanjut, volume produksi tanaman buah-buahan tahunan utama untuk Tahun 2024 adalah duku/langsat/kokosan yaitu mencapai 14.500 kuintal. Sayang sekali, data produksi buah-buahan tahunan untuk tahun 2023 tidak tersedia.;Throughout 2023-2024, there are 9 types of annual vegetable/fruit crops that are cultivated in Menes District, namely bird's eye chili, long beans, water spinach, cucumber, melon, chinese cabbage/mustard green, eggplant, tomato, and chili curly/chili pepper.  In 2023, the largest harvest area came from the crop Bird'S Eye Chili with a harvest area of 27 ha.Just like the harvested area, the largest production came from bird's eye chili, which was 2.510 kwintal. Furthermore, for 2024, the largest harvested area is generated by the crop Cucumber with a harvested area of 8,5 ha. Same as the harvest area, the largest production comes from Cucumber, i.e. 510 quintals.;In addition to annual vegetable and fruit crops, there are also found 6 kind of medicinal crops cultivated in Menes  District, which are ginger, java cardamom, east indian galangal, turmeric, chinese keys, and java turmeric.;Other crop cultivations that can also be found in Menes District are 6 kind of parennial fruit crops, which are avocado, duku, mango, banana, lemon, and dimocarpus longan.  Furthermore, the production volume of major parennial fruit crops for Year 2024 is duku reaching 14,500 quintals respectively. Unfortunately, the parennial fruit production data for 2023 is not available.;–  ;–  ;–  ;–  ;–  ;3,5;5;0,25;–  ;–  ;8,5;–  ;–  ;0,95;–  ;1,25;–  ;–  ;3;3,5;–  ;–  ;3,75;–  ;–  ;–  ;–  ;–  ;–  ;–  ;–  ;30;21;–  ;–  ;–  ;7;–  ;–  ;5;–  ;–  ;–  ;–  ;–  ;–  ;–  ;2;28;–  ;–  ;–  ;–  ;–  ;–  ;–  ;–  ;350;460;35;–  ;–  ;510;–  ;–  ;230;–  ;220;–  ;–  ;250;300;–  ;–  ;436;–  ;–  ;–  ;–  ;–  ;–  ;–  ;–  ;2.730;1.940;–  ;–  ;–  ;585;–  ;–  ;1.245,00;–  ;–  ;–  ;–  ;–  ;–  ;–  ;200;2.800;–  ;–  ;–  ;13.520;–  ;...  ;5.900;4.070;2.714;–  ;–  ;–  ;–  ;–  ;–  ;–  ;–  ;25;2.510;2.000;–  ;...  ;3.000;–  ;–  ;–  ;–  ;–  ;–  ;–  ;–  ;–  ;–  ;–  ;–  ;36.560;–  ;...  ;14.450;12.210;8.142;–  ;–  ;–  ;–  ;–  ;–  ;–  ;–  ;195;7.530;6.000;–  ;...  ;10.000;–  ;–  ;–  ;–  ;–  ;–  ;–  ;–  ;–  ;–  ;–  ;–  ;–  ;–  ;–  ;–  ;–  ;–  ;–  ;–  ;–  ;–  ;–  ;–  ;–  ;–  ;–  ;–  ;–  ;–  ;–  ;–  ;–  ;–  ;–  ;–  ;–  ;–  ;–  ;–  ;–  ;–  ;–  ;–  ;–  ;–  ;–  ;–  ;–  ;–  ;–  ;–  ;–  ;–  ;–  ;–  ;–  ;–  ;–  ;–  ;–  ;–  ;–  ;–  ;–  ;–  ;–  ;–  ;–  ;–  ;–  ;–  ;–  ;–  ;–  ;–  ;–  ;–  ;–  ;–  ;–  ;–  ;–  ;–  ;–  ;–  ;–  ;–  ;–  ;–  ;–  ;–  ;2800;–  ;–  ;–  ;–  ;14500;–  ;–  ;–  ;–  ;–  ;2100;4000;9200;–  ;–  ;–  ;–  ;12230;–  ;–  ;–  ;–  ;–  ;–  ;–  ;–  ;2600;–  ;–  ;–  ;–  ;16000;–  ;–  ;–  ;–  ;–  ;4000;11800;670;–  ;–  ;–  ;–  ;17700;–  ;–  ;–  ;–  ;–  ;–  ;–  ;–  
141;Pulosari;PULOSARI;9;Desa;Village;D:\KCDA\2025\141\Bab5.PNG;D:\KCDA\2025\141\G051.png;D:\KCDA\2025\141\G052.png;Sepanjang tahun 2024–2025,  terdapat 9 jenis tanaman sayuran/buah-buahan semusim yang dibudidayakan di Kecamatan Pulosari, yaitu bawang daun, bawang merah, cabai rawit, kacang panjang, ketimun, petsai/sawi, terung, tomat, dan cabai keriting.  Pada tahun 2023, luas panen terbesar berasal dari tanaman Kacang Panjang dan Ketimun dengan luas panen masing-masing 19 ha. Tidak seperti gambaran luas panen, produksi terbesar berasal dari Ketimun, yaitu 1.518 kwintal. Lebih lanjut, untuk tahun 2024, luas panen terbesar dihasilkan oleh tanaman Ketimun dengan luas panen 23 ha. Berbeda dengan luas panen, produksi terbesar berasal dari Petsai/Sawi, yaitu 2.132 kwintal.;Selain sayuran dan buah-buahan semusim, didapati juga 3 jenis tanaman biofarma yang dibudidayakan di Kecamatan Pulosari, yaitu jahe, kencur, dan temulawak.;Budidaya tanaman lain yang juga dapat dijumpai di Kecamatan Pulosari adalah 13 jenis buah-buahan tahunan, yaitu alpukat, duku/langsat/kokosan, jambu air, jambu biji, mangga, nenas, pepaya, pisang, rambutan, sirsak, buah naga, lemon, dan lengkeng.  Lebih lanjut, volume produksi tanaman buah-buahan tahunan utama untuk Tahun 2024 adalah mangga yaitu mencapai 6.550 kuintal. Adapun untuk produksi utama tanaman buah-buahan tahunan Tahun 2023 adalah mangga dengan volume sebesar 19.862 kuintal.;Throughout 2023-2024, there are 9 types of annual vegetable/fruit crops that are cultivated in Pulosari District, namely scallion, shallots, bird's eye chili, long beans, cucumber, chinese cabbage/mustard green, eggplant, tomato, and chili curly/chili pepper.  In 2023, the largest harvest area came from the crop Long Beans dan Cucumber with a harvest area of respectively 19 ha.  Unlike the overview of the harvest area, the largest production came from cucumber, i.e. 1.518 kwintal. Furthermore, for 2024, the largest harvested area is generated by the crop Cucumber with a harvested area of 23 ha. Unlike the harvest area, the largest production comes from Chinese Cabbage/Mustard Green, i.e. 2,132 quintals.;In addition to annual vegetable and fruit crops, there are also found 3 kind of medicinal crops cultivated in Pulosari  District, which are ginger, east indian galangal, and java turmeric.;Other crop cultivations that can also be found in Pulosari District are 13 kind of parennial fruit crops, which are avocado, duku, water apple, guava, mango, pineapple, papaya, banana, rambutan, soursop, dragon fruit, lemon, and dimocarpus longan.  Furthermore, the production volume of major parennial fruit crops for Year 2024 is mango reaching 6,550 quintals respectively. As for the main production of parennial fruit crops for Year 2023 is mango with a volume of 19,862 quintals.;4;–  ;–  ;–  ;–  ;9;12;–  ;–  ;–  ;23;–  ;–  ;–  ;–  ;19;–  ;–  ;7;12;–  ;–  ;19;–  ;–  ;–  ;–  ;7;–  ;–  ;–  ;37;7;–  ;–  ;–  ;15;–  ;–  ;–  ;–  ;–  ;–  ;–  ;–  ;–  ;–  ;–  ;44;–  ;–  ;–  ;600;–  ;–  ;–  ;–  ;900;605;–  ;–  ;–  ;1900;–  ;–  ;–  ;–  ;2.132;–  ;–  ;230;840;–  ;–  ;1870;–  ;–  ;–  ;–  ;630;–  ;–  ;–  ;3.700;600;–  ;–  ;–  ;1.410;–  ;–  ;–  ;–  ;–  ;–  ;–  ;–  ;–  ;–  ;–  ;4.400;–  ;–  ;–  ;9.900;–  ;...  ;–  ;4.200;–  ;–  ;–  ;–  ;–  ;–  ;–  ;–  ;–  ;–  ;4.500;9.000;–  ;...  ;1.000;–  ;–  ;–  ;–  ;–  ;–  ;–  ;–  ;–  ;–  ;–  ;–  ;33.500;–  ;...  ;–  ;18.800;–  ;–  ;–  ;–  ;–  ;–  ;–  ;–  ;–  ;–  ;21.500;27.000;–  ;...  ;3.000;–  ;–  ;–  ;–  ;–  ;–  ;–  ;–  ;–  ;–  ;–  ;–  ;–  ;–  ;–  ;–  ;–  ;–  ;–  ;–  ;–  ;–  ;–  ;–  ;–  ;–  ;–  ;–  ;–  ;–  ;–  ;–  ;–  ;–  ;–  ;–  ;–  ;–  ;–  ;–  ;–  ;–  ;–  ;–  ;–  ;–  ;–  ;–  ;–  ;–  ;–  ;–  ;–  ;–  ;–  ;–  ;–  ;–  ;–  ;–  ;–  ;–  ;–  ;–  ;–  ;–  ;–  ;–  ;–  ;–  ;–  ;–  ;–  ;–  ;–  ;–  ;–  ;–  ;–  ;–  ;–  ;–  ;–  ;–  ;–  ;–  ;–  ;–  ;–  ;–  ;–  ;–  ;1765;–  ;–  ;–  ;290;700;–  ;–  ;–  ;–  ;–  ;60;960;6550;–  ;–  ;–  ;6100;231;–  ;–  ;–  ;–  ;–  ;–  ;–  ;–  ;1900;–  ;–  ;–  ;–  ;2000;–  ;–  ;–  ;–  ;–  ;–  ;1700;4600;–  ;–  ;–  ;3750;1470;–  ;–  ;–  ;–  ;–  ;–  ;–  ;–  
150;Mandalawangi;MANDALAWANGI;15;Desa;Village;D:\KCDA\2025\150\Bab5.PNG;D:\KCDA\2025\150\G051.png;D:\KCDA\2025\150\G052.png;Sepanjang tahun 2024–2025,  terdapat 7 jenis tanaman sayuran/buah-buahan semusim yang dibudidayakan di Kecamatan Mandalawangi, yaitu cabai rawit, kacang panjang, kangkung, ketimun, terung, tomat, dan cabai keriting.  Pada tahun 2023, luas panen terbesar berasal dari tanaman Cabai Rawit dengan luas panen 3,8 ha.Sama seperti luas panen, produksi terbesar berasal dari Cabai Rawit, yaitu 389 kwintal. Lebih lanjut, untuk tahun 2024, luas panen terbesar dihasilkan oleh tanaman Cabai Rawit dengan luas panen 5,8 ha. Sama seperti luas panen, produksi terbesar berasal dari Cabai Rawit, yaitu 580 kwintal.;Khusus tahun 2021-2023, tidak ada panen atau produksi dari tanaman biofarmaka di kecamatan ini.;Budidaya tanaman lain yang juga dapat dijumpai di Kecamatan Mandalawangi adalah 19 jenis buah-buahan tahunan, yaitu alpukat, apel, duku/langsat/kokosan, durian, jambu air, jambu biji, jengkol, mangga, manggis, pepaya, pisang, rambutan, salak, sawo, sirsak, sukun, buah naga, lemon, dan lengkeng.  Lebih lanjut, volume produksi tanaman buah-buahan tahunan utama untuk Tahun 2024 adalah mangga yaitu mencapai 30.500 kuintal. Adapun untuk produksi utama tanaman buah-buahan tahunan Tahun 2023 adalah duku/langsat/kokosan dengan volume sebesar 20.992 kuintal.;Throughout 2023-2024, there are 7 types of annual vegetable/fruit crops that are cultivated in Mandalawangi District, namely bird's eye chili, long beans, water spinach, cucumber, eggplant, tomato, and chili curly/chili pepper.  In 2023, the largest harvest area came from the crop Bird'S Eye Chili with a harvest area of 3,8 ha.Just like the harvested area, the largest production came from bird's eye chili, which was 389 kwintal. Furthermore, for 2024, the largest harvested area is generated by the crop Bird'S Eye Chili with a harvested area of 5,8 ha. Same as the harvest area, the largest production comes from Bird'S Eye Chili, i.e. 580 quintals.;In 2023-2024, There was no harvest or production of medicinal crop in this District.;Other crop cultivations that can also be found in Mandalawangi District are 19 kind of parennial fruit crops, which are avocado, apple, duku, durian, water apple, guava, jengkol, mango, mangosteen, papaya, banana, rambutan, snakefruit, sapodilla/sawo, soursop, breadfruit, dragon fruit, lemon, and dimocarpus longan.  Furthermore, the production volume of major parennial fruit crops for Year 2024 is mango reaching 30,500 quintals respectively. As for the main production of parennial fruit crops for Year 2023 is duku with a volume of 20,992 quintals.;–  ;–  ;–  ;–  ;–  ;5,8;0,3;–  ;–  ;–  ;0,5;–  ;–  ;–  ;–  ;–  ;–  ;–  ;–  ;0,5;–  ;–  ;8;–  ;–  ;–  ;–  ;–  ;–  ;–  ;–  ;28;5;–  ;–  ;–  ;–  ;–  ;–  ;–  ;–  ;–  ;–  ;–  ;–  ;–  ;–  ;–  ;20;–  ;–  ;–  ;–  ;–  ;–  ;–  ;–  ;580;25;–  ;–  ;–  ;55;–  ;–  ;–  ;–  ;–  ;–  ;–  ;–  ;52;–  ;–  ;800;–  ;–  ;–  ;–  ;–  ;–  ;–  ;–  ;2.800;595;–  ;–  ;–  ;–  ;–  ;–  ;–  ;–  ;–  ;–  ;–  ;–  ;–  ;–  ;–  ;2.000;–  ;–  ;–  ;–  ;–  ;...  ;–  ;–  ;–  ;–  ;–  ;–  ;–  ;–  ;–  ;–  ;–  ;–  ;–  ;6.000;–  ;...  ;–  ;–  ;–  ;–  ;–  ;–  ;–  ;–  ;–  ;–  ;–  ;–  ;–  ;–  ;–  ;...  ;–  ;–  ;–  ;–  ;–  ;–  ;–  ;–  ;–  ;–  ;–  ;–  ;–  ;18.000;–  ;...  ;–  ;–  ;–  ;–  ;–  ;–  ;–  ;–  ;–  ;–  ;–  ;–  ;–  ;–  ;–  ;–  ;–  ;–  ;–  ;–  ;–  ;–  ;–  ;–  ;–  ;–  ;–  ;–  ;–  ;–  ;–  ;–  ;–  ;–  ;–  ;–  ;–  ;–  ;–  ;–  ;–  ;–  ;–  ;–  ;–  ;–  ;–  ;–  ;–  ;–  ;–  ;–  ;–  ;–  ;–  ;–  ;–  ;–  ;–  ;–  ;–  ;–  ;–  ;–  ;–  ;–  ;–  ;–  ;–  ;–  ;–  ;–  ;–  ;–  ;–  ;–  ;–  ;–  ;–  ;–  ;–  ;–  ;–  ;–  ;–  ;–  ;–  ;–  ;–  ;–  ;–  ;–  ;–  ;100;–  ;–  ;–  ;–  ;20200;–  ;–  ;–  ;–  ;–  ;70;200;30500;–  ;–  ;–  ;–  ;3420;–  ;–  ;–  ;–  ;–  ;–  ;–  ;–  ;200;–  ;–  ;–  ;–  ;20000;–  ;–  ;–  ;–  ;–  ;–  ;–  ;12400;–  ;–  ;–  ;–  ;9700;–  ;–  ;–  ;–  ;–  ;–  ;–  ;–  
160;Cimanuk;CIMANUK;11;Desa;Village;D:\KCDA\2025\160\Bab5.PNG;D:\KCDA\2025\160\G051.png;D:\KCDA\2025\160\G052.png;Sepanjang tahun 2024–2025,  terdapat 10 jenis tanaman sayuran/buah-buahan semusim yang dibudidayakan di Kecamatan Cimanuk, yaitu bawang daun, cabai rawit, kacang panjang, kangkung, ketimun, melon, petsai/sawi, terung, tomat, dan cabai keriting.  Pada tahun 2023, luas panen terbesar berasal dari tanaman Ketimun dengan luas panen 16 ha.Sama seperti luas panen, produksi terbesar berasal dari Ketimun, yaitu 960 kwintal. Lebih lanjut, untuk tahun 2024, luas panen terbesar dihasilkan oleh tanaman Ketimun dengan luas panen 13 ha. Berbeda dengan luas panen, produksi terbesar berasal dari Cabai Rawit, yaitu 690 kwintal.;Selain sayuran dan buah-buahan semusim, didapati juga 5 jenis tanaman biofarma yang dibudidayakan di Kecamatan Cimanuk, yaitu jahe, kapulaga, kencur, kunyit, dan temulawak.;Budidaya tanaman lain yang juga dapat dijumpai di Kecamatan Cimanuk adalah 17 jenis buah-buahan tahunan, yaitu alpukat, apel, duku/langsat/kokosan, durian, jambu air, jambu biji, mangga, manggis, nenas, pepaya, pisang, rambutan, sawo, sukun, buah naga, lemon, dan lengkeng.  Lebih lanjut, volume produksi tanaman buah-buahan tahunan utama untuk Tahun 2024 adalah pisang yaitu mencapai 18.700 kuintal. Adapun untuk produksi utama tanaman buah-buahan tahunan Tahun 2023 adalah pisang dengan volume sebesar 1.547 kuintal.;Throughout 2023-2024, there are 10 types of annual vegetable/fruit crops that are cultivated in Cimanuk District, namely scallion, bird's eye chili, long beans, water spinach, cucumber, melon, chinese cabbage/mustard green, eggplant, tomato, and chili curly/chili pepper.  In 2023, the largest harvest area came from the crop Cucumber with a harvest area of 16 ha.Just like the harvested area, the largest production came from cucumber, which was 960 kwintal. Furthermore, for 2024, the largest harvested area is generated by the crop Cucumber with a harvested area of 13 ha. Unlike the harvest area, the largest production comes from Bird'S Eye Chili, i.e. 690 quintals.;In addition to annual vegetable and fruit crops, there are also found 5 kind of medicinal crops cultivated in Cimanuk  District, which are ginger, java cardamom, east indian galangal, turmeric, and java turmeric.;Other crop cultivations that can also be found in Cimanuk District are 17 kind of parennial fruit crops, which are avocado, apple, duku, durian, water apple, guava, mango, mangosteen, pineapple, papaya, banana, rambutan, sapodilla/sawo, breadfruit, dragon fruit, lemon, and dimocarpus longan.  Furthermore, the production volume of major parennial fruit crops for Year 2024 is banana reaching 18,700 quintals respectively. As for the main production of parennial fruit crops for Year 2023 is banana with a volume of 1,547 quintals.;8;–  ;–  ;–  ;–  ;7;3;1;–  ;–  ;13;–  ;–  ;2;–  ;–  ;–  ;–  ;4;4;–  ;–  ;8;–  ;–  ;–  ;2;–  ;–  ;–  ;–  ;14;–  ;–  ;–  ;–  ;13;–  ;–  ;0,4;–  ;–  ;–  ;–  ;–  ;–  ;–  ;–  ;15;–  ;–  ;–  ;375;–  ;–  ;–  ;–  ;690;130;57;–  ;–  ;500;–  ;–  ;125;–  ;–  ;–  ;–  ;245;225;–  ;–  ;780;–  ;–  ;–  ;100;–  ;–  ;–  ;–  ;1.400;–  ;–  ;–  ;–  ;1.240;–  ;–  ;115;–  ;–  ;–  ;–  ;–  ;–  ;–  ;–  ;1.500;–  ;–  ;–  ;300;–  ;...  ;350;300;450;–  ;–  ;–  ;–  ;–  ;–  ;–  ;–  ;–  ;450;–  ;–  ;...  ;–  ;–  ;–  ;–  ;–  ;–  ;–  ;–  ;–  ;–  ;–  ;–  ;500;400;–  ;...  ;950;830;1.200;–  ;–  ;–  ;–  ;–  ;–  ;–  ;–  ;–  ;1.750;–  ;–  ;...  ;–  ;–  ;–  ;–  ;–  ;–  ;–  ;–  ;–  ;–  ;–  ;–  ;1.500;–  ;–  ;–  ;–  ;–  ;–  ;–  ;–  ;–  ;–  ;–  ;–  ;–  ;–  ;–  ;–  ;–  ;–  ;–  ;–  ;–  ;–  ;–  ;–  ;–  ;–  ;–  ;–  ;–  ;–  ;–  ;–  ;–  ;–  ;–  ;–  ;–  ;–  ;–  ;–  ;–  ;–  ;–  ;–  ;–  ;–  ;–  ;–  ;–  ;–  ;–  ;–  ;–  ;–  ;–  ;–  ;–  ;–  ;–  ;–  ;–  ;–  ;–  ;–  ;–  ;–  ;–  ;–  ;–  ;–  ;–  ;–  ;–  ;–  ;–  ;–  ;–  ;–  ;–  ;–  ;162;–  ;–  ;–  ;–  ;620;–  ;–  ;–  ;–  ;–  ;–  ;220;–  ;–  ;–  ;–  ;–  ;18700;–  ;–  ;–  ;–  ;–  ;–  ;–  ;–  ;100;–  ;–  ;–  ;–  ;1250;–  ;–  ;–  ;–  ;–  ;–  ;–  ;–  ;–  ;–  ;–  ;–  ;45300;–  ;–  ;–  ;–  ;–  ;–  ;–  ;–  
161;Cipeucang;CIPEUCANG;10;Desa;Village;D:\KCDA\2025\161\Bab5.PNG;D:\KCDA\2025\161\G051.png;D:\KCDA\2025\161\G052.png;Sepanjang tahun 2024–2025,  terdapat 15 jenis tanaman sayuran/buah-buahan semusim yang dibudidayakan di Kecamatan Cipeucang, yaitu bawang daun, bawang merah, bayam, buncis, cabai rawit, kacang panjang, kangkung, ketimun, melon, petsai/sawi, semangka, terung, tomat, cabai besar/cabai TW, dan cabai keriting.  Pada tahun 2023, luas panen terbesar berasal dari tanaman Ketimun dengan luas panen 4 ha.Sama seperti luas panen, produksi terbesar berasal dari Ketimun, yaitu 380 kwintal. Lebih lanjut, untuk tahun 2024, luas panen terbesar dihasilkan oleh tanaman Kangkung dengan luas panen 4 ha. Berbeda dengan luas panen, produksi terbesar berasal dari Cabai Rawit, yaitu 350 kwintal.;Selain sayuran dan buah-buahan semusim, didapati juga 7 jenis tanaman biofarma yang dibudidayakan di Kecamatan Cipeucang, yaitu jahe, kapulaga, kencur, kunyit, laos/lengkuas, temuireng, dan temulawak.;Budidaya tanaman lain yang juga dapat dijumpai di Kecamatan Cipeucang adalah 16 jenis buah-buahan tahunan, yaitu alpukat, apel, belimbing, duku/langsat/kokosan, durian, jambu biji, mangga, nangka/cempedak, nenas, pepaya, pisang, rambutan, sirsak, sukun, lemon, dan lengkeng.  Lebih lanjut, volume produksi tanaman buah-buahan tahunan utama untuk Tahun 2024 adalah duku/langsat/kokosan yaitu mencapai 1.450 kuintal. Adapun untuk produksi utama tanaman buah-buahan tahunan Tahun 2023 adalah duku/langsat/kokosan dengan volume sebesar 2.978 kuintal.;Throughout 2023-2024, there are 15 types of annual vegetable/fruit crops that are cultivated in Cipeucang District, namely scallion, shallots, spinach, string bean, bird's eye chili, long beans, water spinach, cucumber, melon, chinese cabbage/mustard green, water melon, eggplant, tomato, big chili/bell pepper, and chili curly/chili pepper.  In 2023, the largest harvest area came from the crop Cucumber with a harvest area of 4 ha.Just like the harvested area, the largest production came from cucumber, which was 380 kwintal. Furthermore, for 2024, the largest harvested area is generated by the crop Water Spinach with a harvested area of 4 ha. Unlike the harvest area, the largest production comes from Bird'S Eye Chili, i.e. 350 quintals.;In addition to annual vegetable and fruit crops, there are also found 7 kind of medicinal crops cultivated in Cipeucang  District, which are ginger, java cardamom, east indian galangal, turmeric, galangal, black turmeric, and java turmeric.;Other crop cultivations that can also be found in Cipeucang District are 16 kind of parennial fruit crops, which are avocado, apple, star fruit, duku, durian, guava, mango, jackfruit, pineapple, papaya, banana, rambutan, soursop, breadfruit, lemon, and dimocarpus longan.  Furthermore, the production volume of major parennial fruit crops for Year 2024 is duku reaching 1,450 quintals respectively. As for the main production of parennial fruit crops for Year 2023 is duku with a volume of 2,978 quintals.;1,5;1,5;–  ;0,5;1;3,5;1;4;–  ;–  ;1,5;–  ;–  ;0,45;–  ;1;–  ;–  ;1,5;1;–  ;–  ;1,5;–  ;–  ;–  ;–  ;–  ;–  ;–  ;–  ;14;3;4;–  ;–  ;2;–  ;–  ;–  ;–  ;–  ;–  ;–  ;–  ;–  ;–  ;–  ;18;–  ;–  ;–  ;125;140;–  ;20;35;350;50;235;–  ;–  ;126;–  ;–  ;70;–  ;50;–  ;–  ;205;100;–  ;–  ;150;–  ;–  ;–  ;–  ;–  ;–  ;–  ;–  ;1.400;385;340;–  ;–  ;305;–  ;–  ;–  ;–  ;–  ;–  ;–  ;–  ;–  ;–  ;–  ;1.800;–  ;–  ;–  ;–  ;–  ;...  ;–  ;–  ;–  ;–  ;–  ;–  ;–  ;–  ;–  ;–  ;–  ;–  ;–  ;–  ;–  ;...  ;500;–  ;–  ;–  ;–  ;–  ;–  ;–  ;–  ;–  ;–  ;–  ;–  ;–  ;–  ;...  ;–  ;–  ;–  ;–  ;–  ;–  ;–  ;–  ;–  ;–  ;–  ;–  ;–  ;–  ;–  ;...  ;2.000;–  ;–  ;–  ;–  ;–  ;–  ;–  ;–  ;–  ;–  ;–  ;–  ;–  ;–  ;–  ;–  ;–  ;–  ;–  ;–  ;–  ;–  ;–  ;–  ;1.000;–  ;–  ;–  ;–  ;–  ;–  ;–  ;–  ;–  ;–  ;–  ;–  ;–  ;–  ;–  ;–  ;–  ;–  ;–  ;–  ;–  ;–  ;–  ;–  ;–  ;–  ;–  ;–  ;–  ;–  ;–  ;–  ;–  ;–  ;–  ;–  ;–  ;–  ;–  ;5.000;–  ;–  ;–  ;–  ;–  ;–  ;–  ;–  ;–  ;–  ;–  ;–  ;–  ;–  ;–  ;–  ;–  ;–  ;–  ;–  ;–  ;–  ;–  ;–  ;–  ;–  ;–  ;30;–  ;–  ;–  ;–  ;1450;–  ;–  ;–  ;–  ;–  ;–  ;–  ;–  ;–  ;–  ;–  ;–  ;750;–  ;–  ;–  ;–  ;–  ;–  ;–  ;–  ;150;–  ;–  ;–  ;–  ;2000;–  ;–  ;–  ;–  ;–  ;–  ;–  ;–  ;–  ;–  ;–  ;–  ;860;–  ;–  ;–  ;–  ;–  ;–  ;–  ;–  
170;Banjar;BANJAR;11;Desa;Village;D:\KCDA\2025\170\Bab5.PNG;D:\KCDA\2025\170\G051.png;D:\KCDA\2025\170\G052.png;Sepanjang tahun 2024–2025,  terdapat 12 jenis tanaman sayuran/buah-buahan semusim yang dibudidayakan di Kecamatan Banjar, yaitu bawang daun, bawang merah, cabai rawit, kacang panjang, kangkung, ketimun, petsai/sawi, semangka, terung, tomat, cabai besar/cabai TW, dan cabai keriting.  Pada tahun 2023, luas panen terbesar berasal dari tanaman Petsai/Sawi dengan luas panen 11,5 ha.Sama seperti luas panen, produksi terbesar berasal dari Petsai/Sawi, yaitu 805 kwintal. Lebih lanjut, untuk tahun 2024, luas panen terbesar dihasilkan oleh tanaman Petsai/Sawi dengan luas panen 6 ha. Sama seperti luas panen, produksi terbesar berasal dari Petsai/Sawi, yaitu 410 kwintal.;Selain sayuran dan buah-buahan semusim, didapati juga 5 jenis tanaman biofarma yang dibudidayakan di Kecamatan Banjar, yaitu jahe, kapulaga, kencur, kunyit, dan temulawak.;Budidaya tanaman lain yang juga dapat dijumpai di Kecamatan Banjar adalah 22 jenis buah-buahan tahunan, yaitu alpukat, anggur, apel, duku/langsat/kokosan, durian, jambu air, jambu biji, jengkol, mangga, manggis, nangka/cempedak, nenas, pepaya, pisang, rambutan, salak, sawo, sirsak, sukun, buah naga, lemon, dan lengkeng.  Lebih lanjut, volume produksi tanaman buah-buahan tahunan utama untuk Tahun 2024 adalah mangga yaitu mencapai 7.460 kuintal. Adapun untuk produksi utama tanaman buah-buahan tahunan Tahun 2023 adalah pisang dengan volume sebesar 1.466 kuintal.;Throughout 2023-2024, there are 12 types of annual vegetable/fruit crops that are cultivated in Banjar District, namely scallion, shallots, bird's eye chili, long beans, water spinach, cucumber, chinese cabbage/mustard green, water melon, eggplant, tomato, big chili/bell pepper, and chili curly/chili pepper.  In 2023, the largest harvest area came from the crop Chinese Cabbage/Mustard Green with a harvest area of 11,5 ha.Just like the harvested area, the largest production came from chinese cabbage/mustard green, which was 805 kwintal. Furthermore, for 2024, the largest harvested area is generated by the crop Chinese Cabbage/Mustard Green with a harvested area of 6 ha. Same as the harvest area, the largest production comes from Chinese Cabbage/Mustard Green, i.e. 410 quintals.;In addition to annual vegetable and fruit crops, there are also found 5 kind of medicinal crops cultivated in Banjar  District, which are ginger, java cardamom, east indian galangal, turmeric, and java turmeric.;Other crop cultivations that can also be found in Banjar District are 22 kind of parennial fruit crops, which are avocado, grape, apple, duku, durian, water apple, guava, jengkol, mango, mangosteen, jackfruit, pineapple, papaya, banana, rambutan, snakefruit, sapodilla/sawo, soursop, breadfruit, dragon fruit, lemon, and dimocarpus longan.  Furthermore, the production volume of major parennial fruit crops for Year 2024 is mango reaching 7,460 quintals respectively. As for the main production of parennial fruit crops for Year 2023 is banana with a volume of 1,466 quintals.;2,5;3;–  ;–  ;–  ;2,5;1,25;4;–  ;–  ;3,25;–  ;–  ;–  ;–  ;6;2;–  ;1,85;2,5;–  ;–  ;2,25;–  ;–  ;–  ;–  ;6;–  ;–  ;–  ;9;–  ;–  ;–  ;–  ;–  ;–  ;–  ;–  ;–  ;1;–  ;–  ;–  ;–  ;–  ;–  ;15;–  ;–  ;–  ;185;285;–  ;–  ;–  ;285;75;256;–  ;–  ;184;–  ;–  ;–  ;–  ;410;65;–  ;147;198;–  ;–  ;235;–  ;–  ;–  ;–  ;530;–  ;–  ;–  ;890;–  ;–  ;–  ;–  ;–  ;–  ;–  ;–  ;–  ;60;–  ;–  ;–  ;–  ;–  ;–  ;1.480;–  ;–  ;–  ;50;–  ;...  ;–  ;250;–  ;–  ;–  ;–  ;–  ;–  ;–  ;–  ;–  ;–  ;–  ;5.000;–  ;...  ;1.000;–  ;–  ;–  ;–  ;–  ;–  ;–  ;–  ;–  ;–  ;–  ;–  ;400;–  ;...  ;–  ;750;–  ;–  ;–  ;–  ;–  ;–  ;–  ;–  ;–  ;–  ;–  ;13.000;–  ;...  ;3.000;–  ;–  ;–  ;–  ;–  ;–  ;–  ;–  ;–  ;–  ;–  ;–  ;–  ;–  ;–  ;–  ;–  ;–  ;–  ;–  ;–  ;–  ;–  ;–  ;–  ;–  ;–  ;–  ;–  ;–  ;–  ;–  ;–  ;–  ;–  ;–  ;–  ;–  ;–  ;–  ;–  ;–  ;–  ;–  ;–  ;–  ;–  ;–  ;–  ;–  ;–  ;–  ;–  ;–  ;–  ;–  ;–  ;–  ;–  ;–  ;–  ;–  ;–  ;–  ;–  ;–  ;–  ;–  ;–  ;–  ;–  ;–  ;–  ;–  ;–  ;–  ;–  ;–  ;–  ;–  ;–  ;–  ;–  ;–  ;–  ;–  ;–  ;–  ;–  ;–  ;–  ;–  ;74;–  ;–  ;–  ;1150;300;–  ;–  ;–  ;–  ;–  ;–  ;–  ;7460;–  ;–  ;–  ;–  ;–  ;–  ;–  ;–  ;–  ;–  ;–  ;–  ;–  ;500;–  ;–  ;–  ;2000;2000;–  ;–  ;–  ;–  ;–  ;–  ;–  ;10000;–  ;–  ;–  ;–  ;975;–  ;–  ;–  ;–  ;–  ;–  ;–  ;–  
171;Kaduhejo;KADUHEJO;10;Desa;Village;D:\KCDA\2025\171\Bab5.PNG;D:\KCDA\2025\171\G051.png;D:\KCDA\2025\171\G052.png;Sepanjang tahun 2024–2025,  terdapat 5 jenis tanaman sayuran/buah-buahan semusim yang dibudidayakan di Kecamatan Kaduhejo, yaitu cabai rawit, kacang panjang, ketimun, tomat, dan cabai keriting.  Pada tahun 2023, luas panen terbesar berasal dari tanaman Ketimun dengan luas panen 4 ha.Tidak seperti gambaran luas panen, produksi terbesar berasal dari Cabai Rawit, yaitu 359 kwintal. Lebih lanjut, untuk tahun 2024, luas panen terbesar dihasilkan oleh tanaman Ketimun dengan luas panen 3,5 ha. Sama seperti luas panen, produksi terbesar berasal dari Ketimun, yaitu 268 kwintal.;Selain sayuran dan buah-buahan semusim, didapati juga 5 jenis tanaman biofarma yang dibudidayakan di Kecamatan Kaduhejo, yaitu jahe, kapulaga, kencur, kunyit, dan temulawak.;Budidaya tanaman lain yang juga dapat dijumpai di Kecamatan Kaduhejo adalah 9 jenis buah-buahan tahunan, yaitu alpukat, duku/langsat/kokosan, durian, jambu biji, nenas, pepaya, pisang, lemon, dan lengkeng.  Lebih lanjut, volume produksi tanaman buah-buahan tahunan utama untuk Tahun 2024 adalah duku/langsat/kokosan yaitu mencapai 9.600 kuintal. Adapun untuk produksi utama tanaman buah-buahan tahunan Tahun 2023 adalah duku/langsat/kokosan dengan volume sebesar 10.614 kuintal.;Throughout 2023-2024, there are 5 types of annual vegetable/fruit crops that are cultivated in Kaduhejo District, namely bird's eye chili, long beans, cucumber, tomato, and chili curly/chili pepper.  In 2023, the largest harvest area came from the crop Cucumber with a harvest area of 4 ha. Unlike the overview of the harvest area, the largest production came from bird's eye chili, i.e. 359 kwintal. Furthermore, for 2024, the largest harvested area is generated by the crop Cucumber with a harvested area of 3,5 ha. Same as the harvest area, the largest production comes from Cucumber, i.e. 268 quintals.;In addition to annual vegetable and fruit crops, there are also found 5 kind of medicinal crops cultivated in Kaduhejo  District, which are ginger, java cardamom, east indian galangal, turmeric, and java turmeric.;Other crop cultivations that can also be found in Kaduhejo District are 9 kind of parennial fruit crops, which are avocado, duku, durian, guava, pineapple, papaya, banana, lemon, and dimocarpus longan.  Furthermore, the production volume of major parennial fruit crops for Year 2024 is duku reaching 9,600 quintals respectively. As for the main production of parennial fruit crops for Year 2023 is duku with a volume of 10,614 quintals.;–  ;–  ;–  ;–  ;–  ;1;1;–  ;–  ;–  ;3,5;–  ;–  ;–  ;–  ;–  ;–  ;–  ;–  ;0,5;–  ;–  ;2;–  ;–  ;–  ;–  ;–  ;–  ;–  ;–  ;24;3;2;–  ;–  ;7;–  ;–  ;–  ;–  ;–  ;–  ;–  ;–  ;–  ;–  ;–  ;17;–  ;–  ;–  ;–  ;–  ;–  ;–  ;–  ;100;81;–  ;–  ;–  ;268;–  ;–  ;–  ;–  ;–  ;–  ;–  ;–  ;22;–  ;–  ;200;–  ;–  ;–  ;–  ;–  ;–  ;–  ;–  ;2.400;470;245;–  ;–  ;748;–  ;–  ;–  ;–  ;–  ;–  ;–  ;–  ;–  ;–  ;–  ;1.700;–  ;–  ;–  ;50;–  ;...  ;50;50;250;–  ;–  ;–  ;–  ;–  ;–  ;–  ;–  ;–  ;110;1.000;–  ;...  ;–  ;–  ;–  ;–  ;–  ;–  ;–  ;–  ;–  ;–  ;–  ;–  ;2.000;80;–  ;...  ;250;250;815;–  ;–  ;–  ;–  ;–  ;–  ;–  ;–  ;–  ;430;3.500;–  ;...  ;–  ;–  ;–  ;–  ;–  ;–  ;–  ;–  ;–  ;–  ;–  ;–  ;6.000;–  ;–  ;–  ;–  ;–  ;–  ;–  ;–  ;–  ;–  ;–  ;–  ;–  ;–  ;–  ;–  ;–  ;–  ;–  ;–  ;–  ;–  ;–  ;–  ;–  ;–  ;–  ;–  ;–  ;–  ;–  ;–  ;–  ;–  ;–  ;–  ;–  ;–  ;–  ;–  ;–  ;–  ;–  ;–  ;–  ;–  ;–  ;–  ;–  ;–  ;–  ;–  ;–  ;–  ;–  ;–  ;–  ;–  ;–  ;–  ;–  ;–  ;–  ;–  ;–  ;–  ;–  ;–  ;–  ;–  ;–  ;–  ;–  ;–  ;–  ;–  ;–  ;–  ;–  ;–  ;100;–  ;–  ;–  ;–  ;9600;–  ;–  ;–  ;–  ;–  ;143;–  ;–  ;–  ;–  ;–  ;–  ;–  ;–  ;–  ;–  ;–  ;–  ;–  ;–  ;–  ;400;–  ;–  ;–  ;–  ;20000;–  ;–  ;–  ;–  ;–  ;–  ;–  ;–  ;–  ;–  ;–  ;–  ;1070;–  ;–  ;–  ;–  ;–  ;–  ;–  ;–  
172;Mekarjaya;MEKARJAYA;8;Desa;Village;D:\KCDA\2025\172\Bab5.PNG;D:\KCDA\2025\172\G051.png;D:\KCDA\2025\172\G052.png;Sepanjang tahun 2024–2025,  terdapat 9 jenis tanaman sayuran/buah-buahan semusim yang dibudidayakan di Kecamatan Mekarjaya, yaitu bawang merah, cabai rawit, kacang panjang, kangkung, ketimun, terung, tomat, cabai keriting,  dan jamur tiram.  Pada tahun 2023, luas panen terbesar berasal dari tanaman Cabai Rawit dengan luas panen 7 ha.Tidak seperti gambaran luas panen, produksi terbesar berasal dari Kangkung, yaitu 1.001 kwintal. Lebih lanjut, untuk tahun 2024, luas panen terbesar dihasilkan oleh tanaman Cabai Rawit dengan luas panen 8 ha. Sama seperti luas panen, produksi terbesar berasal dari Cabai Rawit, yaitu 800 kwintal.;Selain sayuran dan buah-buahan semusim, didapati juga 5 jenis tanaman biofarma yang dibudidayakan di Kecamatan Mekarjaya, yaitu jahe, kencur, kunyit, temukunci, dan temulawak.;Budidaya tanaman lain yang juga dapat dijumpai di Kecamatan Mekarjaya adalah 11 jenis buah-buahan tahunan, yaitu alpukat, duku/langsat/kokosan, durian, jambu biji, mangga, nenas, pisang, rambutan, sirsak, sukun, dan lengkeng.  Lebih lanjut, volume produksi tanaman buah-buahan tahunan utama untuk Tahun 2024 adalah pisang yaitu mencapai 11.700 kuintal. Adapun untuk produksi utama tanaman buah-buahan tahunan Tahun 2023 adalah pisang dengan volume sebesar 32.670 kuintal.;Throughout 2023-2024, there are 9 types of annual vegetable/fruit crops that are cultivated in Mekarjaya District, namely shallots, bird's eye chili, long beans, water spinach, cucumber, eggplant, tomato, chili curly/chili pepper,  and king oyster mushrooms.  In 2023, the largest harvest area came from the crop Bird'S Eye Chili with a harvest area of 7 ha. Unlike the overview of the harvest area, the largest production came from water spinach, i.e. 1.001 kwintal. Furthermore, for 2024, the largest harvested area is generated by the crop Bird'S Eye Chili with a harvested area of 8 ha. Same as the harvest area, the largest production comes from Bird'S Eye Chili, i.e. 800 quintals.;In addition to annual vegetable and fruit crops, there are also found 5 kind of medicinal crops cultivated in Mekarjaya  District, which are ginger, east indian galangal, turmeric, chinese keys, and java turmeric.;Other crop cultivations that can also be found in Mekarjaya District are 11 kind of parennial fruit crops, which are avocado, duku, durian, guava, mango, pineapple, banana, rambutan, soursop, breadfruit, and dimocarpus longan.  Furthermore, the production volume of major parennial fruit crops for Year 2024 is banana reaching 11,700 quintals respectively. As for the main production of parennial fruit crops for Year 2023 is banana with a volume of 32,670 quintals.;–  ;1;–  ;–  ;–  ;8;1;–  ;–  ;–  ;–  ;–  ;–  ;–  ;–  ;–  ;–  ;–  ;–  ;–  ;–  ;–  ;7;–  ;–  ;–  ;–  ;–  ;–  ;–  ;–  ;12;–  ;–  ;–  ;–  ;1;–  ;–  ;–  ;–  ;–  ;–  ;–  ;–  ;–  ;–  ;–  ;13;–  ;–  ;–  ;–  ;90;–  ;–  ;–  ;800;55;–  ;–  ;–  ;–  ;–  ;–  ;–  ;–  ;–  ;–  ;–  ;–  ;–  ;–  ;–  ;700;–  ;–  ;–  ;–  ;–  ;–  ;–  ;–  ;1.200;–  ;–  ;–  ;–  ;115;–  ;–  ;–  ;–  ;–  ;–  ;–  ;–  ;–  ;–  ;–  ;1.300;–  ;–  ;–  ;–  ;–  ;...  ;–  ;–  ;–  ;–  ;–  ;–  ;–  ;–  ;–  ;–  ;–  ;–  ;–  ;1.000;–  ;...  ;–  ;2.500;–  ;–  ;–  ;–  ;–  ;–  ;–  ;–  ;–  ;–  ;–  ;–  ;–  ;...  ;–  ;–  ;–  ;–  ;–  ;–  ;–  ;–  ;–  ;–  ;–  ;–  ;–  ;3.000;–  ;...  ;–  ;7.500;–  ;–  ;–  ;–  ;–  ;–  ;–  ;–  ;–  ;–  ;–  ;–  ;–  ;–  ;–  ;–  ;–  ;–  ;–  ;–  ;–  ;–  ;–  ;–  ;–  ;–  ;–  ;–  ;–  ;–  ;–  ;–  ;–  ;–  ;–  ;–  ;–  ;–  ;–  ;–  ;–  ;–  ;–  ;–  ;–  ;–  ;–  ;–  ;–  ;–  ;–  ;–  ;–  ;–  ;–  ;–  ;–  ;–  ;–  ;–  ;–  ;–  ;–  ;–  ;–  ;–  ;–  ;–  ;–  ;–  ;–  ;–  ;–  ;–  ;–  ;–  ;–  ;–  ;–  ;–  ;–  ;–  ;–  ;–  ;–  ;–  ;–  ;–  ;–  ;–  ;–  ;400;–  ;–  ;–  ;–  ;7500;120;–  ;1726;–  ;–  ;–  ;2570;3450;–  ;–  ;285;–  ;11700;–  ;–  ;–  ;35;1210;–  ;–  ;–  ;700;–  ;–  ;–  ;–  ;–  ;–  ;–  ;890;–  ;–  ;–  ;3000;2200;–  ;–  ;–  ;–  ;34000;–  ;–  ;–  ;–  ;–  ;–  ;–  ;–  
180;Pandeglang;PANDEGLANG;4;Kelurahan;Subdistrict;D:\KCDA\2025\180\Bab5.PNG;D:\KCDA\2025\180\G051.png;D:\KCDA\2025\180\G052.png;Sepanjang tahun 2024–2025,  terdapat 10 jenis tanaman sayuran/buah-buahan semusim yang dibudidayakan di Kecamatan Pandeglang, yaitu bawang daun, cabai rawit, kacang panjang, kangkung, ketimun, petsai/sawi, terung, tomat, cabai besar/cabai TW, dan cabai keriting.  Pada tahun 2023, luas panen terbesar berasal dari tanaman Kangkung dengan luas panen 5 ha.Sama seperti luas panen, produksi terbesar berasal dari Kangkung, yaitu 434 kwintal. Lebih lanjut, untuk tahun 2024, luas panen terbesar dihasilkan oleh tanaman Bawang Daun dengan luas panen 6 ha. Berbeda dengan luas panen, produksi terbesar berasal dari Cabai Rawit, yaitu 320 kwintal.;Khusus tahun 2021-2023, tidak ada panen atau produksi dari tanaman biofarmaka di kecamatan ini.;Budidaya tanaman lain yang juga dapat dijumpai di Kecamatan Pandeglang adalah 16 jenis buah-buahan tahunan, yaitu alpukat, duku/langsat/kokosan, durian, jambu air, jambu biji, jengkol, mangga, manggis, nenas, pepaya, pisang, rambutan, sukun, buah naga, lemon, dan lengkeng.  Lebih lanjut, volume produksi tanaman buah-buahan tahunan utama untuk Tahun 2024 adalah duku/langsat/kokosan yaitu mencapai 1.760 kuintal. Adapun untuk produksi utama tanaman buah-buahan tahunan Tahun 2023 adalah duku/langsat/kokosan dengan volume sebesar 2.440 kuintal.;Throughout 2023-2024, there are 10 types of annual vegetable/fruit crops that are cultivated in Pandeglang District, namely scallion, bird's eye chili, long beans, water spinach, cucumber, chinese cabbage/mustard green, eggplant, tomato, big chili/bell pepper, and chili curly/chili pepper.  In 2023, the largest harvest area came from the crop Water Spinach with a harvest area of 5 ha.Just like the harvested area, the largest production came from water spinach, which was 434 kwintal. Furthermore, for 2024, the largest harvested area is generated by the crop Scallion with a harvested area of 6 ha. Unlike the harvest area, the largest production comes from Bird'S Eye Chili, i.e. 320 quintals.;In 2023-2024, There was no harvest or production of medicinal crop in this District.;Other crop cultivations that can also be found in Pandeglang District are 16 kind of parennial fruit crops, which are avocado, duku, durian, water apple, guava, jengkol, mango, mangosteen, pineapple, papaya, banana, rambutan, breadfruit, dragon fruit, lemon, and dimocarpus longan.  Furthermore, the production volume of major parennial fruit crops for Year 2024 is duku reaching 1,760 quintals respectively. As for the main production of parennial fruit crops for Year 2023 is duku with a volume of 2,440 quintals.;6;–  ;–  ;–  ;–  ;3;4;2;–  ;–  ;2;–  ;–  ;–  ;–  ;1;–  ;–  ;1;1;–  ;–  ;6;–  ;–  ;–  ;–  ;–  ;–  ;–  ;–  ;19;5;5;–  ;–  ;1;–  ;–  ;–  ;–  ;–  ;–  ;–  ;–  ;–  ;–  ;–  ;23;–  ;–  ;–  ;295;–  ;–  ;–  ;–  ;320;315;70;–  ;–  ;165;–  ;–  ;–  ;–  ;115;–  ;–  ;35;15;–  ;–  ;600;–  ;–  ;–  ;–  ;–  ;–  ;–  ;–  ;1.900;729;740;–  ;–  ;220;–  ;–  ;–  ;–  ;–  ;–  ;–  ;–  ;–  ;–  ;–  ;2.300;–  ;–  ;–  ;–  ;–  ;...  ;–  ;–  ;–  ;–  ;–  ;–  ;–  ;–  ;–  ;–  ;–  ;–  ;–  ;2.000;–  ;...  ;3.000;1.500;–  ;–  ;–  ;–  ;–  ;–  ;–  ;–  ;–  ;–  ;–  ;–  ;–  ;...  ;–  ;–  ;–  ;–  ;–  ;–  ;–  ;–  ;–  ;–  ;–  ;–  ;–  ;6.000;–  ;...  ;10.000;4.500;–  ;–  ;–  ;–  ;–  ;–  ;–  ;–  ;–  ;–  ;–  ;–  ;–  ;–  ;–  ;–  ;–  ;–  ;–  ;–  ;–  ;–  ;–  ;–  ;–  ;–  ;–  ;–  ;–  ;–  ;–  ;–  ;–  ;–  ;–  ;–  ;–  ;–  ;–  ;–  ;–  ;–  ;–  ;–  ;–  ;–  ;–  ;–  ;–  ;–  ;–  ;–  ;–  ;–  ;–  ;–  ;–  ;–  ;–  ;–  ;–  ;–  ;–  ;–  ;–  ;–  ;–  ;–  ;–  ;–  ;–  ;–  ;–  ;–  ;–  ;–  ;–  ;–  ;–  ;–  ;–  ;–  ;–  ;–  ;–  ;–  ;–  ;–  ;–  ;–  ;–  ;20;–  ;–  ;–  ;1500;1760;4;118;35;–  ;–  ;55;165;1750;–  ;–  ;35;100;75;700;–  ;–  ;–  ;121;–  ;–  ;–  ;30;–  ;–  ;–  ;1000;3000;–  ;–  ;75;–  ;–  ;–  ;–  ;1900;–  ;–  ;–  ;350;430;–  ;–  ;–  ;–  ;–  ;–  ;–  ;–  
181;Majasari;MAJASARI;5;Kelurahan;Subdistrict;D:\KCDA\2025\181\Bab5.PNG;D:\KCDA\2025\181\G051.png;D:\KCDA\2025\181\G052.png;Sepanjang tahun 2024–2025,  terdapat 10 jenis tanaman sayuran/buah-buahan semusim yang dibudidayakan di Kecamatan Majasari, yaitu bawang daun, buncis, cabai rawit, kacang panjang, ketimun, petsai/sawi, terung, tomat, cabai besar/cabai TW, dan cabai keriting.  Pada tahun 2023, luas panen terbesar berasal dari tanaman Petsai/Sawi dengan luas panen 18 ha.Sama seperti luas panen, produksi terbesar berasal dari Petsai/Sawi, yaitu 992 kwintal. Lebih lanjut, untuk tahun 2024, luas panen terbesar dihasilkan oleh tanaman Petsai/Sawi dengan luas panen 12 ha. Sama seperti luas panen, produksi terbesar berasal dari Petsai/Sawi, yaitu 713 kwintal.;Selain sayuran dan buah-buahan semusim, didapati juga 5 jenis tanaman biofarma yang dibudidayakan di Kecamatan Majasari, yaitu jahe, jeruk nipis, kapulaga, kencur, dan temulawak.;Budidaya tanaman lain yang juga dapat dijumpai di Kecamatan Majasari adalah 11 jenis buah-buahan tahunan, yaitu alpukat, apel, duku/langsat/kokosan, jambu biji, mangga, nenas, pepaya, rambutan, sukun, lemon, dan lengkeng.  Lebih lanjut, volume produksi tanaman buah-buahan tahunan utama untuk Tahun 2024 adalah rambutan yaitu mencapai 4.000 kuintal. Adapun untuk produksi utama tanaman buah-buahan tahunan Tahun 2023 adalah rambutan dengan volume sebesar 15.675 kuintal.;Throughout 2023-2024, there are 10 types of annual vegetable/fruit crops that are cultivated in Majasari District, namely scallion, string bean, bird's eye chili, long beans, cucumber, chinese cabbage/mustard green, eggplant, tomato, big chili/bell pepper, and chili curly/chili pepper.  In 2023, the largest harvest area came from the crop Chinese Cabbage/Mustard Green with a harvest area of 18 ha.Just like the harvested area, the largest production came from chinese cabbage/mustard green, which was 992 kwintal. Furthermore, for 2024, the largest harvested area is generated by the crop Chinese Cabbage/Mustard Green with a harvested area of 12 ha. Same as the harvest area, the largest production comes from Chinese Cabbage/Mustard Green, i.e. 713 quintals.;In addition to annual vegetable and fruit crops, there are also found 5 kind of medicinal crops cultivated in Majasari  District, which are ginger, lime, java cardamom, east indian galangal, and java turmeric.;Other crop cultivations that can also be found in Majasari District are 11 kind of parennial fruit crops, which are avocado, apple, duku, guava, mango, pineapple, papaya, rambutan, breadfruit, lemon, and dimocarpus longan.  Furthermore, the production volume of major parennial fruit crops for Year 2024 is rambutan reaching 4,000 quintals respectively. As for the main production of parennial fruit crops for Year 2023 is rambutan with a volume of 15,675 quintals.;3;–  ;–  ;–  ;–  ;–  ;2;–  ;–  ;–  ;3;–  ;–  ;–  ;–  ;12;–  ;–  ;4;–  ;–  ;–  ;3,5;–  ;–  ;–  ;–  ;–  ;–  ;–  ;–  ;13;7;2;–  ;–  ;3;–  ;–  ;–  ;–  ;–  ;–  ;–  ;–  ;–  ;–  ;–  ;15;–  ;–  ;–  ;110;–  ;–  ;–  ;–  ;–  ;120;–  ;–  ;–  ;130;–  ;–  ;–  ;–  ;713;–  ;–  ;160;–  ;–  ;–  ;350;–  ;–  ;–  ;–  ;–  ;–  ;–  ;–  ;1.300;960;220;–  ;–  ;358;–  ;–  ;–  ;–  ;–  ;–  ;–  ;–  ;–  ;–  ;–  ;1.500;–  ;–  ;–  ;30.000;20.000;...  ;2.000;3.000;–  ;–  ;–  ;–  ;–  ;–  ;–  ;–  ;–  ;–  ;5.000;4.000;–  ;...  ;1.000;2.000;–  ;–  ;–  ;–  ;–  ;–  ;–  ;–  ;–  ;–  ;1.000;89.000;40.000;...  ;10.000;9.000;–  ;–  ;–  ;–  ;–  ;–  ;–  ;–  ;–  ;–  ;15.000;14.000;–  ;...  ;3.000;7.000;–  ;–  ;–  ;–  ;–  ;–  ;–  ;–  ;–  ;–  ;4.000;–  ;–  ;–  ;–  ;–  ;–  ;–  ;–  ;–  ;–  ;–  ;–  ;11.500;–  ;–  ;–  ;–  ;–  ;–  ;–  ;–  ;–  ;–  ;–  ;–  ;–  ;–  ;–  ;–  ;–  ;–  ;–  ;9.000;–  ;–  ;–  ;–  ;–  ;–  ;–  ;–  ;–  ;–  ;–  ;–  ;–  ;–  ;–  ;–  ;–  ;–  ;–  ;44.500;–  ;–  ;–  ;–  ;–  ;–  ;–  ;–  ;–  ;–  ;–  ;–  ;–  ;–  ;–  ;–  ;–  ;–  ;–  ;17.000;–  ;–  ;–  ;–  ;–  ;–  ;–  ;26;–  ;–  ;–  ;–  ;1560;–  ;–  ;165;–  ;–  ;140;2300;232;–  ;–  ;–  ;1570;–  ;4000;–  ;–  ;–  ;–  ;–  ;–  ;–  ;1400;–  ;–  ;–  ;–  ;5000;–  ;–  ;75;–  ;–  ;–  ;2000;87;–  ;–  ;–  ;354;1760;1100;–  ;–  ;–  ;–  ;–  ;–  ;–  
190;Cadasari;CADASARI;11;Desa;Village;D:\KCDA\2025\190\Bab5.PNG;D:\KCDA\2025\190\G051.png;D:\KCDA\2025\190\G052.png;Sepanjang tahun 2024–2025,  terdapat 15 jenis tanaman sayuran/buah-buahan semusim yang dibudidayakan di Kecamatan Cadasari, yaitu bawang daun, bawang merah, bayam, buncis, cabai rawit, kacang panjang, kangkung, ketimun, labu siam, petsai/sawi, terung, tomat, wortel, cabai besar/cabai TW, dan cabai keriting.  Pada tahun 2023, luas panen terbesar berasal dari tanaman Petsai/Sawi dengan luas panen 26 ha.Sama seperti luas panen, produksi terbesar berasal dari Petsai/Sawi, yaitu 2.870 kwintal. Lebih lanjut, untuk tahun 2024, luas panen terbesar dihasilkan oleh tanaman Petsai/Sawi dengan luas panen 33 ha. Sama seperti luas panen, produksi terbesar berasal dari Petsai/Sawi, yaitu 1.960 kwintal.;Selain sayuran dan buah-buahan semusim, didapati juga 5 jenis tanaman biofarma yang dibudidayakan di Kecamatan Cadasari, yaitu jahe, jeruk nipis, kencur, kunyit, dan temulawak.;Budidaya tanaman lain yang juga dapat dijumpai di Kecamatan Cadasari adalah 21 jenis buah-buahan tahunan, yaitu alpukat, apel, belimbing, duku/langsat/kokosan, durian, jambu air, jambu biji, jeruk siam/keprok, mangga, manggis, nangka/cempedak, nenas, pepaya, pisang, rambutan, sawo, sirsak, sukun, buah naga, lemon, dan lengkeng.  Lebih lanjut, volume produksi tanaman buah-buahan tahunan utama untuk Tahun 2024 adalah duku/langsat/kokosan yaitu mencapai 5.000 kuintal. Adapun untuk produksi utama tanaman buah-buahan tahunan Tahun 2023 adalah mangga dengan volume sebesar 7.225 kuintal.;Throughout 2023-2024, there are 15 types of annual vegetable/fruit crops that are cultivated in Cadasari District, namely scallion, shallots, spinach, string bean, bird's eye chili, long beans, water spinach, cucumber, chayote, chinese cabbage/mustard green, eggplant, tomato, carrot, big chili/bell pepper, and chili curly/chili pepper.  In 2023, the largest harvest area came from the crop Chinese Cabbage/Mustard Green with a harvest area of 26 ha.Just like the harvested area, the largest production came from chinese cabbage/mustard green, which was 2.870 kwintal. Furthermore, for 2024, the largest harvested area is generated by the crop Chinese Cabbage/Mustard Green with a harvested area of 33 ha. Same as the harvest area, the largest production comes from Chinese Cabbage/Mustard Green, i.e. 1,960 quintals.;In addition to annual vegetable and fruit crops, there are also found 5 kind of medicinal crops cultivated in Cadasari  District, which are ginger, lime, east indian galangal, turmeric, and java turmeric.;Other crop cultivations that can also be found in Cadasari District are 21 kind of parennial fruit crops, which are avocado, apple, star fruit, duku, durian, water apple, guava, orange/tangerine, mango, mangosteen, jackfruit, pineapple, papaya, banana, rambutan, sapodilla/sawo, soursop, breadfruit, dragon fruit, lemon, and dimocarpus longan.  Furthermore, the production volume of major parennial fruit crops for Year 2024 is duku reaching 5,000 quintals respectively. As for the main production of parennial fruit crops for Year 2023 is mango with a volume of 7,225 quintals.;11;5;–  ;21;7;1;11;14;–  ;–  ;11;–  ;2;–  ;–  ;33;–  ;–  ;4;5;7;1;1;–  ;–  ;–  ;8;–  ;–  ;4;4;20;4;2;–  ;–  ;4;–  ;2;0,2;–  ;24;–  ;–  ;5;5;14;4;20;–  ;–  ;–  ;580;245;–  ;1.230;371;100;546;590;–  ;–  ;410;–  ;55;–  ;–  ;1.960;–  ;–  ;170;225;440;70;100;–  ;–  ;–  ;798;–  ;–  ;295;210;2.000;490;180;–  ;–  ;450;–  ;330;35;–  ;2.160;–  ;–  ;610;540;1.350;400;2.000;–  ;–  ;–  ;120.000;1.000;...  ;–  ;4.000;1.100;–  ;–  ;–  ;–  ;–  ;–  ;–  ;–  ;–  ;2.600;2.000;–  ;...  ;–  ;2.000;–  ;1.000;–  ;–  ;–  ;–  ;–  ;–  ;–  ;–  ;–  ;440.000;3.500;...  ;–  ;12.000;3.400;–  ;–  ;–  ;–  ;–  ;–  ;–  ;–  ;–  ;8.700;6.000;–  ;...  ;–  ;6.000;–  ;4.000;–  ;–  ;–  ;–  ;–  ;–  ;–  ;–  ;–  ;–  ;–  ;–  ;–  ;–  ;–  ;–  ;–  ;–  ;–  ;–  ;–  ;–  ;–  ;–  ;–  ;–  ;–  ;–  ;–  ;–  ;–  ;–  ;–  ;–  ;–  ;–  ;–  ;–  ;–  ;–  ;–  ;–  ;–  ;–  ;–  ;–  ;–  ;–  ;–  ;–  ;–  ;–  ;–  ;–  ;–  ;–  ;–  ;–  ;–  ;–  ;–  ;–  ;–  ;–  ;–  ;–  ;–  ;–  ;–  ;–  ;–  ;–  ;–  ;–  ;–  ;–  ;–  ;–  ;–  ;–  ;–  ;–  ;–  ;–  ;–  ;–  ;–  ;–  ;–  ;1500;–  ;–  ;–  ;100;5000;15;22;175;–  ;–  ;70;24;1400;–  ;–  ;–  ;2950;980;780;–  ;–  ;–  ;–  ;715;–  ;20;5000;–  ;–  ;–  ;–  ;14000;–  ;–  ;750;–  ;–  ;–  ;–  ;1165;–  ;–  ;–  ;4200;3800;500;–  ;–  ;–  ;–  ;–  ;–  ;–  
191;Karangtanjung;KARANGTANJUNG;4;Kelurahan;Subdistrict;D:\KCDA\2025\191\Bab5.PNG;D:\KCDA\2025\191\G051.png;D:\KCDA\2025\191\G052.png;Sepanjang tahun 2024–2025,  terdapat 8 jenis tanaman sayuran/buah-buahan semusim yang dibudidayakan di Kecamatan Karangtanjung, yaitu bawang daun, cabai rawit, kacang panjang, ketimun, petsai/sawi, terung, wortel, dan cabai keriting.  Pada tahun 2023, luas panen terbesar berasal dari tanaman Bawang Daun dengan luas panen 10 ha.Sama seperti luas panen, produksi terbesar berasal dari Bawang Daun, yaitu 394 kwintal. Lebih lanjut, untuk tahun 2024, luas panen terbesar dihasilkan oleh tanaman Wortel dengan luas panen 6 ha. Sama seperti luas panen, produksi terbesar berasal dari Wortel, yaitu 497 kwintal.;Selain sayuran dan buah-buahan semusim, didapati juga 3 jenis tanaman biofarma yang dibudidayakan di Kecamatan Karangtanjung, yaitu jahe, kapulaga, dan kencur.;Budidaya tanaman lain yang juga dapat dijumpai di Kecamatan Karangtanjung adalah 9 jenis buah-buahan tahunan, yaitu alpukat, belimbing, duku/langsat/kokosan, jambu biji, mangga, nenas, pepaya, pisang, dan lengkeng.  Lebih lanjut, volume produksi tanaman buah-buahan tahunan utama untuk Tahun 2024 adalah pisang yaitu mencapai 5.600 kuintal. Adapun untuk produksi utama tanaman buah-buahan tahunan Tahun 2023 adalah pisang dengan volume sebesar 3.671 kuintal.;Throughout 2023-2024, there are 8 types of annual vegetable/fruit crops that are cultivated in Karangtanjung District, namely scallion, bird's eye chili, long beans, cucumber, chinese cabbage/mustard green, eggplant, carrot, and chili curly/chili pepper.  In 2023, the largest harvest area came from the crop Scallion with a harvest area of 10 ha.Just like the harvested area, the largest production came from scallion, which was 394 kwintal. Furthermore, for 2024, the largest harvested area is generated by the crop Carrot with a harvested area of 6 ha. Same as the harvest area, the largest production comes from Carrot, i.e. 497 quintals.;In addition to annual vegetable and fruit crops, there are also found 3 kind of medicinal crops cultivated in Karangtanjung  District, which are ginger, java cardamom, and east indian galangal.;Other crop cultivations that can also be found in Karangtanjung District are 9 kind of parennial fruit crops, which are avocado, star fruit, duku, guava, mango, pineapple, papaya, banana, and dimocarpus longan.  Furthermore, the production volume of major parennial fruit crops for Year 2024 is banana reaching 5,600 quintals respectively. As for the main production of parennial fruit crops for Year 2023 is banana with a volume of 3,671 quintals.;4;–  ;–  ;–  ;–  ;1;1;–  ;–  ;–  ;1;–  ;–  ;–  ;–  ;–  ;–  ;–  ;–  ;–  ;6;–  ;2;–  ;–  ;–  ;–  ;–  ;–  ;–  ;–  ;13;3;–  ;–  ;–  ;3;–  ;–  ;–  ;–  ;–  ;–  ;–  ;–  ;–  ;–  ;–  ;10;–  ;–  ;–  ;290;–  ;–  ;–  ;–  ;105;100;–  ;–  ;–  ;20;–  ;–  ;–  ;–  ;–  ;–  ;–  ;–  ;–  ;497;–  ;200;–  ;–  ;–  ;–  ;–  ;–  ;–  ;–  ;1.300;425;–  ;–  ;–  ;380;–  ;–  ;–  ;–  ;–  ;–  ;–  ;–  ;–  ;–  ;–  ;1.000;–  ;–  ;–  ;810;–  ;...  ;200;354;–  ;–  ;–  ;–  ;–  ;–  ;–  ;–  ;–  ;–  ;–  ;–  ;–  ;...  ;–  ;2.000;1.000;–  ;–  ;–  ;–  ;–  ;–  ;–  ;–  ;–  ;–  ;2.100;–  ;...  ;800;1.100;–  ;–  ;–  ;–  ;–  ;–  ;–  ;–  ;–  ;–  ;–  ;–  ;–  ;...  ;–  ;6.000;2.000;–  ;–  ;–  ;–  ;–  ;–  ;–  ;–  ;–  ;–  ;–  ;–  ;–  ;–  ;–  ;–  ;–  ;–  ;–  ;–  ;–  ;–  ;–  ;–  ;–  ;–  ;–  ;–  ;–  ;–  ;–  ;–  ;–  ;–  ;–  ;–  ;–  ;–  ;–  ;–  ;–  ;–  ;–  ;–  ;–  ;–  ;–  ;–  ;–  ;–  ;–  ;–  ;–  ;–  ;–  ;–  ;–  ;–  ;–  ;–  ;–  ;–  ;–  ;–  ;–  ;–  ;–  ;–  ;–  ;–  ;–  ;–  ;–  ;–  ;–  ;–  ;–  ;–  ;–  ;–  ;–  ;–  ;–  ;–  ;–  ;–  ;–  ;–  ;–  ;–  ;800;–  ;–  ;–  ;–  ;1400;–  ;–  ;75;–  ;–  ;–  ;100;450;–  ;–  ;–  ;1330;5600;–  ;–  ;–  ;–  ;–  ;–  ;–  ;–  ;3600;–  ;–  ;–  ;1000;6000;–  ;–  ;270;–  ;–  ;–  ;–  ;1420;–  ;–  ;–  ;950;52500;–  ;–  ;–  ;–  ;–  ;–  ;–  ;–  
192;Koroncong;KORONCONG;12;Desa;Village;D:\KCDA\2025\192\Bab5.PNG;D:\KCDA\2025\192\G051.png;D:\KCDA\2025\192\G052.png;Sepanjang tahun 2024–2025,  terdapat 7 jenis tanaman sayuran/buah-buahan semusim yang dibudidayakan di Kecamatan Koroncong, yaitu cabai rawit, kacang panjang, ketimun, petsai/sawi, terung, tomat, dan cabai keriting.  Pada tahun 2023, luas panen terbesar berasal dari tanaman Ketimun dan Terung dengan luas panen masing-masing 4 ha. Tidak seperti gambaran luas panen, produksi terbesar berasal dari Cabai Rawit, yaitu 390 kwintal. Lebih lanjut, untuk tahun 2024, luas panen terbesar dihasilkan oleh tanaman Cabai Rawit dengan luas panen 4 ha. Sama seperti luas panen, produksi terbesar berasal dari Cabai Rawit, yaitu 400 kwintal.;Selain sayuran dan buah-buahan semusim, didapati juga 4 jenis tanaman biofarma yang dibudidayakan di Kecamatan Koroncong, yaitu jahe, kencur, kunyit, dan temulawak.;Budidaya tanaman lain yang juga dapat dijumpai di Kecamatan Koroncong adalah 6 jenis buah-buahan tahunan, yaitu alpukat, duku/langsat/kokosan, mangga, nenas, pepaya, dan pisang.  Lebih lanjut, volume produksi tanaman buah-buahan tahunan utama untuk Tahun 2024 adalah duku/langsat/kokosan yaitu mencapai 4.000 kuintal. Adapun untuk produksi utama tanaman buah-buahan tahunan Tahun 2023 adalah duku/langsat/kokosan dengan volume sebesar 7.600 kuintal.;Throughout 2023-2024, there are 7 types of annual vegetable/fruit crops that are cultivated in Koroncong District, namely bird's eye chili, long beans, cucumber, chinese cabbage/mustard green, eggplant, tomato, and chili curly/chili pepper.  In 2023, the largest harvest area came from the crop Cucumber dan Eggplant with a harvest area of respectively 4 ha.  Unlike the overview of the harvest area, the largest production came from bird's eye chili, i.e. 390 kwintal. Furthermore, for 2024, the largest harvested area is generated by the crop Bird'S Eye Chili with a harvested area of 4 ha. Same as the harvest area, the largest production comes from Bird'S Eye Chili, i.e. 400 quintals.;In addition to annual vegetable and fruit crops, there are also found 4 kind of medicinal crops cultivated in Koroncong  District, which are ginger, east indian galangal, turmeric, and java turmeric.;Other crop cultivations that can also be found in Koroncong District are 6 kind of parennial fruit crops, which are avocado, duku, mango, pineapple, papaya, and banana.  Furthermore, the production volume of major parennial fruit crops for Year 2024 is duku reaching 4,000 quintals respectively. As for the main production of parennial fruit crops for Year 2023 is duku with a volume of 7,600 quintals.;–  ;–  ;–  ;–  ;–  ;4;–  ;–  ;–  ;–  ;1;–  ;–  ;–  ;–  ;–  ;–  ;–  ;–  ;–  ;–  ;–  ;4;–  ;–  ;–  ;–  ;–  ;–  ;–  ;–  ;11;3;–  ;–  ;–  ;6;–  ;–  ;–  ;–  ;–  ;–  ;–  ;2;3;–  ;–  ;6;–  ;–  ;–  ;–  ;–  ;–  ;–  ;–  ;400;–  ;–  ;–  ;–  ;55;–  ;–  ;–  ;–  ;–  ;–  ;–  ;–  ;–  ;–  ;–  ;400;–  ;–  ;–  ;–  ;–  ;–  ;–  ;–  ;1.100;355;–  ;–  ;–  ;630;–  ;–  ;–  ;–  ;–  ;–  ;–  ;300;605;–  ;–  ;600;–  ;–  ;–  ;–  ;–  ;...  ;–  ;–  ;–  ;–  ;–  ;–  ;–  ;–  ;–  ;–  ;–  ;–  ;–  ;–  ;–  ;...  ;–  ;2.000;–  ;–  ;–  ;–  ;–  ;–  ;–  ;–  ;–  ;–  ;–  ;–  ;–  ;...  ;–  ;–  ;–  ;–  ;–  ;–  ;–  ;–  ;–  ;–  ;–  ;–  ;–  ;–  ;–  ;...  ;–  ;6.000;–  ;–  ;–  ;–  ;–  ;–  ;–  ;–  ;–  ;–  ;–  ;–  ;–  ;–  ;–  ;–  ;–  ;–  ;–  ;–  ;–  ;–  ;–  ;–  ;–  ;–  ;–  ;–  ;–  ;–  ;–  ;–  ;–  ;–  ;–  ;–  ;–  ;–  ;–  ;–  ;–  ;–  ;–  ;–  ;–  ;–  ;–  ;–  ;–  ;–  ;–  ;–  ;–  ;–  ;–  ;–  ;–  ;–  ;–  ;–  ;–  ;–  ;–  ;–  ;–  ;–  ;–  ;–  ;–  ;–  ;–  ;–  ;–  ;–  ;–  ;–  ;–  ;–  ;–  ;–  ;–  ;–  ;–  ;–  ;–  ;–  ;–  ;–  ;–  ;–  ;–  ;500;–  ;–  ;–  ;–  ;4000;–  ;–  ;–  ;–  ;–  ;–  ;–  ;1200;–  ;–  ;–  ;–  ;–  ;–  ;–  ;–  ;–  ;–  ;–  ;–  ;–  ;1300;–  ;–  ;–  ;–  ;23000;–  ;–  ;–  ;–  ;–  ;–  ;–  ;5130;–  ;–  ;–  ;–  ;910;–  ;–  ;–  ;–  ;–  ;–  ;–  ;–  
