KodeKec;Nama;JumlahDesa;Desa_id;Desa_en;Desa01;Desa02;Desa03;Desa04;Desa05;Desa06;Desa07;Desa08;Desa09;Desa10;Desa11;Desa12;Desa13;Desa14;Desa15;KECAMATAN;@Sekat;@Grafik1;@Grafik2;U301_id;U302_id;U303_id;U301_en;U302_en;U303_en;T611K2B1;T611K2B2;T621K2B1;T621K2B2;T621K2B3;T621K2B4;T631K2B1;T631K2B2;T631K2B3
10;Sumur;7;Desa;Village;Ujungjaya;Tamanjaya;Cigorondong;Tunggaljaya;Kertamukti;Kertajaya;Sumberjaya;;;;;;;;;SUMUR;D:\KCDA\2025\010\Bab6.PNG;D:\KCDA\2025\010\G061.png;D:\KCDA\2025\010\G062.png;Menurut data terakhir, terdapat 11 jenis industri pengolahan di Kecamatan Sumur, yaitu industri makanan, industri minuman, industri pakaian jadi, industri kayu, industri pencetakan, industri galian non logam, industri logam non mesin, industri alat angkutan lainnya, industri furnitur, industri kerajinan, dan reparasi dan industri mesin, dengan jenis kegiatan industri utama industri makanan yang tercatat sejumlah 62 unit.;Sarana transportasi memegang peranan penting dalam perputaran ekonomi suatu wilayah. Keberadaan transportasi umum akan membawa peningkatan mobilitas manusia, mobilitas faktor-faktor produksi, dan mobilitas hasil olahan yang disebarkan atau dipasarkan. Berkenaan dengan hal tersebut,  sampai tahun 2024 sudah tersedia sarana transportasi umum pada sebagian besar desa di Kecamatan Sumur dengan trayek tetap.;Selain sarana transportasi, peran sarana komunikasi dalam mengerakkan roda perekonomian juga tidak dapat dikesampingkan. Berdasarkan data terakhir, untuk Kecamatan Sumur sudah beroperasi/tersedia layanan dan perusahaan/agen jasa ekspedisi swasta,  setidaknya di salah satu desa  Masih merujuk pada data terakhir, jenis sinyal internet telepon seluler yang terbanyak dinikmati oleh sebagian besar masyarakat desa di Kecamatan Sumur adalah sinyal 5G/4G/LTE. ;According to the latest data, there are 11 type of manufacturing industry for micro-small category in  Sumur District, which are food manufacturing, beverage manufacturing, apparel manufacturing, manufacture of wood and the like, printing manufacturing, non-metallic excavated goods manufacturing, non-machinery metal manufacturing, other transport manufacturing, furniture manufacturing, crafts and other manufacturing, dan machinery and repair manufacturing, with the largest number of manufacturing industries is food manufacturing recorded as 62 units.;Transportation infrastructure plays a crucial role in the economic development of a region. The presence of public transportation enhances human mobility, the movement of production factors, and the distribution or marketing of processed products. In this regard,  Until the year 2024, public transportation facilities have been available in most of villages in the Sumur District  with some given routes.;In addition to transportation infrastructure, the role of communication infrastructure in driving the wheels of the economy cannot be overlooked. Based on the latest data, for the Sumur District  there is already operating/available service only for  and private courier/expedition services company, at least in one village Still referring to the latest data, the type of mobile phone internet signal enjoyed by most village people in Sumur District is the 5G/4G/LTE signal. ;2;4;7;–;–;–;–;–;2
20;Cimanggu;12;Desa;Village;Rancapinang;Cibadak;Batuhideung;Tugu;Kramatjaya;Mangkualam;Padasuka;Ciburial;Waringinkurung;Cijaralang;Cimanggu;Tangkilsari;;;;CIMANGGU;D:\KCDA\2025\020\Bab6.PNG;D:\KCDA\2025\020\G061.png;D:\KCDA\2025\020\G062.png;Menurut data terakhir, terdapat 11 jenis industri pengolahan di Kecamatan Cimanggu, yaitu industri makanan, industri minuman, industri tekstil, industri pakaian jadi, industri kayu, industri galian non logam, industri logam non mesin, industri alat angkutan lainnya, industri kerajinan, reparasi dan industri mesin, dan industri pengolahan lainnya, dengan jenis kegiatan industri utama industri pengolahan lainnya yang tercatat sejumlah 97 unit.;Sarana transportasi memegang peranan penting dalam perputaran ekonomi suatu wilayah. Keberadaan transportasi umum akan membawa peningkatan mobilitas manusia, mobilitas faktor-faktor produksi, dan mobilitas hasil olahan yang disebarkan atau dipasarkan. Berkenaan dengan hal tersebut,  sampai tahun 2024 sudah tersedia sarana transportasi umum pada sebagian besar desa di Kecamatan Cimanggu dengan trayek tetap.;Selain sarana transportasi, peran sarana komunikasi dalam mengerakkan roda perekonomian juga tidak dapat dikesampingkan. Berdasarkan data terakhir, untuk Kecamatan Cimanggu sudah beroperasi/tersedia layanan dan perusahaan/agen jasa ekspedisi swasta,  setidaknya di salah satu desa  Masih merujuk pada data terakhir, jenis sinyal internet telepon seluler yang terbanyak dinikmati oleh sebagian besar masyarakat desa di Kecamatan Cimanggu adalah sinyal 5G/4G/LTE. ;According to the latest data, there are 11 type of manufacturing industry for micro-small category in  Cimanggu District, which are food manufacturing, beverage manufacturing, textile manufacturing, apparel manufacturing, manufacture of wood and the like, non-metallic excavated goods manufacturing, non-machinery metal manufacturing, other transport manufacturing, crafts and other manufacturing, machinery and repair manufacturing, dan other manufacturing, with the largest number of manufacturing industries is other manufacturing recorded as 97 units.;Transportation infrastructure plays a crucial role in the economic development of a region. The presence of public transportation enhances human mobility, the movement of production factors, and the distribution or marketing of processed products. In this regard,  Until the year 2024, public transportation facilities have been available in most of villages in the Cimanggu District  with some given routes.;In addition to transportation infrastructure, the role of communication infrastructure in driving the wheels of the economy cannot be overlooked. Based on the latest data, for the Cimanggu District  there is already operating/available service only for  and private courier/expedition services company, at least in one village Still referring to the latest data, the type of mobile phone internet signal enjoyed by most village people in Cimanggu District is the 5G/4G/LTE signal. ;–;4;12;–;–;–;–;–;1
30;Cibaliung;9;Desa;Village;Sukajadi;Sudimanik;Sorongan;Curug;Cihanjuang;Cibingbin;Cibaliung;Mendung;Mahendra;;;;;;;CIBALIUNG;D:\KCDA\2025\030\Bab6.PNG;D:\KCDA\2025\030\G061.png;D:\KCDA\2025\030\G062.png;Menurut data terakhir, terdapat 10 jenis industri pengolahan di Kecamatan Cibaliung, yaitu industri makanan, industri minuman, industri kayu, industri pencetakan, industri galian non logam, industri logam non mesin, industri alat angkutan lainnya, industri kerajinan, reparasi dan industri mesin, dan industri pengolahan lainnya, dengan jenis kegiatan industri utama industri makanan yang tercatat sejumlah 67 unit.;Sarana transportasi memegang peranan penting dalam perputaran ekonomi suatu wilayah. Keberadaan transportasi umum akan membawa peningkatan mobilitas manusia, mobilitas faktor-faktor produksi, dan mobilitas hasil olahan yang disebarkan atau dipasarkan. Berkenaan dengan hal tersebut,  sampai tahun 2024 sudah tersedia sarana transportasi umum pada sebagian besar desa di Kecamatan Cibaliung dengan trayek tetap.;Selain sarana transportasi, peran sarana komunikasi dalam mengerakkan roda perekonomian juga tidak dapat dikesampingkan. Berdasarkan data terakhir, untuk Kecamatan Cibaliung sudah beroperasi/tersedia layanankantor pos/pos pembantu/rumah pos, dan perusahaan/agen jasa ekspedisi swasta,  setidaknya di salah satu desa  Masih merujuk pada data terakhir, jenis sinyal internet telepon seluler yang terbanyak dinikmati oleh sebagian besar masyarakat desa di Kecamatan Cibaliung adalah sinyal 5G/4G/LTE. ;According to the latest data, there are 10 type of manufacturing industry for micro-small category in  Cibaliung District, which are food manufacturing, beverage manufacturing, manufacture of wood and the like, printing manufacturing, non-metallic excavated goods manufacturing, non-machinery metal manufacturing, other transport manufacturing, crafts and other manufacturing, machinery and repair manufacturing, dan other manufacturing, with the largest number of manufacturing industries is food manufacturing recorded as 67 units.;Transportation infrastructure plays a crucial role in the economic development of a region. The presence of public transportation enhances human mobility, the movement of production factors, and the distribution or marketing of processed products. In this regard,  Until the year 2024, public transportation facilities have been available in most of villages in the Cibaliung District  with some given routes.;In addition to transportation infrastructure, the role of communication infrastructure in driving the wheels of the economy cannot be overlooked. Based on the latest data, for the Cibaliung District  there are already operating/available service of post office/branch post office/postal station, and private courier/expedition services company, at least in one village Still referring to the latest data, the type of mobile phone internet signal enjoyed by most village people in Cibaliung District is the 5G/4G/LTE signal. ;–;2;9;–;–;–;1;–;1
31;Cibitung;10;Desa;Village;Citeluk;Sindangkerta;Kiarajangkung;Kutakarang;Cikiruh;Malangnengah;Cikadu;Manglid;Kiarapayung;Cikalong;;;;;;CIBITUNG;D:\KCDA\2025\031\Bab6.PNG;D:\KCDA\2025\031\G061.png;D:\KCDA\2025\031\G062.png;Menurut data terakhir, terdapat 8 jenis industri pengolahan di Kecamatan Cibitung, yaitu industri makanan, industri minuman, industri pakaian jadi, industri kayu, industri galian non logam, industri logam non mesin, industri alat angkutan lainnya, dan industri kerajinan, dengan jenis kegiatan industri utama industri makanan yang tercatat sejumlah 133 unit.;Sarana transportasi memegang peranan penting dalam perputaran ekonomi suatu wilayah. Keberadaan transportasi umum akan membawa peningkatan mobilitas manusia, mobilitas faktor-faktor produksi, dan mobilitas hasil olahan yang disebarkan atau dipasarkan. Berkenaan dengan hal tersebut,  sayang sekali, sampai tahun 2024 belum tersedia sarana transportasi umum pada sebagian besar desa di Kecamatan Cibitung.;Selain sarana transportasi, peran sarana komunikasi dalam mengerakkan roda perekonomian juga tidak dapat dikesampingkan. Berdasarkan data terakhir, untuk Kecamatan Cibitung belum tersedia layanan kantor pos/pos pembantu/rumah pos, pos keliling dan perusahaan/agen jasa ekspedisi swasta,  setidaknya di salah satu desa  Masih merujuk pada data terakhir, jenis sinyal internet telepon seluler yang terbanyak dinikmati oleh sebagian besar masyarakat desa di Kecamatan Cibitung adalah sinyal 5G/4G/LTE. ;According to the latest data, there are 8 type of manufacturing industry for micro-small category in  Cibitung District, which are food manufacturing, beverage manufacturing, apparel manufacturing, manufacture of wood and the like, non-metallic excavated goods manufacturing, non-machinery metal manufacturing, other transport manufacturing, dan crafts and other manufacturing, with the largest number of manufacturing industries is food manufacturing recorded as 133 units.;Transportation infrastructure plays a crucial role in the economic development of a region. The presence of public transportation enhances human mobility, the movement of production factors, and the distribution or marketing of processed products. In this regard,  Unfortunately, by the year 2024, public transportation facilities are not yet available in most of village in the Cibitung District.;In addition to transportation infrastructure, the role of communication infrastructure in driving the wheels of the economy cannot be overlooked. Based on the latest data, for the Cibitung District  there no available service of post office/branch post office/postal station, mobile/roaming post and private courier/expedition services company, at least in one village Still referring to the latest data, the type of mobile phone internet signal enjoyed by most village people in Cibitung District is the 5G/4G/LTE signal. ;–;–;10;–;–;–;–;–;–
40;Cikeusik;14;Desa;Village;Tanjungan;Cikiruhwetan;Sukawaris;Sumurbatu;Umbulan;Sukamulya;Parungkokosan;Nanggala;Rancaseneng;Sukaseneng;Cikeusik;Leuwibalang;Curugciung;Cikadongdong;;CIKEUSIK;D:\KCDA\2025\040\Bab6.PNG;D:\KCDA\2025\040\G061.png;D:\KCDA\2025\040\G062.png;Menurut data terakhir, terdapat 11 jenis industri pengolahan di Kecamatan Cikeusik, yaitu industri makanan, industri minuman, industri tekstil, industri pakaian jadi, industri kayu, industri pencetakan, industri galian non logam, industri logam non mesin, industri alat angkutan lainnya, industri kerajinan, dan reparasi dan industri mesin, dengan jenis kegiatan industri utama industri kayu yang tercatat sejumlah 45 unit.;Sarana transportasi memegang peranan penting dalam perputaran ekonomi suatu wilayah. Keberadaan transportasi umum akan membawa peningkatan mobilitas manusia, mobilitas faktor-faktor produksi, dan mobilitas hasil olahan yang disebarkan atau dipasarkan. Berkenaan dengan hal tersebut,  sampai tahun 2024 sudah tersedia sarana transportasi umum pada sebagian besar desa di Kecamatan Cikeusik dengan trayek tetap.;Selain sarana transportasi, peran sarana komunikasi dalam mengerakkan roda perekonomian juga tidak dapat dikesampingkan. Berdasarkan data terakhir, untuk Kecamatan Cikeusik sudah beroperasi/tersedia layananpos keliling, dan perusahaan/agen jasa ekspedisi swasta,  setidaknya di salah satu desa  Masih merujuk pada data terakhir, jenis sinyal internet telepon seluler yang terbanyak dinikmati oleh sebagian besar masyarakat desa di Kecamatan Cikeusik adalah sinyal 5G/4G/LTE. ;According to the latest data, there are 11 type of manufacturing industry for micro-small category in  Cikeusik District, which are food manufacturing, beverage manufacturing, textile manufacturing, apparel manufacturing, manufacture of wood and the like, printing manufacturing, non-metallic excavated goods manufacturing, non-machinery metal manufacturing, other transport manufacturing, crafts and other manufacturing, dan machinery and repair manufacturing, with the largest number of manufacturing industries is manufacture of wood and the like recorded as 45 units.;Transportation infrastructure plays a crucial role in the economic development of a region. The presence of public transportation enhances human mobility, the movement of production factors, and the distribution or marketing of processed products. In this regard,  Until the year 2024, public transportation facilities have been available in most of villages in the Cikeusik District  with some given routes.;In addition to transportation infrastructure, the role of communication infrastructure in driving the wheels of the economy cannot be overlooked. Based on the latest data, for the Cikeusik District  there are already operating/available service of mobile/roaming post, and private courier/expedition services company, at least in one village Still referring to the latest data, the type of mobile phone internet signal enjoyed by most village people in Cikeusik District is the 5G/4G/LTE signal. ;1;1;14;–;–;–;–;13;1
50;Cigeulis;9;Desa;Village;Banyuasih;Karangbolong;Karyabuana;Katumbiri;Waringinjaya;Sinarjaya;Ciseureuheun;Cigeulis;Tarumanagara;;;;;;;CIGEULIS;D:\KCDA\2025\050\Bab6.PNG;D:\KCDA\2025\050\G061.png;D:\KCDA\2025\050\G062.png;Menurut data terakhir, terdapat 5 jenis industri pengolahan di Kecamatan Cigeulis, yaitu industri makanan, industri minuman, industri kayu, industri logam non mesin, dan industri alat angkutan lainnya, dengan jenis kegiatan industri utama industri makanan yang tercatat sejumlah 66 unit.;Sarana transportasi memegang peranan penting dalam perputaran ekonomi suatu wilayah. Keberadaan transportasi umum akan membawa peningkatan mobilitas manusia, mobilitas faktor-faktor produksi, dan mobilitas hasil olahan yang disebarkan atau dipasarkan. Berkenaan dengan hal tersebut,  sampai tahun 2024 sudah tersedia sarana transportasi umum pada sebagian besar desa di Kecamatan Cigeulis dengan trayek tetap.;Selain sarana transportasi, peran sarana komunikasi dalam mengerakkan roda perekonomian juga tidak dapat dikesampingkan. Berdasarkan data terakhir, untuk Kecamatan Cigeulis belum tersedia layanan kantor pos/pos pembantu/rumah pos, pos keliling dan perusahaan/agen jasa ekspedisi swasta,  setidaknya di salah satu desa  Masih merujuk pada data terakhir, jenis sinyal internet telepon seluler yang terbanyak dinikmati oleh sebagian besar masyarakat desa di Kecamatan Cigeulis adalah sinyal 5G/4G/LTE. ;According to the latest data, there are 5 type of manufacturing industry for micro-small category in  Cigeulis District, which are food manufacturing, beverage manufacturing, manufacture of wood and the like, non-machinery metal manufacturing, dan other transport manufacturing, with the largest number of manufacturing industries is food manufacturing recorded as 66 units.;Transportation infrastructure plays a crucial role in the economic development of a region. The presence of public transportation enhances human mobility, the movement of production factors, and the distribution or marketing of processed products. In this regard,  Until the year 2024, public transportation facilities have been available in most of villages in the Cigeulis District  with some given routes.;In addition to transportation infrastructure, the role of communication infrastructure in driving the wheels of the economy cannot be overlooked. Based on the latest data, for the Cigeulis District  there no available service of post office/branch post office/postal station, mobile/roaming post and private courier/expedition services company, at least in one village Still referring to the latest data, the type of mobile phone internet signal enjoyed by most village people in Cigeulis District is the 5G/4G/LTE signal. ;–;–;9;–;–;–;–;–;–
60;Panimbang;6;Desa;Village;Mekarjaya;Gombong;Panimbangjaya;Mekarsari;Citeureup;Tanjungjaya;;;;;;;;;;PANIMBANG;D:\KCDA\2025\060\Bab6.PNG;D:\KCDA\2025\060\G061.png;D:\KCDA\2025\060\G062.png;Menurut data terakhir, terdapat 13 jenis industri pengolahan di Kecamatan Panimbang, yaitu industri makanan, industri minuman, industri tekstil, industri pakaian jadi, industri kulit, dan alas kaki, industri kayu, industri pencetakan, industri galian non logam, industri logam non mesin, industri alat angkutan lainnya, industri furnitur, industri kerajinan, dan reparasi dan industri mesin, dengan jenis kegiatan industri utama industri kayu yang tercatat sejumlah 37 unit.;Sarana transportasi memegang peranan penting dalam perputaran ekonomi suatu wilayah. Keberadaan transportasi umum akan membawa peningkatan mobilitas manusia, mobilitas faktor-faktor produksi, dan mobilitas hasil olahan yang disebarkan atau dipasarkan. Berkenaan dengan hal tersebut,  sampai tahun 2024 sudah tersedia sarana transportasi umum pada sebagian besar desa di Kecamatan Panimbang dengan trayek tetap.;Selain sarana transportasi, peran sarana komunikasi dalam mengerakkan roda perekonomian juga tidak dapat dikesampingkan. Berdasarkan data terakhir, untuk Kecamatan Panimbang sudah beroperasi/tersedia layanankantor pos/pos pembantu/rumah pos,pos keliling, dan perusahaan/agen jasa ekspedisi swasta,  setidaknya di salah satu desa  Masih merujuk pada data terakhir, jenis sinyal internet telepon seluler yang terbanyak dinikmati oleh sebagian besar masyarakat desa di Kecamatan Panimbang adalah sinyal 5G/4G/LTE. ;According to the latest data, there are 13 type of manufacturing industry for micro-small category in  Panimbang District, which are food manufacturing, beverage manufacturing, textile manufacturing, apparel manufacturing, leather and footwear manufacturing, manufacture of wood and the like, printing manufacturing, non-metallic excavated goods manufacturing, non-machinery metal manufacturing, other transport manufacturing, furniture manufacturing, crafts and other manufacturing, dan machinery and repair manufacturing, with the largest number of manufacturing industries is manufacture of wood and the like recorded as 37 units.;Transportation infrastructure plays a crucial role in the economic development of a region. The presence of public transportation enhances human mobility, the movement of production factors, and the distribution or marketing of processed products. In this regard,  Until the year 2024, public transportation facilities have been available in most of villages in the Panimbang District  with some given routes.;In addition to transportation infrastructure, the role of communication infrastructure in driving the wheels of the economy cannot be overlooked. Based on the latest data, for the Panimbang District  there are already operating/available service of post office/branch post office/postal station,mobile/roaming post, and private courier/expedition services company, at least in one village Still referring to the latest data, the type of mobile phone internet signal enjoyed by most village people in Panimbang District is the 5G/4G/LTE signal. ;2;3;6;–;–;–;2;2;2
61;Sobang;8;Desa;Village;Cimanis;Pangkalan;Sobang;Kutamekar;Bojen;Kertaraharja;Teluklada;Bojenwetan;;;;;;;;SOBANG;D:\KCDA\2025\061\Bab6.PNG;D:\KCDA\2025\061\G061.png;D:\KCDA\2025\061\G062.png;Menurut data terakhir, terdapat 12 jenis industri pengolahan di Kecamatan Sobang, yaitu industri makanan, industri minuman, industri tekstil, industri pakaian jadi, industri kayu, industri pencetakan, industri galian non logam, industri logam non mesin, industri alat angkutan lainnya, industri furnitur, industri kerajinan, dan reparasi dan industri mesin, dengan jenis kegiatan industri utama industri makanan yang tercatat sejumlah 134 unit.;Sarana transportasi memegang peranan penting dalam perputaran ekonomi suatu wilayah. Keberadaan transportasi umum akan membawa peningkatan mobilitas manusia, mobilitas faktor-faktor produksi, dan mobilitas hasil olahan yang disebarkan atau dipasarkan. Berkenaan dengan hal tersebut,  sayang sekali, sampai tahun 2024 belum tersedia sarana transportasi umum pada sebagian besar desa di Kecamatan Sobang.;Selain sarana transportasi, peran sarana komunikasi dalam mengerakkan roda perekonomian juga tidak dapat dikesampingkan. Berdasarkan data terakhir, untuk Kecamatan Sobang sudah beroperasi/tersedia layanankantor pos/pos pembantu/rumah pos,pos keliling, dan perusahaan/agen jasa ekspedisi swasta,  setidaknya di salah satu desa  Masih merujuk pada data terakhir, jenis sinyal internet telepon seluler yang terbanyak dinikmati oleh sebagian besar masyarakat desa di Kecamatan Sobang adalah sinyal 5G/4G/LTE. ;According to the latest data, there are 12 type of manufacturing industry for micro-small category in  Sobang District, which are food manufacturing, beverage manufacturing, textile manufacturing, apparel manufacturing, manufacture of wood and the like, printing manufacturing, non-metallic excavated goods manufacturing, non-machinery metal manufacturing, other transport manufacturing, furniture manufacturing, crafts and other manufacturing, dan machinery and repair manufacturing, with the largest number of manufacturing industries is food manufacturing recorded as 134 units.;Transportation infrastructure plays a crucial role in the economic development of a region. The presence of public transportation enhances human mobility, the movement of production factors, and the distribution or marketing of processed products. In this regard,  Unfortunately, by the year 2024, public transportation facilities are not yet available in most of village in the Sobang District.;In addition to transportation infrastructure, the role of communication infrastructure in driving the wheels of the economy cannot be overlooked. Based on the latest data, for the Sobang District  there are already operating/available service of post office/branch post office/postal station,mobile/roaming post, and private courier/expedition services company, at least in one village Still referring to the latest data, the type of mobile phone internet signal enjoyed by most village people in Sobang District is the 5G/4G/LTE signal. ;–;–;8;–;–;–;1;1;3
70;Munjul;9;Desa;Village;Lebak;Gunungbatu;Panacaran;Curuglanglang;Munjul;Cibitung;Kotadukuh;Pasanggrahan;Sukasaba;;;;;;;MUNJUL;D:\KCDA\2025\070\Bab6.PNG;D:\KCDA\2025\070\G061.png;D:\KCDA\2025\070\G062.png;Menurut data terakhir, terdapat 7 jenis industri pengolahan di Kecamatan Munjul, yaitu industri makanan, industri minuman, industri kayu, industri alat angkutan lainnya, industri kerajinan, reparasi dan industri mesin, dan industri pengolahan lainnya, dengan jenis kegiatan industri utama industri makanan yang tercatat sejumlah 121 unit.;Sarana transportasi memegang peranan penting dalam perputaran ekonomi suatu wilayah. Keberadaan transportasi umum akan membawa peningkatan mobilitas manusia, mobilitas faktor-faktor produksi, dan mobilitas hasil olahan yang disebarkan atau dipasarkan. Berkenaan dengan hal tersebut,  sayang sekali, sampai tahun 2024 belum tersedia sarana transportasi umum pada sebagian besar desa di Kecamatan Munjul.;Selain sarana transportasi, peran sarana komunikasi dalam mengerakkan roda perekonomian juga tidak dapat dikesampingkan. Berdasarkan data terakhir, untuk Kecamatan Munjul sudah beroperasi/tersedia layananpos keliling, dan perusahaan/agen jasa ekspedisi swasta,  setidaknya di salah satu desa  Masih merujuk pada data terakhir, jenis sinyal internet telepon seluler yang terbanyak dinikmati oleh sebagian besar masyarakat desa di Kecamatan Munjul adalah sinyal 5G/4G/LTE. ;According to the latest data, there are 7 type of manufacturing industry for micro-small category in  Munjul District, which are food manufacturing, beverage manufacturing, manufacture of wood and the like, other transport manufacturing, crafts and other manufacturing, machinery and repair manufacturing, dan other manufacturing, with the largest number of manufacturing industries is food manufacturing recorded as 121 units.;Transportation infrastructure plays a crucial role in the economic development of a region. The presence of public transportation enhances human mobility, the movement of production factors, and the distribution or marketing of processed products. In this regard,  Unfortunately, by the year 2024, public transportation facilities are not yet available in most of village in the Munjul District.;In addition to transportation infrastructure, the role of communication infrastructure in driving the wheels of the economy cannot be overlooked. Based on the latest data, for the Munjul District  there are already operating/available service of mobile/roaming post, and private courier/expedition services company, at least in one village Still referring to the latest data, the type of mobile phone internet signal enjoyed by most village people in Munjul District is the 5G/4G/LTE signal. ;–;–;9;–;–;–;1;7;2
71;Angsana;9;Desa;Village;Cipinang;Kadubadak;Cikayas;Sumurlaban;Padamulya;Padaherang;Karangsari;Angsana;Kramatmanik;;;;;;;ANGSANA;D:\KCDA\2025\071\Bab6.PNG;D:\KCDA\2025\071\G061.png;D:\KCDA\2025\071\G062.png;Menurut data terakhir, terdapat 11 jenis industri pengolahan di Kecamatan Angsana, yaitu industri makanan, industri minuman, industri tekstil, industri pakaian jadi, industri kayu, industri pencetakan, industri galian non logam, industri logam non mesin, industri alat angkutan lainnya, reparasi dan industri mesin, dan industri pengolahan lainnya, dengan jenis kegiatan industri utama industri makanan yang tercatat sejumlah 112 unit.;Sarana transportasi memegang peranan penting dalam perputaran ekonomi suatu wilayah. Keberadaan transportasi umum akan membawa peningkatan mobilitas manusia, mobilitas faktor-faktor produksi, dan mobilitas hasil olahan yang disebarkan atau dipasarkan. Berkenaan dengan hal tersebut,  sayang sekali, sampai tahun 2024 belum tersedia sarana transportasi umum pada sebagian besar desa di Kecamatan Angsana.;Selain sarana transportasi, peran sarana komunikasi dalam mengerakkan roda perekonomian juga tidak dapat dikesampingkan. Berdasarkan data terakhir, untuk Kecamatan Angsana sudah beroperasi/tersedia layanan dan pos keliling.,  setidaknya di salah satu desa  Masih merujuk pada data terakhir, jenis sinyal internet telepon seluler yang terbanyak dinikmati oleh sebagian besar masyarakat desa di Kecamatan Angsana adalah sinyal 5G/4G/LTE. ;According to the latest data, there are 11 type of manufacturing industry for micro-small category in  Angsana District, which are food manufacturing, beverage manufacturing, textile manufacturing, apparel manufacturing, manufacture of wood and the like, printing manufacturing, non-metallic excavated goods manufacturing, non-machinery metal manufacturing, other transport manufacturing, machinery and repair manufacturing, dan other manufacturing, with the largest number of manufacturing industries is food manufacturing recorded as 112 units.;Transportation infrastructure plays a crucial role in the economic development of a region. The presence of public transportation enhances human mobility, the movement of production factors, and the distribution or marketing of processed products. In this regard,  Unfortunately, by the year 2024, public transportation facilities are not yet available in most of village in the Angsana District.;In addition to transportation infrastructure, the role of communication infrastructure in driving the wheels of the economy cannot be overlooked. Based on the latest data, for the Angsana District  there is already operating/available service only for  and mobile/roaming post., at least in one village Still referring to the latest data, the type of mobile phone internet signal enjoyed by most village people in Angsana District is the 5G/4G/LTE signal. ;–;–;9;–;–;–;–;1;–
72;Sindangresmi;9;Desa;Village;Pasirloa;Bojongmanik;Campakawarna;Ciodeng;Pasirtenjo;Sindangresmi;Pasirlancar;Pasirdurung;Kadumalati;;;;;;;SINDANGRESMI;D:\KCDA\2025\072\Bab6.PNG;D:\KCDA\2025\072\G061.png;D:\KCDA\2025\072\G062.png;Menurut data terakhir, terdapat 6 jenis industri pengolahan di Kecamatan Sindangresmi, yaitu industri makanan, industri minuman, industri kulit, dan alas kaki, industri kayu, industri alat angkutan lainnya, dan reparasi dan industri mesin, dengan jenis kegiatan industri utama industri makanan yang tercatat sejumlah 62 unit.;Sarana transportasi memegang peranan penting dalam perputaran ekonomi suatu wilayah. Keberadaan transportasi umum akan membawa peningkatan mobilitas manusia, mobilitas faktor-faktor produksi, dan mobilitas hasil olahan yang disebarkan atau dipasarkan. Berkenaan dengan hal tersebut,  sayang sekali, sampai tahun 2024 belum tersedia sarana transportasi umum pada sebagian besar desa di Kecamatan Sindangresmi.;Selain sarana transportasi, peran sarana komunikasi dalam mengerakkan roda perekonomian juga tidak dapat dikesampingkan. Berdasarkan data terakhir, untuk Kecamatan Sindangresmi sudah beroperasi/tersedia layanankantor pos/pos pembantu/rumah pos,pos keliling, dan perusahaan/agen jasa ekspedisi swasta,  setidaknya di salah satu desa  Masih merujuk pada data terakhir, jenis sinyal internet telepon seluler yang terbanyak dinikmati oleh sebagian besar masyarakat desa di Kecamatan Sindangresmi adalah sinyal 5G/4G/LTE. ;According to the latest data, there are 6 type of manufacturing industry for micro-small category in  Sindangresmi District, which are food manufacturing, beverage manufacturing, leather and footwear manufacturing, manufacture of wood and the like, other transport manufacturing, dan machinery and repair manufacturing, with the largest number of manufacturing industries is food manufacturing recorded as 62 units.;Transportation infrastructure plays a crucial role in the economic development of a region. The presence of public transportation enhances human mobility, the movement of production factors, and the distribution or marketing of processed products. In this regard,  Unfortunately, by the year 2024, public transportation facilities are not yet available in most of village in the Sindangresmi District.;In addition to transportation infrastructure, the role of communication infrastructure in driving the wheels of the economy cannot be overlooked. Based on the latest data, for the Sindangresmi District  there are already operating/available service of post office/branch post office/postal station,mobile/roaming post, and private courier/expedition services company, at least in one village Still referring to the latest data, the type of mobile phone internet signal enjoyed by most village people in Sindangresmi District is the 5G/4G/LTE signal. ;–;–;9;–;–;–;–;8;8
80;Picung;9;Desa;Village;Ciherang;Kolelet;Cililitan;Kadupandak;Bungurcopong;Pasirsedang;Pasirpanjang;Kadubera;Ganggaeng;;;;;;;PICUNG;D:\KCDA\2025\080\Bab6.PNG;D:\KCDA\2025\080\G061.png;D:\KCDA\2025\080\G062.png;Menurut data terakhir, terdapat 12 jenis industri pengolahan di Kecamatan Picung, yaitu industri makanan, industri minuman, industri tembakau, industri pakaian jadi, industri kayu, industri pencetakan, industri galian non logam, industri logam non mesin, industri alat angkutan lainnya, industri kerajinan, reparasi dan industri mesin, dan industri pengolahan lainnya, dengan jenis kegiatan industri utama industri makanan yang tercatat sejumlah 62 unit.;Sarana transportasi memegang peranan penting dalam perputaran ekonomi suatu wilayah. Keberadaan transportasi umum akan membawa peningkatan mobilitas manusia, mobilitas faktor-faktor produksi, dan mobilitas hasil olahan yang disebarkan atau dipasarkan. Berkenaan dengan hal tersebut,  sayang sekali, sampai tahun 2024 belum tersedia sarana transportasi umum pada sebagian besar desa di Kecamatan Picung.;Selain sarana transportasi, peran sarana komunikasi dalam mengerakkan roda perekonomian juga tidak dapat dikesampingkan. Berdasarkan data terakhir, untuk Kecamatan Picung sudah beroperasi/tersedia layanankantor pos/pos pembantu/rumah pos,pos keliling, dan perusahaan/agen jasa ekspedisi swasta,  setidaknya di salah satu desa  Masih merujuk pada data terakhir, jenis sinyal internet telepon seluler yang terbanyak dinikmati oleh sebagian besar masyarakat desa di Kecamatan Picung adalah sinyal 5G/4G/LTE. ;According to the latest data, there are 12 type of manufacturing industry for micro-small category in  Picung District, which are food manufacturing, beverage manufacturing, tobacco manufacturing, apparel manufacturing, manufacture of wood and the like, printing manufacturing, non-metallic excavated goods manufacturing, non-machinery metal manufacturing, other transport manufacturing, crafts and other manufacturing, machinery and repair manufacturing, dan other manufacturing, with the largest number of manufacturing industries is food manufacturing recorded as 62 units.;Transportation infrastructure plays a crucial role in the economic development of a region. The presence of public transportation enhances human mobility, the movement of production factors, and the distribution or marketing of processed products. In this regard,  Unfortunately, by the year 2024, public transportation facilities are not yet available in most of village in the Picung District.;In addition to transportation infrastructure, the role of communication infrastructure in driving the wheels of the economy cannot be overlooked. Based on the latest data, for the Picung District  there are already operating/available service of post office/branch post office/postal station,mobile/roaming post, and private courier/expedition services company, at least in one village Still referring to the latest data, the type of mobile phone internet signal enjoyed by most village people in Picung District is the 5G/4G/LTE signal. ;–;–;9;–;–;–;1;1;1
90;Bojong;8;Desa;Village;Geredug;Mekarsari;Cijakan;Citumenggung;Cahayamekar;Bojong;Banyumas;Manggungjaya;;;;;;;;BOJONG;D:\KCDA\2025\090\Bab6.PNG;D:\KCDA\2025\090\G061.png;D:\KCDA\2025\090\G062.png;Menurut data terakhir, terdapat 8 jenis industri pengolahan di Kecamatan Bojong, yaitu industri makanan, industri minuman, industri kayu, industri galian non logam, industri logam non mesin, industri alat angkutan lainnya, reparasi dan industri mesin, dan industri pengolahan lainnya, dengan jenis kegiatan industri utama industri alat angkutan lainnya yang tercatat sejumlah 18 unit.;Sarana transportasi memegang peranan penting dalam perputaran ekonomi suatu wilayah. Keberadaan transportasi umum akan membawa peningkatan mobilitas manusia, mobilitas faktor-faktor produksi, dan mobilitas hasil olahan yang disebarkan atau dipasarkan. Berkenaan dengan hal tersebut,  sayang sekali, sampai tahun 2024 belum tersedia sarana transportasi umum pada sebagian besar desa di Kecamatan Bojong.;Selain sarana transportasi, peran sarana komunikasi dalam mengerakkan roda perekonomian juga tidak dapat dikesampingkan. Berdasarkan data terakhir, untuk Kecamatan Bojong sudah beroperasi/tersedia layananpos keliling, dan perusahaan/agen jasa ekspedisi swasta,  setidaknya di salah satu desa  Masih merujuk pada data terakhir, jenis sinyal internet telepon seluler yang terbanyak dinikmati oleh sebagian besar masyarakat desa di Kecamatan Bojong adalah sinyal 5G/4G/LTE. ;According to the latest data, there are 8 type of manufacturing industry for micro-small category in  Bojong District, which are food manufacturing, beverage manufacturing, manufacture of wood and the like, non-metallic excavated goods manufacturing, non-machinery metal manufacturing, other transport manufacturing, machinery and repair manufacturing, dan other manufacturing, with the largest number of manufacturing industries is other transport manufacturing recorded as 18 units.;Transportation infrastructure plays a crucial role in the economic development of a region. The presence of public transportation enhances human mobility, the movement of production factors, and the distribution or marketing of processed products. In this regard,  Unfortunately, by the year 2024, public transportation facilities are not yet available in most of village in the Bojong District.;In addition to transportation infrastructure, the role of communication infrastructure in driving the wheels of the economy cannot be overlooked. Based on the latest data, for the Bojong District  there are already operating/available service of mobile/roaming post, and private courier/expedition services company, at least in one village Still referring to the latest data, the type of mobile phone internet signal enjoyed by most village people in Bojong District is the 5G/4G/LTE signal. ;–;–;8;–;–;–;–;–;2
100;Saketi;14;Desa;Village;Sukalangu;Langensari;Majau;Medalsari;Sodong;Mekarwangi;Ciandur;Saketi;Kadudampit;Girijaya;Wanagiri;Parigi;Talagasari;Sindanghayu;;SAKETI;D:\KCDA\2025\100\Bab6.PNG;D:\KCDA\2025\100\G061.png;D:\KCDA\2025\100\G062.png;Menurut data terakhir, terdapat 12 jenis industri pengolahan di Kecamatan Saketi, yaitu industri makanan, industri minuman, industri tekstil, industri pakaian jadi, industri kayu, industri pencetakan, industri galian non logam, industri logam non mesin, industri alat angkutan lainnya, industri kerajinan, reparasi dan industri mesin, dan industri pengolahan lainnya, dengan jenis kegiatan industri utama industri kayu yang tercatat sejumlah 18 unit.;Sarana transportasi memegang peranan penting dalam perputaran ekonomi suatu wilayah. Keberadaan transportasi umum akan membawa peningkatan mobilitas manusia, mobilitas faktor-faktor produksi, dan mobilitas hasil olahan yang disebarkan atau dipasarkan. Berkenaan dengan hal tersebut,  sayang sekali, sampai tahun 2024 belum tersedia sarana transportasi umum pada sebagian besar desa di Kecamatan Saketi.;Selain sarana transportasi, peran sarana komunikasi dalam mengerakkan roda perekonomian juga tidak dapat dikesampingkan. Berdasarkan data terakhir, untuk Kecamatan Saketi sudah beroperasi/tersedia layanankantor pos/pos pembantu/rumah pos,pos keliling, dan perusahaan/agen jasa ekspedisi swasta,  setidaknya di salah satu desa  Masih merujuk pada data terakhir, jenis sinyal internet telepon seluler yang terbanyak dinikmati oleh sebagian besar masyarakat desa di Kecamatan Saketi adalah sinyal 5G/4G/LTE. ;According to the latest data, there are 12 type of manufacturing industry for micro-small category in  Saketi District, which are food manufacturing, beverage manufacturing, textile manufacturing, apparel manufacturing, manufacture of wood and the like, printing manufacturing, non-metallic excavated goods manufacturing, non-machinery metal manufacturing, other transport manufacturing, crafts and other manufacturing, machinery and repair manufacturing, dan other manufacturing, with the largest number of manufacturing industries is manufacture of wood and the like recorded as 18 units.;Transportation infrastructure plays a crucial role in the economic development of a region. The presence of public transportation enhances human mobility, the movement of production factors, and the distribution or marketing of processed products. In this regard,  Unfortunately, by the year 2024, public transportation facilities are not yet available in most of village in the Saketi District.;In addition to transportation infrastructure, the role of communication infrastructure in driving the wheels of the economy cannot be overlooked. Based on the latest data, for the Saketi District  there are already operating/available service of post office/branch post office/postal station,mobile/roaming post, and private courier/expedition services company, at least in one village Still referring to the latest data, the type of mobile phone internet signal enjoyed by most village people in Saketi District is the 5G/4G/LTE signal. ;–;–;14;–;–;–;3;13;1
101;Cisata;9;Desa;Village;Kondangjaya;Kubangkondang;Cisereh;Cibarani;Rawasari;Pasireurih;Kaduronyok;Ciherangjaya;Palembang;;;;;;;CISATA;D:\KCDA\2025\101\Bab6.PNG;D:\KCDA\2025\101\G061.png;D:\KCDA\2025\101\G062.png;Menurut data terakhir, terdapat 6 jenis industri pengolahan di Kecamatan Cisata, yaitu industri makanan, industri minuman, industri pakaian jadi, industri kulit, dan alas kaki, industri kayu, dan industri alat angkutan lainnya, dengan jenis kegiatan industri utama industri kayu yang tercatat sejumlah 95 unit.;Sarana transportasi memegang peranan penting dalam perputaran ekonomi suatu wilayah. Keberadaan transportasi umum akan membawa peningkatan mobilitas manusia, mobilitas faktor-faktor produksi, dan mobilitas hasil olahan yang disebarkan atau dipasarkan. Berkenaan dengan hal tersebut,  sayang sekali, sampai tahun 2024 belum tersedia sarana transportasi umum pada sebagian besar desa di Kecamatan Cisata.;Selain sarana transportasi, peran sarana komunikasi dalam mengerakkan roda perekonomian juga tidak dapat dikesampingkan. Berdasarkan data terakhir, untuk Kecamatan Cisata sudah beroperasi/tersedia layanan dan pos keliling.,  setidaknya di salah satu desa  Masih merujuk pada data terakhir, jenis sinyal internet telepon seluler yang terbanyak dinikmati oleh sebagian besar masyarakat desa di Kecamatan Cisata adalah sinyal 3G/H/H+/EVDO. ;According to the latest data, there are 6 type of manufacturing industry for micro-small category in  Cisata District, which are food manufacturing, beverage manufacturing, apparel manufacturing, leather and footwear manufacturing, manufacture of wood and the like, dan other transport manufacturing, with the largest number of manufacturing industries is manufacture of wood and the like recorded as 95 units.;Transportation infrastructure plays a crucial role in the economic development of a region. The presence of public transportation enhances human mobility, the movement of production factors, and the distribution or marketing of processed products. In this regard,  Unfortunately, by the year 2024, public transportation facilities are not yet available in most of village in the Cisata District.;In addition to transportation infrastructure, the role of communication infrastructure in driving the wheels of the economy cannot be overlooked. Based on the latest data, for the Cisata District  there is already operating/available service only for  and mobile/roaming post., at least in one village Still referring to the latest data, the type of mobile phone internet signal enjoyed by most village people in Cisata District is the 3G/H/H+/EVDO signal. ;–;–;9;–;–;–;1;7;–
110;Pagelaran;13;Desa;Village;Tegalpapak;Margagiri;Bama;Pagelaran;Sukadame;Bulagor;Surakarta;Harapankarya;Montor;Kartasana;Senangsari;Sindanglaya;Margasana;;;PAGELARAN;D:\KCDA\2025\110\Bab6.PNG;D:\KCDA\2025\110\G061.png;D:\KCDA\2025\110\G062.png;Menurut data terakhir, terdapat 9 jenis industri pengolahan di Kecamatan Pagelaran, yaitu industri makanan, industri minuman, industri pakaian jadi, industri kulit, dan alas kaki, industri kayu, industri logam non mesin, industri alat angkutan lainnya, industri kerajinan, dan reparasi dan industri mesin, dengan jenis kegiatan industri utama industri makanan yang tercatat sejumlah 1040 unit.;Sarana transportasi memegang peranan penting dalam perputaran ekonomi suatu wilayah. Keberadaan transportasi umum akan membawa peningkatan mobilitas manusia, mobilitas faktor-faktor produksi, dan mobilitas hasil olahan yang disebarkan atau dipasarkan. Berkenaan dengan hal tersebut,  sampai tahun 2024 sudah tersedia sarana transportasi umum pada sebagian besar desa di Kecamatan Pagelaran dengan trayek tetap.;Selain sarana transportasi, peran sarana komunikasi dalam mengerakkan roda perekonomian juga tidak dapat dikesampingkan. Berdasarkan data terakhir, untuk Kecamatan Pagelaran sudah beroperasi/tersedia layananpos keliling, dan perusahaan/agen jasa ekspedisi swasta,  setidaknya di salah satu desa  Masih merujuk pada data terakhir, jenis sinyal internet telepon seluler yang terbanyak dinikmati oleh sebagian besar masyarakat desa di Kecamatan Pagelaran adalah sinyal 5G/4G/LTE. ;According to the latest data, there are 9 type of manufacturing industry for micro-small category in  Pagelaran District, which are food manufacturing, beverage manufacturing, apparel manufacturing, leather and footwear manufacturing, manufacture of wood and the like, non-machinery metal manufacturing, other transport manufacturing, crafts and other manufacturing, dan machinery and repair manufacturing, with the largest number of manufacturing industries is food manufacturing recorded as 1040 units.;Transportation infrastructure plays a crucial role in the economic development of a region. The presence of public transportation enhances human mobility, the movement of production factors, and the distribution or marketing of processed products. In this regard,  Until the year 2024, public transportation facilities have been available in most of villages in the Pagelaran District  with some given routes.;In addition to transportation infrastructure, the role of communication infrastructure in driving the wheels of the economy cannot be overlooked. Based on the latest data, for the Pagelaran District  there are already operating/available service of mobile/roaming post, and private courier/expedition services company, at least in one village Still referring to the latest data, the type of mobile phone internet signal enjoyed by most village people in Pagelaran District is the 5G/4G/LTE signal. ;–;–;13;–;–;–;–;–;1
111;Patia;10;Desa;Village;Turus;Pasirgadung;Patia;Babakankeusik;Cimoyan;Idaman;Ciawi;Surianeun;Rahayu;Simpangtiga;;;;;;PATIA;D:\KCDA\2025\111\Bab6.PNG;D:\KCDA\2025\111\G061.png;D:\KCDA\2025\111\G062.png;Menurut data terakhir, terdapat 9 jenis industri pengolahan di Kecamatan Patia, yaitu industri makanan, industri minuman, industri pakaian jadi, industri kayu, industri pencetakan, industri galian non logam, industri logam non mesin, industri alat angkutan lainnya, dan reparasi dan industri mesin, dengan jenis kegiatan industri utama industri kayu yang tercatat sejumlah 40 unit.;Sarana transportasi memegang peranan penting dalam perputaran ekonomi suatu wilayah. Keberadaan transportasi umum akan membawa peningkatan mobilitas manusia, mobilitas faktor-faktor produksi, dan mobilitas hasil olahan yang disebarkan atau dipasarkan. Berkenaan dengan hal tersebut,  sayang sekali, sampai tahun 2024 belum tersedia sarana transportasi umum pada sebagian besar desa di Kecamatan Patia.;Selain sarana transportasi, peran sarana komunikasi dalam mengerakkan roda perekonomian juga tidak dapat dikesampingkan. Berdasarkan data terakhir, untuk Kecamatan Patia sudah beroperasi/tersedia layanan dan pos keliling.,  setidaknya di salah satu desa  Masih merujuk pada data terakhir, jenis sinyal internet telepon seluler yang terbanyak dinikmati oleh sebagian besar masyarakat desa di Kecamatan Patia adalah sinyal 5G/4G/LTE. ;According to the latest data, there are 9 type of manufacturing industry for micro-small category in  Patia District, which are food manufacturing, beverage manufacturing, apparel manufacturing, manufacture of wood and the like, printing manufacturing, non-metallic excavated goods manufacturing, non-machinery metal manufacturing, other transport manufacturing, dan machinery and repair manufacturing, with the largest number of manufacturing industries is manufacture of wood and the like recorded as 40 units.;Transportation infrastructure plays a crucial role in the economic development of a region. The presence of public transportation enhances human mobility, the movement of production factors, and the distribution or marketing of processed products. In this regard,  Unfortunately, by the year 2024, public transportation facilities are not yet available in most of village in the Patia District.;In addition to transportation infrastructure, the role of communication infrastructure in driving the wheels of the economy cannot be overlooked. Based on the latest data, for the Patia District  there is already operating/available service only for  and mobile/roaming post., at least in one village Still referring to the latest data, the type of mobile phone internet signal enjoyed by most village people in Patia District is the 5G/4G/LTE signal. ;–;–;10;–;–;–;–;1;–
112;Sukaresmi;10;Desa;Village;Seuseupan;Karyasari;Pasirkadu;Perdana;Sukaresmi;Kubangkampil;Sidamukti;Cibungur;Weru;Cikuya;;;;;;SUKARESMI;D:\KCDA\2025\112\Bab6.PNG;D:\KCDA\2025\112\G061.png;D:\KCDA\2025\112\G062.png;Menurut data terakhir, terdapat 7 jenis industri pengolahan di Kecamatan Sukaresmi, yaitu industri makanan, industri minuman, industri pakaian jadi, industri kayu, industri alat angkutan lainnya, industri furnitur, dan reparasi dan industri mesin, dengan jenis kegiatan industri utama industri minuman yang tercatat sejumlah 17 unit.;Sarana transportasi memegang peranan penting dalam perputaran ekonomi suatu wilayah. Keberadaan transportasi umum akan membawa peningkatan mobilitas manusia, mobilitas faktor-faktor produksi, dan mobilitas hasil olahan yang disebarkan atau dipasarkan. Berkenaan dengan hal tersebut,  sayang sekali, sampai tahun 2024 belum tersedia sarana transportasi umum pada sebagian besar desa di Kecamatan Sukaresmi.;Selain sarana transportasi, peran sarana komunikasi dalam mengerakkan roda perekonomian juga tidak dapat dikesampingkan. Berdasarkan data terakhir, untuk Kecamatan Sukaresmi sudah beroperasi/tersedia layanan dan perusahaan/agen jasa ekspedisi swasta,  setidaknya di salah satu desa  Masih merujuk pada data terakhir, jenis sinyal internet telepon seluler yang terbanyak dinikmati oleh sebagian besar masyarakat desa di Kecamatan Sukaresmi adalah sinyal 5G/4G/LTE. ;According to the latest data, there are 7 type of manufacturing industry for micro-small category in  Sukaresmi District, which are food manufacturing, beverage manufacturing, apparel manufacturing, manufacture of wood and the like, other transport manufacturing, furniture manufacturing, dan machinery and repair manufacturing, with the largest number of manufacturing industries is beverage manufacturing recorded as 17 units.;Transportation infrastructure plays a crucial role in the economic development of a region. The presence of public transportation enhances human mobility, the movement of production factors, and the distribution or marketing of processed products. In this regard,  Unfortunately, by the year 2024, public transportation facilities are not yet available in most of village in the Sukaresmi District.;In addition to transportation infrastructure, the role of communication infrastructure in driving the wheels of the economy cannot be overlooked. Based on the latest data, for the Sukaresmi District  there is already operating/available service only for  and private courier/expedition services company, at least in one village Still referring to the latest data, the type of mobile phone internet signal enjoyed by most village people in Sukaresmi District is the 5G/4G/LTE signal. ;–;–;10;–;–;–;–;–;1
120;Labuan;9;Desa;Village;Cigondang;Sukamaju;Rancateureup;Kalanganyar;Labuan;Teluk;Banyumekar;Banyubiru;Caringin;;;;;;;LABUAN;D:\KCDA\2025\120\Bab6.PNG;D:\KCDA\2025\120\G061.png;D:\KCDA\2025\120\G062.png;Menurut data terakhir, terdapat 11 jenis industri pengolahan di Kecamatan Labuan, yaitu industri makanan, industri minuman, industri pakaian jadi, industri kayu, industri kertas, industri pencetakan, industri logam non mesin, industri alat angkutan lainnya, industri furnitur, industri kerajinan, dan reparasi dan industri mesin, dengan jenis kegiatan industri utama industri makanan yang tercatat sejumlah 204 unit.;Sarana transportasi memegang peranan penting dalam perputaran ekonomi suatu wilayah. Keberadaan transportasi umum akan membawa peningkatan mobilitas manusia, mobilitas faktor-faktor produksi, dan mobilitas hasil olahan yang disebarkan atau dipasarkan. Berkenaan dengan hal tersebut,  sayang sekali, sampai tahun 2024 belum tersedia sarana transportasi umum pada sebagian besar desa di Kecamatan Labuan.;Selain sarana transportasi, peran sarana komunikasi dalam mengerakkan roda perekonomian juga tidak dapat dikesampingkan. Berdasarkan data terakhir, untuk Kecamatan Labuan sudah beroperasi/tersedia layanankantor pos/pos pembantu/rumah pos,pos keliling, dan perusahaan/agen jasa ekspedisi swasta,  setidaknya di salah satu desa  Masih merujuk pada data terakhir, jenis sinyal internet telepon seluler yang terbanyak dinikmati oleh sebagian besar masyarakat desa di Kecamatan Labuan adalah sinyal 5G/4G/LTE. ;According to the latest data, there are 11 type of manufacturing industry for micro-small category in  Labuan District, which are food manufacturing, beverage manufacturing, apparel manufacturing, manufacture of wood and the like, paper manufacturing, printing manufacturing, non-machinery metal manufacturing, other transport manufacturing, furniture manufacturing, crafts and other manufacturing, dan machinery and repair manufacturing, with the largest number of manufacturing industries is food manufacturing recorded as 204 units.;Transportation infrastructure plays a crucial role in the economic development of a region. The presence of public transportation enhances human mobility, the movement of production factors, and the distribution or marketing of processed products. In this regard,  Unfortunately, by the year 2024, public transportation facilities are not yet available in most of village in the Labuan District.;In addition to transportation infrastructure, the role of communication infrastructure in driving the wheels of the economy cannot be overlooked. Based on the latest data, for the Labuan District  there are already operating/available service of post office/branch post office/postal station,mobile/roaming post, and private courier/expedition services company, at least in one village Still referring to the latest data, the type of mobile phone internet signal enjoyed by most village people in Labuan District is the 5G/4G/LTE signal. ;1;1;9;–;–;–;2;3;3
121;Carita;10;Desa;Village;Pejamben;Banjarmasin;Tembong;Sindanglaut;Carita;Sukajadi;Sukarame;Sukanagara;Kawoyang;Cinoyong;;;;;;CARITA;D:\KCDA\2025\121\Bab6.PNG;D:\KCDA\2025\121\G061.png;D:\KCDA\2025\121\G062.png;Menurut data terakhir, terdapat 11 jenis industri pengolahan di Kecamatan Carita, yaitu industri makanan, industri minuman, industri tembakau, industri pakaian jadi, industri kayu, industri pencetakan, industri logam non mesin, industri alat angkutan lainnya, industri furnitur, industri kerajinan, dan reparasi dan industri mesin, dengan jenis kegiatan industri utama industri makanan yang tercatat sejumlah 318 unit.;Sarana transportasi memegang peranan penting dalam perputaran ekonomi suatu wilayah. Keberadaan transportasi umum akan membawa peningkatan mobilitas manusia, mobilitas faktor-faktor produksi, dan mobilitas hasil olahan yang disebarkan atau dipasarkan. Berkenaan dengan hal tersebut,  sayang sekali, sampai tahun 2024 belum tersedia sarana transportasi umum pada sebagian besar desa di Kecamatan Carita.;Selain sarana transportasi, peran sarana komunikasi dalam mengerakkan roda perekonomian juga tidak dapat dikesampingkan. Berdasarkan data terakhir, untuk Kecamatan Carita sudah beroperasi/tersedia layanankantor pos/pos pembantu/rumah pos,pos keliling, dan perusahaan/agen jasa ekspedisi swasta,  setidaknya di salah satu desa  Masih merujuk pada data terakhir, jenis sinyal internet telepon seluler yang terbanyak dinikmati oleh sebagian besar masyarakat desa di Kecamatan Carita adalah sinyal 2,5G/E/GPRS. ;According to the latest data, there are 11 type of manufacturing industry for micro-small category in  Carita District, which are food manufacturing, beverage manufacturing, tobacco manufacturing, apparel manufacturing, manufacture of wood and the like, printing manufacturing, non-machinery metal manufacturing, other transport manufacturing, furniture manufacturing, crafts and other manufacturing, dan machinery and repair manufacturing, with the largest number of manufacturing industries is food manufacturing recorded as 318 units.;Transportation infrastructure plays a crucial role in the economic development of a region. The presence of public transportation enhances human mobility, the movement of production factors, and the distribution or marketing of processed products. In this regard,  Unfortunately, by the year 2024, public transportation facilities are not yet available in most of village in the Carita District.;In addition to transportation infrastructure, the role of communication infrastructure in driving the wheels of the economy cannot be overlooked. Based on the latest data, for the Carita District  there are already operating/available service of post office/branch post office/postal station,mobile/roaming post, and private courier/expedition services company, at least in one village Still referring to the latest data, the type of mobile phone internet signal enjoyed by most village people in Carita District is the 2,5G/E/GPRS signal. ;3;3;10;–;–;–;–;6;3
130;Jiput;13;Desa;Village;Banyuresmi;Salapraya;Pamarayan;Sampangbitung;Jiput;Sukacai;Tenjolahang;Babadsari;Janaka;Sukamanah;Sikulan;Citaman;Jayamekar;;;JIPUT;D:\KCDA\2025\130\Bab6.PNG;D:\KCDA\2025\130\G061.png;D:\KCDA\2025\130\G062.png;Menurut data terakhir, terdapat 7 jenis industri pengolahan di Kecamatan Jiput, yaitu industri makanan, industri minuman, industri pakaian jadi, industri kayu, industri logam non mesin, industri alat angkutan lainnya, dan reparasi dan industri mesin, dengan jenis kegiatan industri utama industri makanan yang tercatat sejumlah 506 unit.;Sarana transportasi memegang peranan penting dalam perputaran ekonomi suatu wilayah. Keberadaan transportasi umum akan membawa peningkatan mobilitas manusia, mobilitas faktor-faktor produksi, dan mobilitas hasil olahan yang disebarkan atau dipasarkan. Berkenaan dengan hal tersebut,  sayang sekali, sampai tahun 2024 belum tersedia sarana transportasi umum pada sebagian besar desa di Kecamatan Jiput.;Selain sarana transportasi, peran sarana komunikasi dalam mengerakkan roda perekonomian juga tidak dapat dikesampingkan. Berdasarkan data terakhir, untuk Kecamatan Jiput sudah beroperasi/tersedia layanan dan pos keliling.,  setidaknya di salah satu desa  Masih merujuk pada data terakhir, jenis sinyal internet telepon seluler yang terbanyak dinikmati oleh sebagian besar masyarakat desa di Kecamatan Jiput adalah sinyal 5G/4G/LTE. ;According to the latest data, there are 7 type of manufacturing industry for micro-small category in  Jiput District, which are food manufacturing, beverage manufacturing, apparel manufacturing, manufacture of wood and the like, non-machinery metal manufacturing, other transport manufacturing, dan machinery and repair manufacturing, with the largest number of manufacturing industries is food manufacturing recorded as 506 units.;Transportation infrastructure plays a crucial role in the economic development of a region. The presence of public transportation enhances human mobility, the movement of production factors, and the distribution or marketing of processed products. In this regard,  Unfortunately, by the year 2024, public transportation facilities are not yet available in most of village in the Jiput District.;In addition to transportation infrastructure, the role of communication infrastructure in driving the wheels of the economy cannot be overlooked. Based on the latest data, for the Jiput District  there is already operating/available service only for  and mobile/roaming post., at least in one village Still referring to the latest data, the type of mobile phone internet signal enjoyed by most village people in Jiput District is the 5G/4G/LTE signal. ;–;–;13;–;–;–;–;11;1
131;Cikedal;10;Desa;Village;Karyautama;Tegal;Cipicung;Karyasari;Dahu;Babakanlor;Mekarjaya;Padahayu;Bangkuyung;Cening;;;;;;CIKEDAL;D:\KCDA\2025\131\Bab6.PNG;D:\KCDA\2025\131\G061.png;D:\KCDA\2025\131\G062.png;Menurut data terakhir, terdapat 10 jenis industri pengolahan di Kecamatan Cikedal, yaitu industri makanan, industri minuman, industri pakaian jadi, industri kayu, industri pencetakan, industri galian non logam, industri logam non mesin, industri alat angkutan lainnya, industri kerajinan, dan reparasi dan industri mesin, dengan jenis kegiatan industri utama industri makanan yang tercatat sejumlah 1304 unit.;Sarana transportasi memegang peranan penting dalam perputaran ekonomi suatu wilayah. Keberadaan transportasi umum akan membawa peningkatan mobilitas manusia, mobilitas faktor-faktor produksi, dan mobilitas hasil olahan yang disebarkan atau dipasarkan. Berkenaan dengan hal tersebut,  sayang sekali, sampai tahun 2024 belum tersedia sarana transportasi umum pada sebagian besar desa di Kecamatan Cikedal.;Selain sarana transportasi, peran sarana komunikasi dalam mengerakkan roda perekonomian juga tidak dapat dikesampingkan. Berdasarkan data terakhir, untuk Kecamatan Cikedal sudah beroperasi/tersedia layanankantor pos/pos pembantu/rumah pos,pos keliling, dan perusahaan/agen jasa ekspedisi swasta,  setidaknya di salah satu desa  Masih merujuk pada data terakhir, jenis sinyal internet telepon seluler yang terbanyak dinikmati oleh sebagian besar masyarakat desa di Kecamatan Cikedal adalah sinyal 5G/4G/LTE. ;According to the latest data, there are 10 type of manufacturing industry for micro-small category in  Cikedal District, which are food manufacturing, beverage manufacturing, apparel manufacturing, manufacture of wood and the like, printing manufacturing, non-metallic excavated goods manufacturing, non-machinery metal manufacturing, other transport manufacturing, crafts and other manufacturing, dan machinery and repair manufacturing, with the largest number of manufacturing industries is food manufacturing recorded as 1304 units.;Transportation infrastructure plays a crucial role in the economic development of a region. The presence of public transportation enhances human mobility, the movement of production factors, and the distribution or marketing of processed products. In this regard,  Unfortunately, by the year 2024, public transportation facilities are not yet available in most of village in the Cikedal District.;In addition to transportation infrastructure, the role of communication infrastructure in driving the wheels of the economy cannot be overlooked. Based on the latest data, for the Cikedal District  there are already operating/available service of post office/branch post office/postal station,mobile/roaming post, and private courier/expedition services company, at least in one village Still referring to the latest data, the type of mobile phone internet signal enjoyed by most village people in Cikedal District is the 5G/4G/LTE signal. ;–;–;10;–;–;–;1;10;4
140;Menes;12;Desa;Village;Alaswangi;Tegalwangi;Menes;Kananga;Cilabanbulan;Sindangkarya;Cigandeng;Purwaraja;Muruy;Kadupayung;Sukamanah;Ramaya;;;;MENES;D:\KCDA\2025\140\Bab6.PNG;D:\KCDA\2025\140\G061.png;D:\KCDA\2025\140\G062.png;Menurut data terakhir, terdapat 11 jenis industri pengolahan di Kecamatan Menes, yaitu industri makanan, industri minuman, industri pakaian jadi, industri kulit, dan alas kaki, industri kayu, industri pencetakan, industri logam non mesin, industri alat angkutan lainnya, industri kerajinan, reparasi dan industri mesin, dan industri pengolahan lainnya, dengan jenis kegiatan industri utama industri makanan yang tercatat sejumlah 79 unit.;Sarana transportasi memegang peranan penting dalam perputaran ekonomi suatu wilayah. Keberadaan transportasi umum akan membawa peningkatan mobilitas manusia, mobilitas faktor-faktor produksi, dan mobilitas hasil olahan yang disebarkan atau dipasarkan. Berkenaan dengan hal tersebut,  sayang sekali, sampai tahun 2024 belum tersedia sarana transportasi umum pada sebagian besar desa di Kecamatan Menes.;Selain sarana transportasi, peran sarana komunikasi dalam mengerakkan roda perekonomian juga tidak dapat dikesampingkan. Berdasarkan data terakhir, untuk Kecamatan Menes sudah beroperasi/tersedia layanankantor pos/pos pembantu/rumah pos,pos keliling, dan perusahaan/agen jasa ekspedisi swasta,  setidaknya di salah satu desa  Masih merujuk pada data terakhir, jenis sinyal internet telepon seluler yang terbanyak dinikmati oleh sebagian besar masyarakat desa di Kecamatan Menes adalah sinyal 5G/4G/LTE. ;According to the latest data, there are 11 type of manufacturing industry for micro-small category in  Menes District, which are food manufacturing, beverage manufacturing, apparel manufacturing, leather and footwear manufacturing, manufacture of wood and the like, printing manufacturing, non-machinery metal manufacturing, other transport manufacturing, crafts and other manufacturing, machinery and repair manufacturing, dan other manufacturing, with the largest number of manufacturing industries is food manufacturing recorded as 79 units.;Transportation infrastructure plays a crucial role in the economic development of a region. The presence of public transportation enhances human mobility, the movement of production factors, and the distribution or marketing of processed products. In this regard,  Unfortunately, by the year 2024, public transportation facilities are not yet available in most of village in the Menes District.;In addition to transportation infrastructure, the role of communication infrastructure in driving the wheels of the economy cannot be overlooked. Based on the latest data, for the Menes District  there are already operating/available service of post office/branch post office/postal station,mobile/roaming post, and private courier/expedition services company, at least in one village Still referring to the latest data, the type of mobile phone internet signal enjoyed by most village people in Menes District is the 5G/4G/LTE signal. ;–;1;12;–;–;–;8;12;8
141;Pulosari;9;Desa;Village;Banjarnegara;Kaduhejo;Koranji;Sanghiangdengdek;Cilentung;Karyawangi;Banjarwangi;Sukasari;Sukaraja;;;;;;;PULOSARI;D:\KCDA\2025\141\Bab6.PNG;D:\KCDA\2025\141\G061.png;D:\KCDA\2025\141\G062.png;Menurut data terakhir, terdapat 8 jenis industri pengolahan di Kecamatan Pulosari, yaitu industri makanan, industri tekstil, industri pakaian jadi, industri kayu, industri logam non mesin, industri alat angkutan lainnya, industri kerajinan, dan reparasi dan industri mesin, dengan jenis kegiatan industri utama industri makanan yang tercatat sejumlah 60 unit.;Sarana transportasi memegang peranan penting dalam perputaran ekonomi suatu wilayah. Keberadaan transportasi umum akan membawa peningkatan mobilitas manusia, mobilitas faktor-faktor produksi, dan mobilitas hasil olahan yang disebarkan atau dipasarkan. Berkenaan dengan hal tersebut,  sayang sekali, sampai tahun 2024 belum tersedia sarana transportasi umum pada sebagian besar desa di Kecamatan Pulosari.;Selain sarana transportasi, peran sarana komunikasi dalam mengerakkan roda perekonomian juga tidak dapat dikesampingkan. Berdasarkan data terakhir, untuk Kecamatan Pulosari sudah beroperasi/tersedia layanan dan pos keliling.,  setidaknya di salah satu desa  Masih merujuk pada data terakhir, jenis sinyal internet telepon seluler yang terbanyak dinikmati oleh sebagian besar masyarakat desa di Kecamatan Pulosari adalah sinyal 5G/4G/LTE. ;According to the latest data, there are 8 type of manufacturing industry for micro-small category in  Pulosari District, which are food manufacturing, textile manufacturing, apparel manufacturing, manufacture of wood and the like, non-machinery metal manufacturing, other transport manufacturing, crafts and other manufacturing, dan machinery and repair manufacturing, with the largest number of manufacturing industries is food manufacturing recorded as 60 units.;Transportation infrastructure plays a crucial role in the economic development of a region. The presence of public transportation enhances human mobility, the movement of production factors, and the distribution or marketing of processed products. In this regard,  Unfortunately, by the year 2024, public transportation facilities are not yet available in most of village in the Pulosari District.;In addition to transportation infrastructure, the role of communication infrastructure in driving the wheels of the economy cannot be overlooked. Based on the latest data, for the Pulosari District  there is already operating/available service only for  and mobile/roaming post., at least in one village Still referring to the latest data, the type of mobile phone internet signal enjoyed by most village people in Pulosari District is the 5G/4G/LTE signal. ;–;–;9;–;–;–;–;–;–
150;Mandalawangi;15;Desa;Village;Pandat;Cikoneng;Giripawana;Nembol;Gunungsari;Kurungkambing;Mandalasari;Mandalawangi;Pari;Sinarjaya;Sirnagalih;Curuglemo;Panjangjaya;Cikumbueun;Ramea;MANDALAWANGI;D:\KCDA\2025\150\Bab6.PNG;D:\KCDA\2025\150\G061.png;D:\KCDA\2025\150\G062.png;Menurut data terakhir, terdapat 9 jenis industri pengolahan di Kecamatan Mandalawangi, yaitu industri makanan, industri minuman, industri pakaian jadi, industri kulit, dan alas kaki, industri kayu, industri logam non mesin, industri alat angkutan lainnya, reparasi dan industri mesin, dan industri pengolahan lainnya, dengan jenis kegiatan industri utama industri makanan yang tercatat sejumlah 67 unit.;Sarana transportasi memegang peranan penting dalam perputaran ekonomi suatu wilayah. Keberadaan transportasi umum akan membawa peningkatan mobilitas manusia, mobilitas faktor-faktor produksi, dan mobilitas hasil olahan yang disebarkan atau dipasarkan. Berkenaan dengan hal tersebut,  sayang sekali, sampai tahun 2024 belum tersedia sarana transportasi umum pada sebagian besar desa di Kecamatan Mandalawangi.;Selain sarana transportasi, peran sarana komunikasi dalam mengerakkan roda perekonomian juga tidak dapat dikesampingkan. Berdasarkan data terakhir, untuk Kecamatan Mandalawangi sudah beroperasi/tersedia layanankantor pos/pos pembantu/rumah pos, dan perusahaan/agen jasa ekspedisi swasta,  setidaknya di salah satu desa  Masih merujuk pada data terakhir, jenis sinyal internet telepon seluler yang terbanyak dinikmati oleh sebagian besar masyarakat desa di Kecamatan Mandalawangi adalah sinyal 5G/4G/LTE. ;According to the latest data, there are 9 type of manufacturing industry for micro-small category in  Mandalawangi District, which are food manufacturing, beverage manufacturing, apparel manufacturing, leather and footwear manufacturing, manufacture of wood and the like, non-machinery metal manufacturing, other transport manufacturing, machinery and repair manufacturing, dan other manufacturing, with the largest number of manufacturing industries is food manufacturing recorded as 67 units.;Transportation infrastructure plays a crucial role in the economic development of a region. The presence of public transportation enhances human mobility, the movement of production factors, and the distribution or marketing of processed products. In this regard,  Unfortunately, by the year 2024, public transportation facilities are not yet available in most of village in the Mandalawangi District.;In addition to transportation infrastructure, the role of communication infrastructure in driving the wheels of the economy cannot be overlooked. Based on the latest data, for the Mandalawangi District  there are already operating/available service of post office/branch post office/postal station, and private courier/expedition services company, at least in one village Still referring to the latest data, the type of mobile phone internet signal enjoyed by most village people in Mandalawangi District is the 5G/4G/LTE signal. ;1;–;15;–;–;–;1;–;2
160;Cimanuk;11;Desa;Village;Kadudodol;Gunungdatar;Gunungcupu;Sekong;Cimanuk;Batubantar;Rocek;Kadumadang;Dalembalar;Kupahandap;Kadubungbang;;;;;CIMANUK;D:\KCDA\2025\160\Bab6.PNG;D:\KCDA\2025\160\G061.png;D:\KCDA\2025\160\G062.png;Menurut data terakhir, terdapat 8 jenis industri pengolahan di Kecamatan Cimanuk, yaitu industri makanan, industri minuman, industri pakaian jadi, industri kulit, dan alas kaki, industri kayu, industri pencetakan, industri logam non mesin, dan industri alat angkutan lainnya, dengan jenis kegiatan industri utama industri makanan yang tercatat sejumlah 40 unit.;Sarana transportasi memegang peranan penting dalam perputaran ekonomi suatu wilayah. Keberadaan transportasi umum akan membawa peningkatan mobilitas manusia, mobilitas faktor-faktor produksi, dan mobilitas hasil olahan yang disebarkan atau dipasarkan. Berkenaan dengan hal tersebut,  sampai tahun 2024 sudah tersedia sarana transportasi umum pada sebagian besar desa di Kecamatan Cimanuk dengan trayek tetap.;Selain sarana transportasi, peran sarana komunikasi dalam mengerakkan roda perekonomian juga tidak dapat dikesampingkan. Berdasarkan data terakhir, untuk Kecamatan Cimanuk sudah beroperasi/tersedia layanankantor pos/pos pembantu/rumah pos, dan perusahaan/agen jasa ekspedisi swasta,  setidaknya di salah satu desa  Masih merujuk pada data terakhir, jenis sinyal internet telepon seluler yang terbanyak dinikmati oleh sebagian besar masyarakat desa di Kecamatan Cimanuk adalah sinyal 5G/4G/LTE. ;According to the latest data, there are 8 type of manufacturing industry for micro-small category in  Cimanuk District, which are food manufacturing, beverage manufacturing, apparel manufacturing, leather and footwear manufacturing, manufacture of wood and the like, printing manufacturing, non-machinery metal manufacturing, dan other transport manufacturing, with the largest number of manufacturing industries is food manufacturing recorded as 40 units.;Transportation infrastructure plays a crucial role in the economic development of a region. The presence of public transportation enhances human mobility, the movement of production factors, and the distribution or marketing of processed products. In this regard,  Until the year 2024, public transportation facilities have been available in most of villages in the Cimanuk District  with some given routes.;In addition to transportation infrastructure, the role of communication infrastructure in driving the wheels of the economy cannot be overlooked. Based on the latest data, for the Cimanuk District  there are already operating/available service of post office/branch post office/postal station, and private courier/expedition services company, at least in one village Still referring to the latest data, the type of mobile phone internet signal enjoyed by most village people in Cimanuk District is the 5G/4G/LTE signal. ;–;1;11;–;–;–;1;–;1
161;Cipeucang;10;Desa;Village;Cikadueun;Koncang;Pasirmae;Parumasan;Kadugadung;Palanyar;Baturanjang;Kalanggunung;Curugbarang;Pasireurih;;;;;;CIPEUCANG;D:\KCDA\2025\161\Bab6.PNG;D:\KCDA\2025\161\G061.png;D:\KCDA\2025\161\G062.png;Menurut data terakhir, terdapat 9 jenis industri pengolahan di Kecamatan Cipeucang, yaitu industri makanan, industri minuman, industri pakaian jadi, industri kulit, dan alas kaki, industri kayu, industri logam non mesin, industri alat angkutan lainnya, industri kerajinan, dan reparasi dan industri mesin, dengan jenis kegiatan industri utama industri makanan yang tercatat sejumlah 71 unit.;Sarana transportasi memegang peranan penting dalam perputaran ekonomi suatu wilayah. Keberadaan transportasi umum akan membawa peningkatan mobilitas manusia, mobilitas faktor-faktor produksi, dan mobilitas hasil olahan yang disebarkan atau dipasarkan. Berkenaan dengan hal tersebut,  sayang sekali, sampai tahun 2024 belum tersedia sarana transportasi umum pada sebagian besar desa di Kecamatan Cipeucang.;Selain sarana transportasi, peran sarana komunikasi dalam mengerakkan roda perekonomian juga tidak dapat dikesampingkan. Berdasarkan data terakhir, untuk Kecamatan Cipeucang sudah beroperasi/tersedia layanankantor pos/pos pembantu/rumah pos, dan perusahaan/agen jasa ekspedisi swasta,  setidaknya di salah satu desa  Masih merujuk pada data terakhir, jenis sinyal internet telepon seluler yang terbanyak dinikmati oleh sebagian besar masyarakat desa di Kecamatan Cipeucang adalah sinyal 5G/4G/LTE. ;According to the latest data, there are 9 type of manufacturing industry for micro-small category in  Cipeucang District, which are food manufacturing, beverage manufacturing, apparel manufacturing, leather and footwear manufacturing, manufacture of wood and the like, non-machinery metal manufacturing, other transport manufacturing, crafts and other manufacturing, dan machinery and repair manufacturing, with the largest number of manufacturing industries is food manufacturing recorded as 71 units.;Transportation infrastructure plays a crucial role in the economic development of a region. The presence of public transportation enhances human mobility, the movement of production factors, and the distribution or marketing of processed products. In this regard,  Unfortunately, by the year 2024, public transportation facilities are not yet available in most of village in the Cipeucang District.;In addition to transportation infrastructure, the role of communication infrastructure in driving the wheels of the economy cannot be overlooked. Based on the latest data, for the Cipeucang District  there are already operating/available service of post office/branch post office/postal station, and private courier/expedition services company, at least in one village Still referring to the latest data, the type of mobile phone internet signal enjoyed by most village people in Cipeucang District is the 5G/4G/LTE signal. ;–;1;10;–;–;–;–;4;2
170;Banjar;11;Desa;Village;Cibeureum;Cibodas;Kadulimus;Bandung;Kadumaneuh;Citalahab;Pasirawi;Mogana;Kadubale;Banjar;Gunungputri;;;;;BANJAR;D:\KCDA\2025\170\Bab6.PNG;D:\KCDA\2025\170\G061.png;D:\KCDA\2025\170\G062.png;Menurut data terakhir, terdapat 11 jenis industri pengolahan di Kecamatan Banjar, yaitu industri makanan, industri minuman, industri pakaian jadi, industri kulit, dan alas kaki, industri kayu, industri pencetakan, industri logam non mesin, industri alat angkutan lainnya, industri kerajinan, reparasi dan industri mesin, dan industri pengolahan lainnya, dengan jenis kegiatan industri utama industri kayu yang tercatat sejumlah 49 unit.;Sarana transportasi memegang peranan penting dalam perputaran ekonomi suatu wilayah. Keberadaan transportasi umum akan membawa peningkatan mobilitas manusia, mobilitas faktor-faktor produksi, dan mobilitas hasil olahan yang disebarkan atau dipasarkan. Berkenaan dengan hal tersebut,  sayang sekali, sampai tahun 2024 belum tersedia sarana transportasi umum pada sebagian besar desa di Kecamatan Banjar.;Selain sarana transportasi, peran sarana komunikasi dalam mengerakkan roda perekonomian juga tidak dapat dikesampingkan. Berdasarkan data terakhir, untuk Kecamatan Banjar sudah beroperasi/tersedia layanankantor pos/pos pembantu/rumah pos,pos keliling, dan perusahaan/agen jasa ekspedisi swasta,  setidaknya di salah satu desa  Masih merujuk pada data terakhir, jenis sinyal internet telepon seluler yang terbanyak dinikmati oleh sebagian besar masyarakat desa di Kecamatan Banjar adalah sinyal 5G/4G/LTE. ;According to the latest data, there are 11 type of manufacturing industry for micro-small category in  Banjar District, which are food manufacturing, beverage manufacturing, apparel manufacturing, leather and footwear manufacturing, manufacture of wood and the like, printing manufacturing, non-machinery metal manufacturing, other transport manufacturing, crafts and other manufacturing, machinery and repair manufacturing, dan other manufacturing, with the largest number of manufacturing industries is manufacture of wood and the like recorded as 49 units.;Transportation infrastructure plays a crucial role in the economic development of a region. The presence of public transportation enhances human mobility, the movement of production factors, and the distribution or marketing of processed products. In this regard,  Unfortunately, by the year 2024, public transportation facilities are not yet available in most of village in the Banjar District.;In addition to transportation infrastructure, the role of communication infrastructure in driving the wheels of the economy cannot be overlooked. Based on the latest data, for the Banjar District  there are already operating/available service of post office/branch post office/postal station,mobile/roaming post, and private courier/expedition services company, at least in one village Still referring to the latest data, the type of mobile phone internet signal enjoyed by most village people in Banjar District is the 5G/4G/LTE signal. ;–;1;11;–;–;–;1;1;2
171;Kaduhejo;10;Desa;Village;Banjarsari;Sukamanah;Palurahan;Kadugemblo;Sukasari;Mandalasari;Saninten;Bayumundu;Campaka;Ciputri;;;;;;KADUHEJO;D:\KCDA\2025\171\Bab6.PNG;D:\KCDA\2025\171\G061.png;D:\KCDA\2025\171\G062.png;Menurut data terakhir, terdapat 9 jenis industri pengolahan di Kecamatan Kaduhejo, yaitu industri makanan, industri minuman, industri pakaian jadi, industri kulit, dan alas kaki, industri kayu, industri pencetakan, industri logam non mesin, industri alat angkutan lainnya, dan reparasi dan industri mesin, dengan jenis kegiatan industri utama industri minuman yang tercatat sejumlah 24 unit.;Sarana transportasi memegang peranan penting dalam perputaran ekonomi suatu wilayah. Keberadaan transportasi umum akan membawa peningkatan mobilitas manusia, mobilitas faktor-faktor produksi, dan mobilitas hasil olahan yang disebarkan atau dipasarkan. Berkenaan dengan hal tersebut,  sayang sekali, sampai tahun 2024 belum tersedia sarana transportasi umum pada sebagian besar desa di Kecamatan Kaduhejo.;Selain sarana transportasi, peran sarana komunikasi dalam mengerakkan roda perekonomian juga tidak dapat dikesampingkan. Berdasarkan data terakhir, untuk Kecamatan Kaduhejo sudah beroperasi/tersedia layanankantor pos/pos pembantu/rumah pos,pos keliling, dan perusahaan/agen jasa ekspedisi swasta,  setidaknya di salah satu desa  Masih merujuk pada data terakhir, jenis sinyal internet telepon seluler yang terbanyak dinikmati oleh sebagian besar masyarakat desa di Kecamatan Kaduhejo adalah sinyal 5G/4G/LTE. ;According to the latest data, there are 9 type of manufacturing industry for micro-small category in  Kaduhejo District, which are food manufacturing, beverage manufacturing, apparel manufacturing, leather and footwear manufacturing, manufacture of wood and the like, printing manufacturing, non-machinery metal manufacturing, other transport manufacturing, dan machinery and repair manufacturing, with the largest number of manufacturing industries is beverage manufacturing recorded as 24 units.;Transportation infrastructure plays a crucial role in the economic development of a region. The presence of public transportation enhances human mobility, the movement of production factors, and the distribution or marketing of processed products. In this regard,  Unfortunately, by the year 2024, public transportation facilities are not yet available in most of village in the Kaduhejo District.;In addition to transportation infrastructure, the role of communication infrastructure in driving the wheels of the economy cannot be overlooked. Based on the latest data, for the Kaduhejo District  there are already operating/available service of post office/branch post office/postal station,mobile/roaming post, and private courier/expedition services company, at least in one village Still referring to the latest data, the type of mobile phone internet signal enjoyed by most village people in Kaduhejo District is the 5G/4G/LTE signal. ;–;–;10;–;–;–;1;–;2
172;Mekarjaya;8;Desa;Village;Rancabugel;Wirasinga;Pareang;Kadubelang;Mekarjaya;Kadujangkung;Medong;Sukamulya;;;;;;;;MEKARJAYA;D:\KCDA\2025\172\Bab6.PNG;D:\KCDA\2025\172\G061.png;D:\KCDA\2025\172\G062.png;Menurut data terakhir, terdapat 5 jenis industri pengolahan di Kecamatan Mekarjaya, yaitu industri makanan, industri pakaian jadi, industri kayu, industri logam non mesin, dan industri alat angkutan lainnya, dengan jenis kegiatan industri utama industri makanan yang tercatat sejumlah 28 unit.;Sarana transportasi memegang peranan penting dalam perputaran ekonomi suatu wilayah. Keberadaan transportasi umum akan membawa peningkatan mobilitas manusia, mobilitas faktor-faktor produksi, dan mobilitas hasil olahan yang disebarkan atau dipasarkan. Berkenaan dengan hal tersebut,  sayang sekali, sampai tahun 2024 belum tersedia sarana transportasi umum pada sebagian besar desa di Kecamatan Mekarjaya.;Selain sarana transportasi, peran sarana komunikasi dalam mengerakkan roda perekonomian juga tidak dapat dikesampingkan. Berdasarkan data terakhir, untuk Kecamatan Mekarjaya belum tersedia layanan kantor pos/pos pembantu/rumah pos, pos keliling dan perusahaan/agen jasa ekspedisi swasta,  setidaknya di salah satu desa  Masih merujuk pada data terakhir, jenis sinyal internet telepon seluler yang terbanyak dinikmati oleh sebagian besar masyarakat desa di Kecamatan Mekarjaya adalah sinyal 5G/4G/LTE. ;According to the latest data, there are 5 type of manufacturing industry for micro-small category in  Mekarjaya District, which are food manufacturing, apparel manufacturing, manufacture of wood and the like, non-machinery metal manufacturing, dan other transport manufacturing, with the largest number of manufacturing industries is food manufacturing recorded as 28 units.;Transportation infrastructure plays a crucial role in the economic development of a region. The presence of public transportation enhances human mobility, the movement of production factors, and the distribution or marketing of processed products. In this regard,  Unfortunately, by the year 2024, public transportation facilities are not yet available in most of village in the Mekarjaya District.;In addition to transportation infrastructure, the role of communication infrastructure in driving the wheels of the economy cannot be overlooked. Based on the latest data, for the Mekarjaya District  there no available service of post office/branch post office/postal station, mobile/roaming post and private courier/expedition services company, at least in one village Still referring to the latest data, the type of mobile phone internet signal enjoyed by most village people in Mekarjaya District is the 5G/4G/LTE signal. ;–;–;8;–;–;–;–;–;–
180;Pandeglang;4;Kelurahan;Subdistrict;Kadomas;Babakan Kalanganyar;Kabayan;Pandeglang;;;;;;;;;;;;PANDEGLANG;D:\KCDA\2025\180\Bab6.PNG;D:\KCDA\2025\180\G061.png;D:\KCDA\2025\180\G062.png;Menurut data terakhir, terdapat 10 jenis industri pengolahan di Kecamatan Pandeglang, yaitu industri makanan, industri minuman, industri tekstil, industri pakaian jadi, industri kulit, dan alas kaki, industri kayu, industri pencetakan, industri galian non logam, industri alat angkutan lainnya, dan reparasi dan industri mesin, dengan jenis kegiatan industri utama industri makanan yang tercatat sejumlah 30 unit.;Sarana transportasi memegang peranan penting dalam perputaran ekonomi suatu wilayah. Keberadaan transportasi umum akan membawa peningkatan mobilitas manusia, mobilitas faktor-faktor produksi, dan mobilitas hasil olahan yang disebarkan atau dipasarkan. Berkenaan dengan hal tersebut,  sayang sekali, sampai tahun 2024 belum tersedia sarana transportasi umum pada sebagian besar kelurahan di Kecamatan Pandeglang.;Selain sarana transportasi, peran sarana komunikasi dalam mengerakkan roda perekonomian juga tidak dapat dikesampingkan. Berdasarkan data terakhir, untuk Kecamatan Pandeglang sudah beroperasi/tersedia layanankantor pos/pos pembantu/rumah pos,pos keliling, dan perusahaan/agen jasa ekspedisi swasta,  setidaknya di salah satu kelurahan  Masih merujuk pada data terakhir, jenis sinyal internet telepon seluler yang terbanyak dinikmati oleh sebagian besar masyarakat kelurahan di Kecamatan Pandeglang adalah sinyal 5G/4G/LTE. ;According to the latest data, there are 10 type of manufacturing industry for micro-small category in  Pandeglang District, which are food manufacturing, beverage manufacturing, textile manufacturing, apparel manufacturing, leather and footwear manufacturing, manufacture of wood and the like, printing manufacturing, non-metallic excavated goods manufacturing, other transport manufacturing, dan machinery and repair manufacturing, with the largest number of manufacturing industries is food manufacturing recorded as 30 units.;Transportation infrastructure plays a crucial role in the economic development of a region. The presence of public transportation enhances human mobility, the movement of production factors, and the distribution or marketing of processed products. In this regard,  Unfortunately, by the year 2024, public transportation facilities are not yet available in most of Subdistrict in the Pandeglang District.;In addition to transportation infrastructure, the role of communication infrastructure in driving the wheels of the economy cannot be overlooked. Based on the latest data, for the Pandeglang District  there are already operating/available service of post office/branch post office/postal station,mobile/roaming post, and private courier/expedition services company, at least in one Subdistrict Still referring to the latest data, the type of mobile phone internet signal enjoyed by most Subdistrict people in Pandeglang District is the 5G/4G/LTE signal. ;2;–;4;–;–;–;1;2;2
181;Majasari;5;Kelurahan;Subdistrict;Sukaratu;Karaton;Cilaja;Saruni;Pagerbatu;;;;;;;;;;;MAJASARI;D:\KCDA\2025\181\Bab6.PNG;D:\KCDA\2025\181\G061.png;D:\KCDA\2025\181\G062.png;Menurut data terakhir, terdapat 11 jenis industri pengolahan di Kecamatan Majasari, yaitu industri makanan, industri minuman, industri tekstil, industri pakaian jadi, industri kulit, dan alas kaki, industri kayu, industri pencetakan, industri logam non mesin, industri alat angkutan lainnya, reparasi dan industri mesin, dan industri pengolahan lainnya, dengan jenis kegiatan industri utama industri kayu yang tercatat sejumlah 660 unit.;Sarana transportasi memegang peranan penting dalam perputaran ekonomi suatu wilayah. Keberadaan transportasi umum akan membawa peningkatan mobilitas manusia, mobilitas faktor-faktor produksi, dan mobilitas hasil olahan yang disebarkan atau dipasarkan. Berkenaan dengan hal tersebut,  sampai tahun 2024 sudah tersedia sarana transportasi umum pada sebagian besar kelurahan di Kecamatan Majasari dengan trayek tetap.;Selain sarana transportasi, peran sarana komunikasi dalam mengerakkan roda perekonomian juga tidak dapat dikesampingkan. Berdasarkan data terakhir, untuk Kecamatan Majasari sudah beroperasi/tersedia layanan dan perusahaan/agen jasa ekspedisi swasta,  setidaknya di salah satu kelurahan  Masih merujuk pada data terakhir, jenis sinyal internet telepon seluler yang terbanyak dinikmati oleh sebagian besar masyarakat kelurahan di Kecamatan Majasari adalah sinyal 5G/4G/LTE. ;According to the latest data, there are 11 type of manufacturing industry for micro-small category in  Majasari District, which are food manufacturing, beverage manufacturing, textile manufacturing, apparel manufacturing, leather and footwear manufacturing, manufacture of wood and the like, printing manufacturing, non-machinery metal manufacturing, other transport manufacturing, machinery and repair manufacturing, dan other manufacturing, with the largest number of manufacturing industries is manufacture of wood and the like recorded as 660 units.;Transportation infrastructure plays a crucial role in the economic development of a region. The presence of public transportation enhances human mobility, the movement of production factors, and the distribution or marketing of processed products. In this regard,  Until the year 2024, public transportation facilities have been available in most of Subdistricts in the Majasari District  with some given routes.;In addition to transportation infrastructure, the role of communication infrastructure in driving the wheels of the economy cannot be overlooked. Based on the latest data, for the Majasari District  there is already operating/available service only for  and private courier/expedition services company, at least in one Subdistrict Still referring to the latest data, the type of mobile phone internet signal enjoyed by most Subdistrict people in Majasari District is the 5G/4G/LTE signal. ;–;1;5;–;–;–;–;–;2
190;Cadasari;11;Desa;Village;Cikentrung;Kaungcaang;Ciinjuk;Cadasari;Tapos;Tanagara;Kurungdahu;Pasirpeuteuy;Kaduengang;Kaduela;Koranji;;;;;CADASARI;D:\KCDA\2025\190\Bab6.PNG;D:\KCDA\2025\190\G061.png;D:\KCDA\2025\190\G062.png;Menurut data terakhir, terdapat 7 jenis industri pengolahan di Kecamatan Cadasari, yaitu industri makanan, industri minuman, industri pakaian jadi, industri kayu, industri logam non mesin, industri alat angkutan lainnya, dan reparasi dan industri mesin, dengan jenis kegiatan industri utama industri minuman yang tercatat sejumlah 17 unit.;Sarana transportasi memegang peranan penting dalam perputaran ekonomi suatu wilayah. Keberadaan transportasi umum akan membawa peningkatan mobilitas manusia, mobilitas faktor-faktor produksi, dan mobilitas hasil olahan yang disebarkan atau dipasarkan. Berkenaan dengan hal tersebut,  sayang sekali, sampai tahun 2024 belum tersedia sarana transportasi umum pada sebagian besar desa di Kecamatan Cadasari.;Selain sarana transportasi, peran sarana komunikasi dalam mengerakkan roda perekonomian juga tidak dapat dikesampingkan. Berdasarkan data terakhir, untuk Kecamatan Cadasari belum tersedia layanan kantor pos/pos pembantu/rumah pos, pos keliling dan perusahaan/agen jasa ekspedisi swasta,  setidaknya di salah satu desa  Masih merujuk pada data terakhir, jenis sinyal internet telepon seluler yang terbanyak dinikmati oleh sebagian besar masyarakat desa di Kecamatan Cadasari adalah sinyal 5G/4G/LTE. ;According to the latest data, there are 7 type of manufacturing industry for micro-small category in  Cadasari District, which are food manufacturing, beverage manufacturing, apparel manufacturing, manufacture of wood and the like, non-machinery metal manufacturing, other transport manufacturing, dan machinery and repair manufacturing, with the largest number of manufacturing industries is beverage manufacturing recorded as 17 units.;Transportation infrastructure plays a crucial role in the economic development of a region. The presence of public transportation enhances human mobility, the movement of production factors, and the distribution or marketing of processed products. In this regard,  Unfortunately, by the year 2024, public transportation facilities are not yet available in most of village in the Cadasari District.;In addition to transportation infrastructure, the role of communication infrastructure in driving the wheels of the economy cannot be overlooked. Based on the latest data, for the Cadasari District  there no available service of post office/branch post office/postal station, mobile/roaming post and private courier/expedition services company, at least in one village Still referring to the latest data, the type of mobile phone internet signal enjoyed by most village people in Cadasari District is the 5G/4G/LTE signal. ;–;1;11;–;–;–;–;–;–
191;Karangtanjung;4;Kelurahan;Subdistrict;Kadumerak;Pagadungan;Cigadung;Juhut;;;;;;;;;;;;KARANGTANJUNG;D:\KCDA\2025\191\Bab6.PNG;D:\KCDA\2025\191\G061.png;D:\KCDA\2025\191\G062.png;Menurut data terakhir, terdapat 9 jenis industri pengolahan di Kecamatan Karangtanjung, yaitu industri makanan, industri minuman, industri pakaian jadi, industri kulit, dan alas kaki, industri kayu, industri pencetakan, industri alat angkutan lainnya, industri kerajinan, dan reparasi dan industri mesin, dengan jenis kegiatan industri utama industri makanan yang tercatat sejumlah 11 unit.;Sarana transportasi memegang peranan penting dalam perputaran ekonomi suatu wilayah. Keberadaan transportasi umum akan membawa peningkatan mobilitas manusia, mobilitas faktor-faktor produksi, dan mobilitas hasil olahan yang disebarkan atau dipasarkan. Berkenaan dengan hal tersebut,  sampai tahun 2024 sudah tersedia sarana transportasi umum pada sebagian besar kelurahan di Kecamatan Karangtanjung dengan trayek tetap.;Selain sarana transportasi, peran sarana komunikasi dalam mengerakkan roda perekonomian juga tidak dapat dikesampingkan. Berdasarkan data terakhir, untuk Kecamatan Karangtanjung sudah beroperasi/tersedia layanankantor pos/pos pembantu/rumah pos,pos keliling, dan perusahaan/agen jasa ekspedisi swasta,  setidaknya di salah satu kelurahan  Masih merujuk pada data terakhir, jenis sinyal internet telepon seluler yang terbanyak dinikmati oleh sebagian besar masyarakat kelurahan di Kecamatan Karangtanjung adalah sinyal 5G/4G/LTE. ;According to the latest data, there are 9 type of manufacturing industry for micro-small category in  Karangtanjung District, which are food manufacturing, beverage manufacturing, apparel manufacturing, leather and footwear manufacturing, manufacture of wood and the like, printing manufacturing, other transport manufacturing, crafts and other manufacturing, dan machinery and repair manufacturing, with the largest number of manufacturing industries is food manufacturing recorded as 11 units.;Transportation infrastructure plays a crucial role in the economic development of a region. The presence of public transportation enhances human mobility, the movement of production factors, and the distribution or marketing of processed products. In this regard,  Until the year 2024, public transportation facilities have been available in most of Subdistricts in the Karangtanjung District  with some given routes.;In addition to transportation infrastructure, the role of communication infrastructure in driving the wheels of the economy cannot be overlooked. Based on the latest data, for the Karangtanjung District  there are already operating/available service of post office/branch post office/postal station,mobile/roaming post, and private courier/expedition services company, at least in one Subdistrict Still referring to the latest data, the type of mobile phone internet signal enjoyed by most Subdistrict people in Karangtanjung District is the 5G/4G/LTE signal. ;2;–;4;–;–;–;1;4;1
192;Koroncong;12;Desa;Village;Pasirjaksa;Bangkonol;Tegalongok;Pasirkarag;Paniis;Setrajaya;Karangsetra;Pakuluran;Koroncong;Gerendong;Awilega;Sukajaya;;;;KORONCONG;D:\KCDA\2025\192\Bab6.PNG;D:\KCDA\2025\192\G061.png;D:\KCDA\2025\192\G062.png;Menurut data terakhir, terdapat 9 jenis industri pengolahan di Kecamatan Koroncong, yaitu industri makanan, industri minuman, industri pakaian jadi, industri kulit, dan alas kaki, industri kayu, industri alat angkutan lainnya, industri kerajinan, reparasi dan industri mesin, dan industri pengolahan lainnya, dengan jenis kegiatan industri utama industri minuman yang tercatat sejumlah 8 unit.;Sarana transportasi memegang peranan penting dalam perputaran ekonomi suatu wilayah. Keberadaan transportasi umum akan membawa peningkatan mobilitas manusia, mobilitas faktor-faktor produksi, dan mobilitas hasil olahan yang disebarkan atau dipasarkan. Berkenaan dengan hal tersebut,  sayang sekali, sampai tahun 2024 belum tersedia sarana transportasi umum pada sebagian besar desa di Kecamatan Koroncong.;Selain sarana transportasi, peran sarana komunikasi dalam mengerakkan roda perekonomian juga tidak dapat dikesampingkan. Berdasarkan data terakhir, untuk Kecamatan Koroncong sudah beroperasi/tersedia layanan dan pos keliling.,  setidaknya di salah satu desa  Masih merujuk pada data terakhir, jenis sinyal internet telepon seluler yang terbanyak dinikmati oleh sebagian besar masyarakat desa di Kecamatan Koroncong adalah sinyal 5G/4G/LTE. ;According to the latest data, there are 9 type of manufacturing industry for micro-small category in  Koroncong District, which are food manufacturing, beverage manufacturing, apparel manufacturing, leather and footwear manufacturing, manufacture of wood and the like, other transport manufacturing, crafts and other manufacturing, machinery and repair manufacturing, dan other manufacturing, with the largest number of manufacturing industries is beverage manufacturing recorded as 8 units.;Transportation infrastructure plays a crucial role in the economic development of a region. The presence of public transportation enhances human mobility, the movement of production factors, and the distribution or marketing of processed products. In this regard,  Unfortunately, by the year 2024, public transportation facilities are not yet available in most of village in the Koroncong District.;In addition to transportation infrastructure, the role of communication infrastructure in driving the wheels of the economy cannot be overlooked. Based on the latest data, for the Koroncong District  there is already operating/available service only for  and mobile/roaming post., at least in one village Still referring to the latest data, the type of mobile phone internet signal enjoyed by most village people in Koroncong District is the 5G/4G/LTE signal. ;–;–;12;–;–;–;–;–;–
