KodeKec;Nama;JumlahDesa;Desa_id;Desa_en;Desa01;Desa02;Desa03;Desa04;Desa05;Desa06;Desa07;Desa08;Desa09;Desa10;Desa11;Desa12;Desa13;Desa14;Desa15;KECAMATAN;@Sekat;@Grafik1;@Grafik2;U301_id;U302_id;U303_id;U304_id;U305_id;U301_en;U302_en;U303_en;U304_en;U305_en;T311K2B1;T311K2B2;T311K2B3;T311K2B4;T311K2B5;T311K2B6;T311K2B7;T311K2B8;T311K2B9;T311K2B10;T311K2B11;T311K2B12;T311K2B13;T311K2B14;T311K2B15;T311K2B16;T311K3B1;T311K3B2;T311K3B3;T311K3B4;T311K3B5;T311K3B6;T311K3B7;T311K3B8;T311K3B9;T311K3B10;T311K3B11;T311K3B12;T311K3B13;T311K3B14;T311K3B15;T311K3B16;T311K4B1;T311K4B2;T311K4B3;T311K4B4;T311K4B5;T311K4B6;T311K4B7;T311K4B8;T311K4B9;T311K4B10;T311K4B11;T311K4B12;T311K4B13;T311K4B14;T311K4B15;T311K4B16;T311K5B1;T311K5B2;T311K5B3;T311K5B4;T311K5B5;T311K5B6;T311K5B7;T311K5B8;T311K5B9;T311K5B10;T311K5B11;T311K5B12;T311K5B13;T311K5B14;T311K5B15;T311K5B16;T311K6B1;T311K6B2;T311K6B3;T311K6B4;T311K6B5;T311K6B6;T311K6B7;T311K6B8;T311K6B9;T311K6B10;T311K6B11;T311K6B12;T311K6B13;T311K6B14;T311K6B15;T311K6B16;T311K7B1;T311K7B2;T311K7B3;T311K7B4;T311K7B5;T311K7B6;T311K7B7;T311K7B8;T311K7B9;T311K7B10;T311K7B11;T311K7B12;T311K7B13;T311K7B14;T311K7B15;T311K7B16;T32K2B1;T32K2B2;T32K2B3;T32K2B4;T32K2B5;T32K2B6;T32K2B7;T32K2B8;T32K2B9;T32K2B10;T32K2B11;T32K2B12;T32K2B13;T32K2B14;T32K2B15;T32K2B16;T32K2B17;T32K3B1;T32K3B2;T32K3B3;T32K3B4;T32K3B5;T32K3B6;T32K3B7;T32K3B8;T32K3B9;T32K3B10;T32K3B11;T32K3B12;T32K3B13;T32K3B14;T32K3B15;T32K3B16;T32K3B17;T32K4B1;T32K4B2;T32K4B3;T32K4B4;T32K4B5;T32K4B6;T32K4B7;T32K4B8;T32K4B9;T32K4B10;T32K4B11;T32K4B12;T32K4B13;T32K4B14;T32K4B15;T32K4B16;T32K4B17;T32K5B1;T32K5B2;T32K5B3;T32K5B4;T32K5B5;T32K5B6;T32K5B7;T32K5B8;T32K5B9;T32K5B10;T32K5B11;T32K5B12;T32K5B13;T32K5B14;T32K5B15;T32K5B16;T32K5B17;T32K6B1;T32K6B2;T32K6B3;T32K6B4;T32K6B5;T32K6B6;T32K6B7;T32K6B8;T32K6B9;T32K6B10;T32K6B11;T32K6B12;T32K6B13;T32K6B14;T32K6B15;T32K6B16;T32K6B17
10;Sumur;7;Desa;Village;Ujungjaya;Tamanjaya;Cigorondong;Tunggaljaya;Kertamukti;Kertajaya;Sumberjaya;;;;;;;;;SUMUR;D:\KCDA\2025\010\Bab3.PNG;D:\KCDA\2025\010\G031.png;D:\KCDA\2025\010\G032.png;Penduduk Kecamatan Sumur berjumlah 28.265 jiwa, dengan kepadatan penduduk 44 jiwa per km². Besarnya rasio jenis kelamin adalah 103, dengan demikian, dapat diketahui untuk setiap 100 populasi laki-laki terdapat dari 97 orang perempuan.;Desa yang memiliki populasi terbesar adalah Kertajaya, dengan penduduk mencapai 5.026 jiwa, atau 17,78 persen dari total penduduk Kecamatan Sumur. Lebih lanjut, daerah terpadat berasal dari Sumberjaya, dengan tingkat kepadatan penduduk 1.580 jiwa per km². ;Selanjutnya, rasio jenis kelamin tertinggi adalah Kertamukti, yaitu sebesar 106, sebaliknya terendah berasal dari Tunggaljaya, dengan besaran hanya 98.;Berdasarkan kelompok umur, persentase penduduk tertinggi berasal dari kelompok umur 10 - 14 tahun, yaitu 9,93 persen, adapun terendah dengan proporsi hanya 1,63 persen terjadi pada kelompok umur 70 - 74 tahun. Masih menurut kelompok umur, rasio jenis kelamin tertinggi, yaitu mencapai 113 terjadi pada kelompok umur 70 - 74 tahun, sebaliknya terendah berasal dari kelompok umur 75 tahun ke atas, dengan rasio sebesar 81;Indikator kependudukan penting yang juga perlu disampaikan adalah rasio ketergantungan untuk Kecamatan Sumur, yaitu sebesar 47,8 persen. Besaran ini menginformasikan bahwa setiap 1.000 penduduk kelompok umur produktif harus menanggung 478 penduduk dengan kategori tidak produktif;The population of Sumur District is 28,265 people, with a population density of 44 people per km². The sex ratio is 103, which means that for every 100 male population, there are 97 females.;The village with the largest population is Kertajaya, with 5,026 people, or 17.78 percent of the total population of Sumur District. Furthermore, the most populous area is Sumberjaya, with a population density of 1,580 people per km². ;Hereafter, the highest sex ratio was Kertamukti, which is 106, while the lowest came from Tunggaljaya, with a magnitude of just 98.;Based on age groups, the highest percentage of the population comes from the age group 10 - 14 years, which is 9.93 percent. The lowest proportion, with only 1.63 percent, is found in the age group 70 - 74 years. Continuing with age groups, the highest gender ratio, reaching 113, occurs within the 70 - 74 years age group. Conversely, the lowest ratio originates from the 75 years and older age group, with a ratio of 81;An important population indicator that also needs to be mentioned is the dependency ratio for Sumur District, which is 47.8 percent. This tells us that every 1,000 people in the productive age group have to support 478 people in the unproductive category.;2.505;1.781;1.409;1.844;2.006;2.671;2.564;;;;;;;;;14.780;2.416;1.713;1.393;1.875;1.905;2.530;2.491;;;;;;;;;14.323;4.921;3.494;2.802;3.719;3.911;5.201;5.055;;;;;;;;;29.103;16,91;12,01;9,63;12,78;13,44;17,87;17,37;;;;;;;;;100;8;768;541;627;494;830;1.615;;;;;;;;;46;103,7;104;101,1;98,3;105,3;105,6;102,9;;;;;;;;;103,2;1.039;1.374;1.461;1.040;1.266;1.294;1.184;1.093;1.036;984;839;725;520;400;244;281;14.780;1.027;1.315;1.335;1.073;1.236;1.169;1.041;1.101;1.143;924;776;736;496;392;204;355;14.323;2.066;2.689;2.796;2.113;2.502;2.463;2.225;2.194;2.179;1.908;1.615;1.461;1.016;792;448;636;29.103;7,1;9,24;9,61;7,26;8,6;8,46;7,65;7,54;7,49;6,56;5,55;5,02;3,49;2,72;1,54;2,19;100;101,2;104,5;109,4;96,9;102,4;110,7;113,7;99,3;90,6;106,5;108,1;98,5;104,8;102;119,6;79,2;103,2
20;Cimanggu;12;Desa;Village;Rancapinang;Cibadak;Batuhideung;Tugu;Kramatjaya;Mangkualam;Padasuka;Ciburial;Waringinkurung;Cijaralang;Cimanggu;Tangkilsari;;;;CIMANGGU;D:\KCDA\2025\020\Bab3.PNG;D:\KCDA\2025\020\G031.png;D:\KCDA\2025\020\G032.png;Penduduk Kecamatan Cimanggu berjumlah 43.893 jiwa, dengan kepadatan penduduk 231 jiwa per km². Besarnya rasio jenis kelamin adalah 104, dengan demikian, dapat diketahui untuk setiap 100 populasi laki-laki terdapat dari 96 orang perempuan.;Desa yang memiliki populasi terbesar adalah Ciburial, dengan penduduk mencapai 6.419 jiwa, atau 14,62 persen dari total penduduk Kecamatan Cimanggu. Lebih lanjut, daerah terpadat berasal dari Ciburial, dengan tingkat kepadatan penduduk 529 jiwa per km². ;Selanjutnya, rasio jenis kelamin tertinggi adalah Cijaralang, yaitu sebesar 108, sebaliknya terendah berasal dari Padasuka, dengan besaran hanya 99.;Berdasarkan kelompok umur, persentase penduduk tertinggi berasal dari kelompok umur 5 - 9 tahun, yaitu 9,26 persen, adapun terendah dengan proporsi hanya 1,80 persen terjadi pada kelompok umur 75 tahun ke atas. Masih menurut kelompok umur, rasio jenis kelamin tertinggi, yaitu mencapai 128 terjadi pada kelompok umur 75 tahun ke atas, sebaliknya terendah berasal dari kelompok umur 60 - 64 tahun, dengan rasio sebesar 94;Indikator kependudukan penting yang juga perlu disampaikan adalah rasio ketergantungan untuk Kecamatan Cimanggu, yaitu sebesar 45,0 persen. Besaran ini menginformasikan bahwa setiap 1.000 penduduk kelompok umur produktif harus menanggung 450 penduduk dengan kategori tidak produktif;The population of Cimanggu District is 43,893 people, with a population density of 231 people per km². The sex ratio is 104, which means that for every 100 male population, there are 96 females.;The village with the largest population is Ciburial, with 6,419 people, or 14.62 percent of the total population of Cimanggu District. Furthermore, the most populous area is Ciburial, with a population density of 529 people per km². ;Hereafter, the highest sex ratio was Cijaralang, which is 108, while the lowest came from Padasuka, with a magnitude of just 99.;Based on age groups, the highest percentage of the population comes from the age group 5 - 9 years, which is 9.26 percent. The lowest proportion, with only 1.80 percent, is found in the age group 75 years and older. Continuing with age groups, the highest gender ratio, reaching 128, occurs within the 75 years and older age group. Conversely, the lowest ratio originates from the 60 - 64 years age group, with a ratio of 94;An important population indicator that also needs to be mentioned is the dependency ratio for Cimanggu District, which is 45.0 percent. This tells us that every 1,000 people in the productive age group have to support 450 people in the unproductive category.;2.313;1.663;2.076;940;1.810;1.384;2.191;3.365;1.703;1.870;1.604;2.118;;;;23.037;2.196;1.611;1.918;922;1.698;1.355;2.196;3.301;1.712;1.711;1.581;1.985;;;;22.186;4.509;3.274;3.994;1.862;3.508;2.739;4.387;6.666;3.415;3.581;3.185;4.103;;;;45.223;9,97;7,24;8,83;4,12;7,76;6,06;9,7;14,74;7,55;7,92;7,04;9,07;;;;100;291;216;236;122;193;211;285;550;273;99;261;513;;;;238;105,3;103,2;108,2;102;106,6;102,1;99,8;101,9;99,5;109,3;101,5;106,7;;;;103,8;1.568;2.052;2.011;1.440;1.730;1.842;1.818;1.664;1.811;1.765;1.470;1.207;930;718;474;537;23.037;1.357;2.052;1.935;1.535;1.627;1.673;1.753;1.671;1.919;1.717;1.354;1.073;1.002;650;427;441;22.186;2.925;4.104;3.946;2.975;3.357;3.515;3.571;3.335;3.730;3.482;2.824;2.280;1.932;1.368;901;978;45.223;6,47;9,08;8,73;6,58;7,42;7,77;7,9;7,37;8,25;7,7;6,24;5,04;4,27;3,03;1,99;2,16;100;115,5;100;103,9;93,8;106,3;110,1;103,7;99,6;94,4;102,8;108,6;112,5;92,8;110,5;111;121,8;103,8
30;Cibaliung;9;Desa;Village;Sukajadi;Sudimanik;Sorongan;Curug;Cihanjuang;Cibingbin;Cibaliung;Mendung;Mahendra;;;;;;;CIBALIUNG;D:\KCDA\2025\030\Bab3.PNG;D:\KCDA\2025\030\G031.png;D:\KCDA\2025\030\G032.png;Penduduk Kecamatan Cibaliung berjumlah 34.381 jiwa, dengan kepadatan penduduk 168 jiwa per km². Besarnya rasio jenis kelamin adalah 107, dengan demikian, dapat diketahui untuk setiap 100 populasi laki-laki terdapat dari 93 orang perempuan.;Desa yang memiliki populasi terbesar adalah Sukajadi, dengan penduduk mencapai 8.032 jiwa, atau 23,36 persen dari total penduduk Kecamatan Cibaliung. Lebih lanjut, daerah terpadat berasal dari Sukajadi, dengan tingkat kepadatan penduduk 386 jiwa per km². ;Selanjutnya, rasio jenis kelamin tertinggi adalah Sorongan, yaitu sebesar 116, sebaliknya terendah berasal dari Mendung, dengan besaran hanya 100.;Berdasarkan kelompok umur, persentase penduduk tertinggi berasal dari kelompok umur 5 - 9 tahun, yaitu 10,48 persen, adapun terendah dengan proporsi hanya 1,41 persen terjadi pada kelompok umur 70 - 74 tahun. Masih menurut kelompok umur, rasio jenis kelamin tertinggi, yaitu mencapai 131 terjadi pada kelompok umur 70 - 74 tahun, sebaliknya terendah berasal dari kelompok umur 55 - 59 tahun, dengan rasio sebesar 97;Indikator kependudukan penting yang juga perlu disampaikan adalah rasio ketergantungan untuk Kecamatan Cibaliung, yaitu sebesar 48,7 persen. Besaran ini menginformasikan bahwa setiap 1.000 penduduk kelompok umur produktif harus menanggung 487 penduduk dengan kategori tidak produktif;The population of Cibaliung District is 34,381 people, with a population density of 168 people per km². The sex ratio is 107, which means that for every 100 male population, there are 93 females.;The village with the largest population is Sukajadi, with 8,032 people, or 23.36 percent of the total population of Cibaliung District. Furthermore, the most populous area is Sukajadi, with a population density of 386 people per km². ;Hereafter, the highest sex ratio was Sorongan, which is 116, while the lowest came from Mendung, with a magnitude of just 100.;Based on age groups, the highest percentage of the population comes from the age group 5 - 9 years, which is 10.48 percent. The lowest proportion, with only 1.41 percent, is found in the age group 70 - 74 years. Continuing with age groups, the highest gender ratio, reaching 131, occurs within the 70 - 74 years age group. Conversely, the lowest ratio originates from the 55 - 59 years age group, with a ratio of 97;An important population indicator that also needs to be mentioned is the dependency ratio for Cibaliung District, which is 48.7 percent. This tells us that every 1,000 people in the productive age group have to support 487 people in the unproductive category.;4.277;1.393;1.543;1.049;2.215;1.881;2.535;1.918;1.834;;;;;;;18.645;4.116;1.257;1.330;932;2.036;1.709;2.403;1.906;1.731;;;;;;;17.420;8.393;2.650;2.873;1.981;4.251;3.590;4.938;3.824;3.565;;;;;;;36.065;23,27;7,35;7,97;5,49;11,79;9,95;13,69;10,6;9,88;;;;;;;100;403;210;130;115;135;107;182;173;197;;;;;;;176;103,9;110,8;116;112,6;108,8;110,1;105,5;100,6;106;;;;;;;107;1.498;1.898;1.770;1.300;1.507;1.795;1.490;1.379;1.255;1.122;974;863;670;493;282;349;18.645;1.302;1.809;1.691;1.267;1.458;1.545;1.339;1.390;1.322;1.054;915;832;578;399;222;297;17420;2.800;3.707;3.461;2.567;2.965;3.340;2.829;2.769;2.577;2.176;1.889;1.695;1.248;892;504;646;36.065;7,76;10,28;9,6;7,12;8,22;9,26;7,84;7,68;7,15;6,03;5,24;4,7;3,46;2,47;1,4;1,79;100;115,1;104,9;104,7;102,6;103,4;116,2;111,3;99,2;94,9;106,5;106,4;103,7;115,9;123,6;127;117,5;107
31;Cibitung;10;Desa;Village;Citeluk;Sindangkerta;Kiarajangkung;Kutakarang;Cikiruh;Malangnengah;Cikadu;Manglid;Kiarapayung;Cikalong;;;;;;CIBITUNG;D:\KCDA\2025\031\Bab3.PNG;D:\KCDA\2025\031\G031.png;D:\KCDA\2025\031\G032.png;Penduduk Kecamatan Cibitung berjumlah 24.834 jiwa, dengan kepadatan penduduk 138 jiwa per km². Besarnya rasio jenis kelamin adalah 106, dengan demikian, dapat diketahui untuk setiap 100 populasi laki-laki terdapat dari 94 orang perempuan.;Desa yang memiliki populasi terbesar adalah Cikadu, dengan penduduk mencapai 4.030 jiwa, atau 16,23 persen dari total penduduk Kecamatan Cibitung. Lebih lanjut, daerah terpadat berasal dari Cikadu, dengan tingkat kepadatan penduduk 306 jiwa per km². ;Selanjutnya, rasio jenis kelamin tertinggi adalah Malangnengah, yaitu sebesar 115, sebaliknya terendah berasal dari Kiarapayung, dengan besaran hanya 98.;Berdasarkan kelompok umur, persentase penduduk tertinggi berasal dari kelompok umur 5 - 9 tahun, yaitu 9,71 persen, adapun terendah dengan proporsi hanya 1,81 persen terjadi pada kelompok umur 70 - 74 tahun. Masih menurut kelompok umur, rasio jenis kelamin tertinggi, yaitu mencapai 122 terjadi pada kelompok umur 60 - 64 tahun, sebaliknya terendah berasal dari kelompok umur 45 - 49 tahun, dengan rasio sebesar 99;Indikator kependudukan penting yang juga perlu disampaikan adalah rasio ketergantungan untuk Kecamatan Cibitung, yaitu sebesar 48,4 persen. Besaran ini menginformasikan bahwa setiap 1.000 penduduk kelompok umur produktif harus menanggung 484 penduduk dengan kategori tidak produktif;The population of Cibitung District is 24,834 people, with a population density of 138 people per km². The sex ratio is 106, which means that for every 100 male population, there are 94 females.;The village with the largest population is Cikadu, with 4,030 people, or 16.23 percent of the total population of Cibitung District. Furthermore, the most populous area is Cikadu, with a population density of 306 people per km². ;Hereafter, the highest sex ratio was Malangnengah, which is 115, while the lowest came from Kiarapayung, with a magnitude of just 98.;Based on age groups, the highest percentage of the population comes from the age group 5 - 9 years, which is 9.71 percent. The lowest proportion, with only 1.81 percent, is found in the age group 70 - 74 years. Continuing with age groups, the highest gender ratio, reaching 122, occurs within the 60 - 64 years age group. Conversely, the lowest ratio originates from the 45 - 49 years age group, with a ratio of 99;An important population indicator that also needs to be mentioned is the dependency ratio for Cibitung District, which is 48.4 percent. This tells us that every 1,000 people in the productive age group have to support 484 people in the unproductive category.;1.165;791;910;1.692;1.273;1.098;2.161;1.886;1.239;1028;;;;;;13.243;1.105;762;912;1.551;1.126;935;1.980;1.772;1.222;991;;;;;;12.356;2.270;1.553;1.822;3.243;2.399;2.033;4.141;3.658;2.461;2.019;;;;;;25.599;8,87;6,07;7,12;12,67;9,37;7,94;16,18;14,29;9,61;7,89;;;;;;100;109;78;145;150;86;148;314;194;155;126;;;;;;142;105,4;103,8;99,8;109,1;113,1;117,4;109,1;106,4;101,4;103,7;;;;;;107,2;896;1.274;1.208;879;1.112;1.209;1.032;1.040;924;838;667;606;572;402;253;331;13.243;895;1.180;1150;852;1025;1014;935;986;892;817;678;582;489;371;206;284;12356;1.791;2.454;2.358;1.731;2.137;2.223;1.967;2.026;1.816;1.655;1.345;1.188;1.061;773;459;615;25.599;7;9,59;9,21;6,76;8,35;8,68;7,68;7,91;7,09;6,47;5,25;4,64;4,14;3,02;1,79;2,4;100;100,1;108;105;103,2;108,5;119,2;110,4;105,5;103,6;102,6;98,4;104,1;117;108,4;122,8;116,5;107,2
40;Cikeusik;14;Desa;Village;Tanjungan;Cikiruhwetan;Sukawaris;Sumurbatu;Umbulan;Sukamulya;Parungkokosan;Nanggala;Rancaseneng;Sukaseneng;Cikeusik;Leuwibalang;Curugciung;Cikadongdong;;CIKEUSIK;D:\KCDA\2025\040\Bab3.PNG;D:\KCDA\2025\040\G031.png;D:\KCDA\2025\040\G032.png;Penduduk Kecamatan Cikeusik berjumlah 61.462 jiwa, dengan kepadatan penduduk 190 jiwa per km². Besarnya rasio jenis kelamin adalah 105, dengan demikian, dapat diketahui untuk setiap 100 populasi laki-laki terdapat dari 95 orang perempuan.;Desa yang memiliki populasi terbesar adalah Cikiruhwetan, dengan penduduk mencapai 7.849 jiwa, atau 12,77 persen dari total penduduk Kecamatan Cikeusik. Lebih lanjut, daerah terpadat berasal dari Cikiruhwetan, dengan tingkat kepadatan penduduk 785 jiwa per km². ;Selanjutnya, rasio jenis kelamin tertinggi adalah Leuwibalang, yaitu sebesar 119, sebaliknya terendah berasal dari Rancaseneng, dengan besaran hanya 100.;Berdasarkan kelompok umur, persentase penduduk tertinggi berasal dari kelompok umur 10 - 14 tahun, yaitu 9,70 persen, adapun terendah dengan proporsi hanya 1,64 persen terjadi pada kelompok umur 70 - 74 tahun. Masih menurut kelompok umur, rasio jenis kelamin tertinggi, yaitu mencapai 119 terjadi pada kelompok umur 65 - 69 tahun, sebaliknya terendah berasal dari kelompok umur 45 - 49 tahun, dengan rasio sebesar 95;Indikator kependudukan penting yang juga perlu disampaikan adalah rasio ketergantungan untuk Kecamatan Cikeusik, yaitu sebesar 46,9 persen. Besaran ini menginformasikan bahwa setiap 1.000 penduduk kelompok umur produktif harus menanggung 469 penduduk dengan kategori tidak produktif;The population of Cikeusik District is 61,462 people, with a population density of 190 people per km². The sex ratio is 105, which means that for every 100 male population, there are 95 females.;The village with the largest population is Cikiruhwetan, with 7,849 people, or 12.77 percent of the total population of Cikeusik District. Furthermore, the most populous area is Cikiruhwetan, with a population density of 785 people per km². ;Hereafter, the highest sex ratio was Leuwibalang, which is 119, while the lowest came from Rancaseneng, with a magnitude of just 100.;Based on age groups, the highest percentage of the population comes from the age group 10 - 14 years, which is 9.70 percent. The lowest proportion, with only 1.64 percent, is found in the age group 70 - 74 years. Continuing with age groups, the highest gender ratio, reaching 119, occurs within the 65 - 69 years age group. Conversely, the lowest ratio originates from the 45 - 49 years age group, with a ratio of 95;An important population indicator that also needs to be mentioned is the dependency ratio for Cikeusik District, which is 46.9 percent. This tells us that every 1,000 people in the productive age group have to support 469 people in the unproductive category.;3.851;4.134;2.156;2.753;2.126;1.964;1.479;2.983;1.618;2.090;3.020;903;1.658;1.642;;32.377;3.620;3.967;2.073;2.655;2.105;1.902;1.398;2.854;1.654;1.979;2.996;753;1.471;1.487;;30.914;7.471;8.101;4.229;5.408;4.231;3.866;2.877;5.837;3.272;4.069;6.016;1.656;3.129;3.129;;63.291;11,8;12,8;6,68;8,54;6,68;6,11;4,55;9,22;5,17;6,43;9,51;2,62;4,94;4,94;;100;166;810;423;541;423;172;105;243;687;170;201;47;89;89;;196;106,4;104,2;104;103,7;101;103,3;105,8;104,5;97,8;105,6;100,8;119,9;112,7;110,4;;104,7;2.175;3.072;3.049;2.330;2.607;2.710;2.535;2.385;2.420;2.226;1.934;1.500;1.294;879;551;710;32.377;2.098;2.905;2.862;2.242;2.466;2.476;2.285;2.308;2.538;2.414;1.802;1.497;1.139;781;472;629;30.914;4.273;5.977;5.911;4.572;5.073;5.186;4.820;4.693;4.958;4.640;3.736;2.997;2.433;1.660;1.023;1.339;63.291;6,75;9,44;9,34;7,22;8,02;8,19;7,62;7,41;7,83;7,33;5,9;4,74;3,84;2,62;1,62;2,12;100;103,7;105,7;106,5;103,9;105,7;109,5;110,9;103,3;95,4;92,2;107,3;100,2;113,6;112,5;116,7;112,9;104,7
50;Cigeulis;9;Desa;Village;Banyuasih;Karangbolong;Karyabuana;Katumbiri;Waringinjaya;Sinarjaya;Ciseureuheun;Cigeulis;Tarumanagara;;;;;;;CIGEULIS;D:\KCDA\2025\050\Bab3.PNG;D:\KCDA\2025\050\G031.png;D:\KCDA\2025\050\G032.png;Penduduk Kecamatan Cigeulis berjumlah 41.798 jiwa, dengan kepadatan penduduk 243 jiwa per km². Besarnya rasio jenis kelamin adalah 108, dengan demikian, dapat diketahui untuk setiap 100 populasi laki-laki terdapat dari 93 orang perempuan.;Desa yang memiliki populasi terbesar adalah Waringinjaya, dengan penduduk mencapai 6.408 jiwa, atau 15,33 persen dari total penduduk Kecamatan Cigeulis. Lebih lanjut, daerah terpadat berasal dari Karyabuana, dengan tingkat kepadatan penduduk 470 jiwa per km². ;Selanjutnya, rasio jenis kelamin tertinggi adalah Ciseureuheun, yaitu sebesar 112, sebaliknya terendah berasal dari Katumbiri, dengan besaran hanya 101.;Berdasarkan kelompok umur, persentase penduduk tertinggi berasal dari kelompok umur 5 - 9 tahun, yaitu 9,93 persen, adapun terendah dengan proporsi hanya 1,72 persen terjadi pada kelompok umur 70 - 74 tahun. Masih menurut kelompok umur, rasio jenis kelamin tertinggi, yaitu mencapai 125 terjadi pada kelompok umur 65 - 69 tahun, sebaliknya terendah berasal dari kelompok umur 40 - 44 tahun, dengan rasio sebesar 96;Indikator kependudukan penting yang juga perlu disampaikan adalah rasio ketergantungan untuk Kecamatan Cigeulis, yaitu sebesar 48,7 persen. Besaran ini menginformasikan bahwa setiap 1.000 penduduk kelompok umur produktif harus menanggung 487 penduduk dengan kategori tidak produktif;The population of Cigeulis District is 41,798 people, with a population density of 243 people per km². The sex ratio is 108, which means that for every 100 male population, there are 93 females.;The village with the largest population is Waringinjaya, with 6,408 people, or 15.33 percent of the total population of Cigeulis District. Furthermore, the most populous area is Karyabuana, with a population density of 470 people per km². ;Hereafter, the highest sex ratio was Ciseureuheun, which is 112, while the lowest came from Katumbiri, with a magnitude of just 101.;Based on age groups, the highest percentage of the population comes from the age group 5 - 9 years, which is 9.93 percent. The lowest proportion, with only 1.72 percent, is found in the age group 70 - 74 years. Continuing with age groups, the highest gender ratio, reaching 125, occurs within the 65 - 69 years age group. Conversely, the lowest ratio originates from the 40 - 44 years age group, with a ratio of 96;An important population indicator that also needs to be mentioned is the dependency ratio for Cigeulis District, which is 48.7 percent. This tells us that every 1,000 people in the productive age group have to support 487 people in the unproductive category.;2.607;2.373;3.123;1.714;3.486;2.160;2.736;2.028;2.103;;;;;;;22.330;2.408;2.214;2.988;1.723;3.190;1.990;2.436;1.883;2.019;;;;;;;20.851;5.015;4.587;6.111;3.437;6.676;4.150;5.172;3.911;4.122;;;;;;;43.181;11,61;10,62;14,15;7,96;15,46;9,61;11,98;9,06;9,55;;;;;;;100;195;131;485;275;248;344;256;294;296;;;;;;;251;108,3;107,2;104,5;99,5;109,3;108,5;112,3;107,7;104,2;;;;;;;107,1;1.526;2.222;2.096;1.584;1.749;1.911;1.771;1.646;1.663;1.417;1.255;1.115;823;666;370;516;22.330;1.451;2.039;1.963;1.518;1.685;1.659;1.550;1.535;1.678;1.417;1.262;949;766;560;342;477;20.851;2.977;4.261;4.059;3.102;3.434;3.570;3.321;3.181;3.341;2.834;2.517;2.064;1.589;1.226;712;993;43.181;6,89;9,87;9,4;7,18;7,95;8,27;7,69;7,37;7,74;6,56;5,83;4,78;3,68;2,84;1,65;2,3;100;105,2;109;106,8;104,3;103,8;115,2;114,3;107,2;99,1;100;99,4;117,5;107,4;118,9;108,2;108,2;107,1
60;Panimbang;6;Desa;Village;Mekarjaya;Gombong;Panimbangjaya;Mekarsari;Citeureup;Tanjungjaya;;;;;;;;;;PANIMBANG;D:\KCDA\2025\060\Bab3.PNG;D:\KCDA\2025\060\G031.png;D:\KCDA\2025\060\G032.png;Penduduk Kecamatan Panimbang berjumlah 60.486 jiwa, dengan kepadatan penduduk 618 jiwa per km². Besarnya rasio jenis kelamin adalah 105, dengan demikian, dapat diketahui untuk setiap 100 populasi laki-laki terdapat dari 95 orang perempuan.;Desa yang memiliki populasi terbesar adalah Panimbangjaya, dengan penduduk mencapai 17.846 jiwa, atau 29,5 persen dari total penduduk Kecamatan Panimbang. Lebih lanjut, daerah terpadat berasal dari Panimbangjaya, dengan tingkat kepadatan penduduk 1.684 jiwa per km². ;Selanjutnya, rasio jenis kelamin tertinggi adalah Tanjungjaya, yaitu sebesar 111, sebaliknya terendah berasal dari Mekarsari, dengan besaran hanya 103.;Berdasarkan kelompok umur, persentase penduduk tertinggi berasal dari kelompok umur 10 - 14 tahun, yaitu 9,95 persen, adapun terendah dengan proporsi hanya 1,67 persen terjadi pada kelompok umur 70 - 74 tahun. Masih menurut kelompok umur, rasio jenis kelamin tertinggi, yaitu mencapai 112 terjadi pada kelompok umur 70 - 74 tahun, sebaliknya terendah berasal dari kelompok umur 45 - 49 tahun, dengan rasio sebesar 96;Indikator kependudukan penting yang juga perlu disampaikan adalah rasio ketergantungan untuk Kecamatan Panimbang, yaitu sebesar 49,3 persen. Besaran ini menginformasikan bahwa setiap 1.000 penduduk kelompok umur produktif harus menanggung 493 penduduk dengan kategori tidak produktif;The population of Panimbang District is 60,486 people, with a population density of 618 people per km². The sex ratio is 105, which means that for every 100 male population, there are 95 females.;The village with the largest population is Panimbangjaya, with 17,846 people, or 29.5 percent of the total population of Panimbang District. Furthermore, the most populous area is Panimbangjaya, with a population density of 1,684 people per km². ;Hereafter, the highest sex ratio was Tanjungjaya, which is 111, while the lowest came from Mekarsari, with a magnitude of just 103.;Based on age groups, the highest percentage of the population comes from the age group 10 - 14 years, which is 9.95 percent. The lowest proportion, with only 1.67 percent, is found in the age group 70 - 74 years. Continuing with age groups, the highest gender ratio, reaching 112, occurs within the 70 - 74 years age group. Conversely, the lowest ratio originates from the 45 - 49 years age group, with a ratio of 96;An important population indicator that also needs to be mentioned is the dependency ratio for Panimbang District, which is 49.3 percent. This tells us that every 1,000 people in the productive age group have to support 493 people in the unproductive category.;3.136;2.254;9.403;7.491;5.114;4.493;;;;;;;;;;31.891;2.958;2.120;9.013;7.278;4.922;4.080;;;;;;;;;;30.371;6.094;4.374;18.416;14.769;10.036;8.573;;;;;;;;;;62.262;9,79;7,03;29,58;23,72;16,12;13,77;;;;;;;;;;100;762;717;1.737;448;587;371;;;;;;;;;;636;106;106,3;104,3;102,9;103,9;110,1;;;;;;;;;;105;2.308;3.090;3.141;2.441;2.549;2.679;2.665;2.297;2.310;2.007;1.803;1.439;1.162;796;569;635;31.891;2.143;2.946;2.837;2.313;2.490;2.425;2.397;2.176;2.432;2.063;1.752;1.410;1.036;812;496;643;30.371;4.451;6.036;5.978;4.754;5.039;5.104;5.062;4.473;4.742;4.070;3.555;2.849;2.198;1.608;1.065;1.278;62.262;7,15;9,69;9,6;7,64;8,09;8,2;8,13;7,18;7,62;6,54;5,71;4,58;3,53;2,58;1,71;2,05;100;107,7;104,9;110,7;105,5;102,4;110,5;111,2;105,6;95;97,3;102,9;102,1;112,2;98;114,7;98,8;105
61;Sobang;8;Desa;Village;Cimanis;Pangkalan;Sobang;Kutamekar;Bojen;Kertaraharja;Teluklada;Bojenwetan;;;;;;;;SOBANG;D:\KCDA\2025\061\Bab3.PNG;D:\KCDA\2025\061\G031.png;D:\KCDA\2025\061\G032.png;Penduduk Kecamatan Sobang berjumlah 41.947 jiwa, dengan kepadatan penduduk 224 jiwa per km². Besarnya rasio jenis kelamin adalah 101, dengan demikian, dapat diketahui untuk setiap 100 populasi laki-laki terdapat dari 99 orang perempuan.;Desa yang memiliki populasi terbesar adalah Pangkalan, dengan penduduk mencapai 7.518 jiwa, atau 17,92 persen dari total penduduk Kecamatan Sobang. Lebih lanjut, daerah terpadat berasal dari Pangkalan, dengan tingkat kepadatan penduduk 1.477 jiwa per km². ;Selanjutnya, rasio jenis kelamin tertinggi adalah Cimanis, yaitu sebesar 106, sebaliknya terendah berasal dari Teluklada, dengan besaran hanya 96.;Berdasarkan kelompok umur, persentase penduduk tertinggi berasal dari kelompok umur 5 - 9 tahun, yaitu 8,69 persen, adapun terendah dengan proporsi hanya 2,30 persen terjadi pada kelompok umur 70 - 74 tahun. Masih menurut kelompok umur, rasio jenis kelamin tertinggi, yaitu mencapai 109 terjadi pada kelompok umur 5 - 9 tahun, sebaliknya terendah berasal dari kelompok umur 45 - 49 tahun, dengan rasio sebesar 86;Indikator kependudukan penting yang juga perlu disampaikan adalah rasio ketergantungan untuk Kecamatan Sobang, yaitu sebesar 47,6 persen. Besaran ini menginformasikan bahwa setiap 1.000 penduduk kelompok umur produktif harus menanggung 476 penduduk dengan kategori tidak produktif;The population of Sobang District is 41,947 people, with a population density of 224 people per km². The sex ratio is 101, which means that for every 100 male population, there are 99 females.;The village with the largest population is Pangkalan, with 7,518 people, or 17.92 percent of the total population of Sobang District. Furthermore, the most populous area is Pangkalan, with a population density of 1,477 people per km². ;Hereafter, the highest sex ratio was Cimanis, which is 106, while the lowest came from Teluklada, with a magnitude of just 96.;Based on age groups, the highest percentage of the population comes from the age group 5 - 9 years, which is 8.69 percent. The lowest proportion, with only 2.30 percent, is found in the age group 70 - 74 years. Continuing with age groups, the highest gender ratio, reaching 109, occurs within the 5 - 9 years age group. Conversely, the lowest ratio originates from the 45 - 49 years age group, with a ratio of 86;An important population indicator that also needs to be mentioned is the dependency ratio for Sobang District, which is 47.6 percent. This tells us that every 1,000 people in the productive age group have to support 476 people in the unproductive category.;3.535;3.821;2.991;2.636;2.562;1.771;2.272;1.885;;;;;;;;21.473;3.321;3.904;3.044;2.528;2.602;1.695;2.352;1.867;;;;;;;;21.313;6.856;7.725;6.035;5.164;5.164;3.466;4.624;3.752;;;;;;;;42.786;16,02;18,05;14,11;12,07;12,07;8,1;10,81;8,77;;;;;;;;100;293;1.518;1.365;41;821;351;600;726;;;;;;;;228;106,4;97,9;98,3;104,3;98,5;104,5;96,6;101;;;;;;;;100,8;1.345;1.893;1.925;1.444;1.542;1.599;1.690;1.482;1.567;1.481;1.457;1.121;999;693;493;742;21.473;1.323;1.791;1.710;1.499;1.522;1.485;1.579;1.429;1.791;1.667;1.478;1.162;952;706;489;730;21.313;2.668;3.684;3.635;2.943;3.064;3.084;3.269;2.911;3.358;3.148;2.935;2.283;1.951;1.399;982;1.472;42.786;6,24;8,61;8,5;6,88;7,16;7,21;7,64;6,8;7,85;7,36;6,86;5,34;4,56;3,27;2,3;3,44;100;101,7;105,7;112,6;96,3;101,3;107,7;107;103,7;87,5;88,8;98,6;96,5;104,9;98,2;100,8;101,6;100,8
70;Munjul;9;Desa;Village;Lebak;Gunungbatu;Panacaran;Curuglanglang;Munjul;Cibitung;Kotadukuh;Pasanggrahan;Sukasaba;;;;;;;MUNJUL;D:\KCDA\2025\070\Bab3.PNG;D:\KCDA\2025\070\G031.png;D:\KCDA\2025\070\G032.png;Penduduk Kecamatan Munjul berjumlah 28.386 jiwa, dengan kepadatan penduduk 346 jiwa per km². Besarnya rasio jenis kelamin adalah 104, dengan demikian, dapat diketahui untuk setiap 100 populasi laki-laki terdapat dari 96 orang perempuan.;Desa yang memiliki populasi terbesar adalah Sukasaba, dengan penduduk mencapai 4.909 jiwa, atau 17,29 persen dari total penduduk Kecamatan Munjul. Lebih lanjut, daerah terpadat berasal dari Pasanggrahan, dengan tingkat kepadatan penduduk 497 jiwa per km². ;Selanjutnya, rasio jenis kelamin tertinggi adalah Panacaran, yaitu sebesar 110, sebaliknya terendah berasal dari Pasanggrahan, dengan besaran hanya 99.;Berdasarkan kelompok umur, persentase penduduk tertinggi berasal dari kelompok umur 5 - 9 tahun, yaitu 9,30 persen, adapun terendah dengan proporsi hanya 1,86 persen terjadi pada kelompok umur 70 - 74 tahun. Masih menurut kelompok umur, rasio jenis kelamin tertinggi, yaitu mencapai 118 terjadi pada kelompok umur 30 - 34 tahun, sebaliknya terendah berasal dari kelompok umur 75 tahun ke atas, dengan rasio sebesar 83;Indikator kependudukan penting yang juga perlu disampaikan adalah rasio ketergantungan untuk Kecamatan Munjul, yaitu sebesar 48,1 persen. Besaran ini menginformasikan bahwa setiap 1.000 penduduk kelompok umur produktif harus menanggung 481 penduduk dengan kategori tidak produktif;The population of Munjul District is 28,386 people, with a population density of 346 people per km². The sex ratio is 104, which means that for every 100 male population, there are 96 females.;The village with the largest population is Sukasaba, with 4,909 people, or 17.29 percent of the total population of Munjul District. Furthermore, the most populous area is Pasanggrahan, with a population density of 497 people per km². ;Hereafter, the highest sex ratio was Panacaran, which is 110, while the lowest came from Pasanggrahan, with a magnitude of just 99.;Based on age groups, the highest percentage of the population comes from the age group 5 - 9 years, which is 9.30 percent. The lowest proportion, with only 1.86 percent, is found in the age group 70 - 74 years. Continuing with age groups, the highest gender ratio, reaching 118, occurs within the 30 - 34 years age group. Conversely, the lowest ratio originates from the 75 years and older age group, with a ratio of 83;An important population indicator that also needs to be mentioned is the dependency ratio for Munjul District, which is 48.1 percent. This tells us that every 1,000 people in the productive age group have to support 481 people in the unproductive category.;1.436;2.224;1.923;1.348;1.546;1.461;1.121;1.411;2.625;;;;;;;15.095;1.341;2.050;1.741;1.263;1.554;1.434;1.085;1.442;2.457;;;;;;;14.367;2.777;4.274;3.664;2.611;3.100;2.895;2.206;2.853;5.082;;;;;;;29.462;9,43;14,51;12,44;8,86;10,52;9,83;7,49;9,68;17,25;;;;;;;100;281;314;295;290;452;374;344;506;487;;;;;;;359;107,1;108,5;110,5;106,7;99,5;101,9;103,3;97,9;106,8;;;;;;;105,1;1.074;1.410;1.339;1.067;1.115;1.268;1.303;1.133;1.094;959;920;640;663;469;298;343;15.095;1.007;1.316;1.203;1.041;1.125;1.130;1.084;1.066;1.095;1.024;839;684;664;401;281;407;14367;2.081;2.726;2.542;2.108;2.240;2.398;2.387;2.199;2.189;1.983;1.759;1.324;1.327;870;579;750;29.462;7,06;9,25;8,63;7,15;7,6;8,14;8,1;7,46;7,43;6,73;5,97;4,49;4,5;2,95;1,97;2,55;100;106,7;107,1;111,3;102,5;99,1;112,2;120,2;106,3;99,9;93,7;109,7;93,6;99,8;117;106;84,3;105,1
71;Angsana;9;Desa;Village;Cipinang;Kadubadak;Cikayas;Sumurlaban;Padamulya;Padaherang;Karangsari;Angsana;Kramatmanik;;;;;;;ANGSANA;D:\KCDA\2025\071\Bab3.PNG;D:\KCDA\2025\071\G031.png;D:\KCDA\2025\071\G032.png;Penduduk Kecamatan Angsana berjumlah 32.025 jiwa, dengan kepadatan penduduk 490 jiwa per km². Besarnya rasio jenis kelamin adalah 105, dengan demikian, dapat diketahui untuk setiap 100 populasi laki-laki terdapat dari 95 orang perempuan.;Desa yang memiliki populasi terbesar adalah Angsana, dengan penduduk mencapai 5.054 jiwa, atau 15,78 persen dari total penduduk Kecamatan Angsana. Lebih lanjut, daerah terpadat berasal dari Angsana, dengan tingkat kepadatan penduduk 776 jiwa per km². ;Selanjutnya, rasio jenis kelamin tertinggi adalah Karangsari, yaitu sebesar 108, sebaliknya terendah berasal dari Padaherang, dengan besaran hanya 103.;Berdasarkan kelompok umur, persentase penduduk tertinggi berasal dari kelompok umur 5 - 9 tahun, yaitu 9,05 persen, adapun terendah dengan proporsi hanya 1,92 persen terjadi pada kelompok umur 70 - 74 tahun. Masih menurut kelompok umur, rasio jenis kelamin tertinggi, yaitu mencapai 116 terjadi pada kelompok umur 25 - 29 tahun, sebaliknya terendah berasal dari kelompok umur 40 - 44 tahun, dengan rasio sebesar 91;Indikator kependudukan penting yang juga perlu disampaikan adalah rasio ketergantungan untuk Kecamatan Angsana, yaitu sebesar 47,1 persen. Besaran ini menginformasikan bahwa setiap 1.000 penduduk kelompok umur produktif harus menanggung 471 penduduk dengan kategori tidak produktif;The population of Angsana District is 32,025 people, with a population density of 490 people per km². The sex ratio is 105, which means that for every 100 male population, there are 95 females.;The village with the largest population is Angsana, with 5,054 people, or 15.78 percent of the total population of Angsana District. Furthermore, the most populous area is Angsana, with a population density of 776 people per km². ;Hereafter, the highest sex ratio was Karangsari, which is 108, while the lowest came from Padaherang, with a magnitude of just 103.;Based on age groups, the highest percentage of the population comes from the age group 5 - 9 years, which is 9.05 percent. The lowest proportion, with only 1.92 percent, is found in the age group 70 - 74 years. Continuing with age groups, the highest gender ratio, reaching 116, occurs within the 25 - 29 years age group. Conversely, the lowest ratio originates from the 40 - 44 years age group, with a ratio of 91;An important population indicator that also needs to be mentioned is the dependency ratio for Angsana District, which is 47.1 percent. This tells us that every 1,000 people in the productive age group have to support 471 people in the unproductive category.;2.615;1.064;2.082;2.037;1.457;1.428;2.018;2.710;1.522;;;;;;;16.933;2.506;985;1.962;1.933;1.366;1.428;1.840;2.560;1.462;;;;;;;16.042;5.121;2.049;4.044;3.970;2.823;2.856;3.858;5.270;2.984;;;;;;;32.975;15,53;6,21;12,26;12,04;8,56;8,66;11,7;15,98;9,05;;;;;;;100;357;272;614;674;479;457;485;810;677;;;;;;;504;104,3;108;106,1;105,4;106,7;100;109,7;105,9;104,1;;;;;;;105,6;1.268;1.520;1.458;1.098;1.362;1.384;1.328;1.325;1.203;1.101;998;836;747;508;304;493;16.933;1.104;1.434;1.374;1.124;1.225;1.216;1.216;1.190;1.234;1.197;998;821;688;441;330;450;16042;2.372;2.954;2.832;2.222;2.587;2.600;2.544;2.515;2.437;2.298;1.996;1.657;1.435;949;634;943;32.975;7,19;8,96;8,59;6,74;7,85;7,88;7,71;7,63;7,39;6,97;6,05;5,03;4,35;2,88;1,92;2,86;100;114,9;106;106,1;97,7;111,2;113,8;109,2;111,3;97,5;92;100;101,8;108,6;115,2;92,1;109,6;105,6
72;Sindangresmi;9;Desa;Village;Pasirloa;Bojongmanik;Campakawarna;Ciodeng;Pasirtenjo;Sindangresmi;Pasirlancar;Pasirdurung;Kadumalati;;;;;;;SINDANGRESMI;D:\KCDA\2025\072\Bab3.PNG;D:\KCDA\2025\072\G031.png;D:\KCDA\2025\072\G032.png;Penduduk Kecamatan Sindangresmi berjumlah 26.430 jiwa, dengan kepadatan penduduk 396 jiwa per km². Besarnya rasio jenis kelamin adalah 104, dengan demikian, dapat diketahui untuk setiap 100 populasi laki-laki terdapat dari 96 orang perempuan.;Desa yang memiliki populasi terbesar adalah Pasirtenjo, dengan penduduk mencapai 4.055 jiwa, atau 15,34 persen dari total penduduk Kecamatan Sindangresmi. Lebih lanjut, daerah terpadat berasal dari Bojongmanik, dengan tingkat kepadatan penduduk 477 jiwa per km². ;Selanjutnya, rasio jenis kelamin tertinggi adalah Pasirdurung, yaitu sebesar 110, sebaliknya terendah berasal dari Pasirloa, dengan besaran hanya 98.;Berdasarkan kelompok umur, persentase penduduk tertinggi berasal dari kelompok umur 10 - 14 tahun, yaitu 9,11 persen, adapun terendah dengan proporsi hanya 1,77 persen terjadi pada kelompok umur 70 - 74 tahun. Masih menurut kelompok umur, rasio jenis kelamin tertinggi, yaitu mencapai 118 terjadi pada kelompok umur 65 - 69 tahun, sebaliknya terendah berasal dari kelompok umur 55 - 59 tahun, dengan rasio sebesar 87;Indikator kependudukan penting yang juga perlu disampaikan adalah rasio ketergantungan untuk Kecamatan Sindangresmi, yaitu sebesar 46,0 persen. Besaran ini menginformasikan bahwa setiap 1.000 penduduk kelompok umur produktif harus menanggung 460 penduduk dengan kategori tidak produktif;The population of Sindangresmi District is 26,430 people, with a population density of 396 people per km². The sex ratio is 104, which means that for every 100 male population, there are 96 females.;The village with the largest population is Pasirtenjo, with 4,055 people, or 15.34 percent of the total population of Sindangresmi District. Furthermore, the most populous area is Bojongmanik, with a population density of 477 people per km². ;Hereafter, the highest sex ratio was Pasirdurung, which is 110, while the lowest came from Pasirloa, with a magnitude of just 98.;Based on age groups, the highest percentage of the population comes from the age group 10 - 14 years, which is 9.11 percent. The lowest proportion, with only 1.77 percent, is found in the age group 70 - 74 years. Continuing with age groups, the highest gender ratio, reaching 118, occurs within the 65 - 69 years age group. Conversely, the lowest ratio originates from the 55 - 59 years age group, with a ratio of 87;An important population indicator that also needs to be mentioned is the dependency ratio for Sindangresmi District, which is 46.0 percent. This tells us that every 1,000 people in the productive age group have to support 460 people in the unproductive category.;1003;2.050;992;1.932;2.130;1.272;1.490;1.417;1.486;;;;;;;13.772;1.056;1.944;1.000;1.907;2.024;1.251;1.447;1.302;1.388;;;;;;;13.319;2.059;3.994;1.992;3.839;4.154;2.523;2.937;2.719;2.874;;;;;;;27.091;7,6;14,74;7,35;14,17;15,33;9,31;10,84;10,04;10,61;;;;;;;100;378;486;267;357;473;472;356;484;418;;;;;;;406;95;105,5;99,2;101,3;105,2;101,7;103;108,8;107,1;;;;;;;103,4;896;1.195;1.222;958;1.028;1.130;1.108;1.007;1.084;832;895;695;616;480;261;365;13.772;821;1.152;1.183;984;936;1026;976;1.005;1.083;909;808;796;622;395;234;389;13319;1.717;2.347;2.405;1.942;1.964;2.156;2.084;2.012;2.167;1.741;1.703;1.491;1.238;875;495;754;27.091;6,34;8,66;8,88;7,17;7,25;7,96;7,69;7,43;8;6,43;6,29;5,5;4,57;3,23;1,83;2,78;100;109,1;103,7;103,3;97,4;109,8;110,1;113,5;100,2;100,1;91,5;110,8;87,3;99;121,5;111,5;93,8;103,4
80;Picung;9;Desa;Village;Ciherang;Kolelet;Cililitan;Kadupandak;Bungurcopong;Pasirsedang;Pasirpanjang;Kadubera;Ganggaeng;;;;;;;PICUNG;D:\KCDA\2025\080\Bab3.PNG;D:\KCDA\2025\080\G031.png;D:\KCDA\2025\080\G032.png;Penduduk Kecamatan Picung berjumlah 43.477 jiwa, dengan kepadatan penduduk 908 jiwa per km². Besarnya rasio jenis kelamin adalah 106, dengan demikian, dapat diketahui untuk setiap 100 populasi laki-laki terdapat dari 94 orang perempuan.;Desa yang memiliki populasi terbesar adalah Pasirsedang, dengan penduduk mencapai 7.218 jiwa, atau 16,6 persen dari total penduduk Kecamatan Picung. Lebih lanjut, daerah terpadat berasal dari Kadubera, dengan tingkat kepadatan penduduk 1.190 jiwa per km². ;Selanjutnya, rasio jenis kelamin tertinggi adalah Ganggaeng, yaitu sebesar 112, sebaliknya terendah berasal dari Cililitan, dengan besaran hanya 100.;Berdasarkan kelompok umur, persentase penduduk tertinggi berasal dari kelompok umur 10 - 14 tahun, yaitu 10,07 persen, adapun terendah dengan proporsi hanya 1,73 persen terjadi pada kelompok umur 70 - 74 tahun. Masih menurut kelompok umur, rasio jenis kelamin tertinggi, yaitu mencapai 116 terjadi pada kelompok umur 70 - 74 tahun, sebaliknya terendah berasal dari kelompok umur 75 tahun ke atas, dengan rasio sebesar 87;Indikator kependudukan penting yang juga perlu disampaikan adalah rasio ketergantungan untuk Kecamatan Picung, yaitu sebesar 49,1 persen. Besaran ini menginformasikan bahwa setiap 1.000 penduduk kelompok umur produktif harus menanggung 491 penduduk dengan kategori tidak produktif;The population of Picung District is 43,477 people, with a population density of 908 people per km². The sex ratio is 106, which means that for every 100 male population, there are 94 females.;The village with the largest population is Pasirsedang, with 7,218 people, or 16.6 percent of the total population of Picung District. Furthermore, the most populous area is Kadubera, with a population density of 1,190 people per km². ;Hereafter, the highest sex ratio was Ganggaeng, which is 112, while the lowest came from Cililitan, with a magnitude of just 100.;Based on age groups, the highest percentage of the population comes from the age group 10 - 14 years, which is 10.07 percent. The lowest proportion, with only 1.73 percent, is found in the age group 70 - 74 years. Continuing with age groups, the highest gender ratio, reaching 116, occurs within the 70 - 74 years age group. Conversely, the lowest ratio originates from the 75 years and older age group, with a ratio of 87;An important population indicator that also needs to be mentioned is the dependency ratio for Picung District, which is 49.1 percent. This tells us that every 1,000 people in the productive age group have to support 491 people in the unproductive category.;2.539;2.627;3.078;2.455;2.227;3.841;1.532;3.354;1.432;;;;;;;23.085;2.419;2.548;3.075;2.259;2.043;3.561;1.429;3.153;1.302;;;;;;;21.789;4.958;5.175;6.153;4.714;4.270;7.402;2.961;6.507;2.734;;;;;;;44.874;11,05;11,53;13,71;10,5;9,52;16,5;6,6;14,5;6,09;;;;;;;100;968;1.209;1.009;999;943;909;519;1.244;675;;;;;;;937;105;103,1;100,1;108,7;109;107,9;107,2;106,4;110;;;;;;;105,9;1.533;2.300;2.281;1.738;1.853;2.020;1.905;1.738;1.604;1.413;1.193;1.070;899;666;431;441;23.085;1.399;2.099;2.139;1.676;1.772;1.798;1.741;1.555;1.509;1.393;1.227;1.106;863;623;358;531;21.789;2.932;4.399;4.420;3.414;3.625;3.818;3.646;3.293;3.113;2.806;2.420;2.176;1.762;1.289;789;972;44.874;6,53;9,8;9,85;7,61;8,08;8,51;8,12;7,34;6,94;6,25;5,39;4,85;3,93;2,87;1,76;2,17;100;109,6;109,6;106,6;103,7;104,6;112,3;109,4;111,8;106,3;101,4;97,2;96,7;104,2;106,9;120,4;83,1;105,9
90;Bojong;8;Desa;Village;Geredug;Mekarsari;Cijakan;Citumenggung;Cahayamekar;Bojong;Banyumas;Manggungjaya;;;;;;;;BOJONG;D:\KCDA\2025\090\Bab3.PNG;D:\KCDA\2025\090\G031.png;D:\KCDA\2025\090\G032.png;Penduduk Kecamatan Bojong berjumlah 41.259 jiwa, dengan kepadatan penduduk 1.019 jiwa per km². Besarnya rasio jenis kelamin adalah 106, dengan demikian, dapat diketahui untuk setiap 100 populasi laki-laki terdapat dari 94 orang perempuan.;Desa yang memiliki populasi terbesar adalah Bojong, dengan penduduk mencapai 9.685 jiwa, atau 23,47 persen dari total penduduk Kecamatan Bojong. Lebih lanjut, daerah terpadat berasal dari Banyumas, dengan tingkat kepadatan penduduk 1.508 jiwa per km². ;Selanjutnya, rasio jenis kelamin tertinggi adalah Mekarsari, yaitu sebesar 109, sebaliknya terendah berasal dari Cijakan, dengan besaran hanya 96.;Berdasarkan kelompok umur, persentase penduduk tertinggi berasal dari kelompok umur 10 - 14 tahun, yaitu 9,45 persen, adapun terendah dengan proporsi hanya 1,97 persen terjadi pada kelompok umur 70 - 74 tahun. Masih menurut kelompok umur, rasio jenis kelamin tertinggi, yaitu mencapai 120 terjadi pada kelompok umur 35 - 39 tahun, sebaliknya terendah berasal dari kelompok umur 55 - 59 tahun, dengan rasio sebesar 87;Indikator kependudukan penting yang juga perlu disampaikan adalah rasio ketergantungan untuk Kecamatan Bojong, yaitu sebesar 47,3 persen. Besaran ini menginformasikan bahwa setiap 1.000 penduduk kelompok umur produktif harus menanggung 473 penduduk dengan kategori tidak produktif;The population of Bojong District is 41,259 people, with a population density of 1,019 people per km². The sex ratio is 106, which means that for every 100 male population, there are 94 females.;The village with the largest population is Bojong, with 9,685 people, or 23.47 percent of the total population of Bojong District. Furthermore, the most populous area is Banyumas, with a population density of 1,508 people per km². ;Hereafter, the highest sex ratio was Mekarsari, which is 109, while the lowest came from Cijakan, with a magnitude of just 96.;Based on age groups, the highest percentage of the population comes from the age group 10 - 14 years, which is 9.45 percent. The lowest proportion, with only 1.97 percent, is found in the age group 70 - 74 years. Continuing with age groups, the highest gender ratio, reaching 120, occurs within the 35 - 39 years age group. Conversely, the lowest ratio originates from the 55 - 59 years age group, with a ratio of 87;An important population indicator that also needs to be mentioned is the dependency ratio for Bojong District, which is 47.3 percent. This tells us that every 1,000 people in the productive age group have to support 473 people in the unproductive category.;1.865;3.203;1.966;2.422;2.453;5.136;2.552;2.157;;;;;;;;21.754;1.802;2.958;2.043;2.272;2.267;4.902;2.364;1.969;;;;;;;;20.577;3.667;6.161;4.009;4.694;4.720;10.038;4.916;4.126;;;;;;;;42.331;8,66;14,55;9,47;11,09;11,15;23,71;11,61;9,75;;;;;;;;100;590;752;909;1.385;1.276;1.556;1.541;835;;;;;;;;1.045;103,5;108,3;96,2;106,6;108,2;104,8;108;109,5;;;;;;;;105,7;1.337;1.961;2.027;1.541;1.703;1.984;1.799;1.722;1.578;1.400;1.176;1.002;888;685;437;514;21.754;1.252;1.821;1.910;1.523;1.681;1.698;1.529;1.393;1.527;1.328;1.230;1.121;957;641;407;559;20577;2.589;3.782;3.937;3.064;3.384;3.682;3.328;3.115;3.105;2.728;2.406;2.123;1.845;1.326;844;1.073;42.331;6,12;8,93;9,3;7,24;7,99;8,7;7,86;7,36;7,34;6,44;5,68;5,02;4,36;3,13;1,99;2,53;100;106,8;107,7;106,1;101,2;101,3;116,8;117,7;123,6;103,3;105,4;95,6;89,4;92,8;106,9;107,4;91,9;105,7
100;Saketi;14;Desa;Village;Sukalangu;Langensari;Majau;Medalsari;Sodong;Mekarwangi;Ciandur;Saketi;Kadudampit;Girijaya;Wanagiri;Parigi;Talagasari;Sindanghayu;;SAKETI;D:\KCDA\2025\100\Bab3.PNG;D:\KCDA\2025\100\G031.png;D:\KCDA\2025\100\G032.png;Penduduk Kecamatan Saketi berjumlah 53.289 jiwa, dengan kepadatan penduduk 984 jiwa per km². Besarnya rasio jenis kelamin adalah 105, dengan demikian, dapat diketahui untuk setiap 100 populasi laki-laki terdapat dari 95 orang perempuan.;Desa yang memiliki populasi terbesar adalah Kadudampit, dengan penduduk mencapai 6.227 jiwa, atau 11,69 persen dari total penduduk Kecamatan Saketi. Lebih lanjut, daerah terpadat berasal dari Saketi, dengan tingkat kepadatan penduduk 1.838 jiwa per km². ;Selanjutnya, rasio jenis kelamin tertinggi adalah Talagasari, yaitu sebesar 108, sebaliknya terendah berasal dari Ciandur, dengan besaran hanya 100.;Berdasarkan kelompok umur, persentase penduduk tertinggi berasal dari kelompok umur 10 - 14 tahun, yaitu 9,62 persen, adapun terendah dengan proporsi hanya 1,78 persen terjadi pada kelompok umur 70 - 74 tahun. Masih menurut kelompok umur, rasio jenis kelamin tertinggi, yaitu mencapai 117 terjadi pada kelompok umur 25 - 29 tahun, sebaliknya terendah berasal dari kelompok umur 75 tahun ke atas, dengan rasio sebesar 83;Indikator kependudukan penting yang juga perlu disampaikan adalah rasio ketergantungan untuk Kecamatan Saketi, yaitu sebesar 49,8 persen. Besaran ini menginformasikan bahwa setiap 1.000 penduduk kelompok umur produktif harus menanggung 498 penduduk dengan kategori tidak produktif;The population of Saketi District is 53,289 people, with a population density of 984 people per km². The sex ratio is 105, which means that for every 100 male population, there are 95 females.;The village with the largest population is Kadudampit, with 6,227 people, or 11.69 percent of the total population of Saketi District. Furthermore, the most populous area is Saketi, with a population density of 1,838 people per km². ;Hereafter, the highest sex ratio was Talagasari, which is 108, while the lowest came from Ciandur, with a magnitude of just 100.;Based on age groups, the highest percentage of the population comes from the age group 10 - 14 years, which is 9.62 percent. The lowest proportion, with only 1.78 percent, is found in the age group 70 - 74 years. Continuing with age groups, the highest gender ratio, reaching 117, occurs within the 25 - 29 years age group. Conversely, the lowest ratio originates from the 75 years and older age group, with a ratio of 83;An important population indicator that also needs to be mentioned is the dependency ratio for Saketi District, which is 49.8 percent. This tells us that every 1,000 people in the productive age group have to support 498 people in the unproductive category.;1.922;1.590;2.302;1.635;2.555;1.646;1.565;2.634;3.273;1.433;916;2.109;1.548;2.825;;27.953;1.814;1.535;2.238;1.590;2.391;1.617;1.556;2.442;3.119;1.369;832;1.965;1.435;2.687;;26.590;3.736;3.125;4.540;3.225;4.946;3.263;3.121;5.076;6.392;2.802;1.748;4.074;2.983;5.512;;54.543;6,85;5,73;8,32;5,91;9,07;5,98;5,72;9,31;11,72;5,14;3,2;7,47;5,47;10,11;;100;1.038;682;1.211;960;1.434;678;1.173;1.866;1.718;418;1.093;970;678;1.203;;1.008;106;103,6;102,9;102,8;106,9;101,8;100,6;107,9;104,9;104,7;110,1;107,3;107,9;105,1;;105,1;1.961;2.552;2.606;2.181;2.378;2.375;2.347;2.013;2.027;1.719;1.452;1.309;1.050;828;495;660;27.953;1.859;2.458;2.514;2.099;2.359;2.030;1.957;1.819;1.881;1.646;1.508;1.298;1.108;795;478;781;26.590;3.820;5.010;5.120;4.280;4.737;4.405;4.304;3.832;3.908;3.365;2.960;2.607;2.158;1.623;973;1.441;54.543;7;9,19;9,39;7,85;8,68;8,08;7,89;7,03;7,16;6,17;5,43;4,78;3,96;2,98;1,78;2,64;100;105,5;103,8;103,7;103,9;100,8;117;119,9;110,7;107,8;104,4;96,3;100,8;94,8;104,2;103,6;84,5;105,1
101;Cisata;9;Desa;Village;Kondangjaya;Kubangkondang;Cisereh;Cibarani;Rawasari;Pasireurih;Kaduronyok;Ciherangjaya;Palembang;;;;;;;CISATA;D:\KCDA\2025\101\Bab3.PNG;D:\KCDA\2025\101\G031.png;D:\KCDA\2025\101\G032.png;Penduduk Kecamatan Cisata berjumlah 28.637 jiwa, dengan kepadatan penduduk 877 jiwa per km². Besarnya rasio jenis kelamin adalah 105, dengan demikian, dapat diketahui untuk setiap 100 populasi laki-laki terdapat dari 95 orang perempuan.;Desa yang memiliki populasi terbesar adalah Pasireurih, dengan penduduk mencapai 5.935 jiwa, atau 20,72 persen dari total penduduk Kecamatan Cisata. Lebih lanjut, daerah terpadat berasal dari Cibarani, dengan tingkat kepadatan penduduk 1.304 jiwa per km². ;Selanjutnya, rasio jenis kelamin tertinggi adalah Kaduronyok, yaitu sebesar 109, sebaliknya terendah berasal dari Kondangjaya, dengan besaran hanya 102.;Berdasarkan kelompok umur, persentase penduduk tertinggi berasal dari kelompok umur 10 - 14 tahun, yaitu 9,03 persen, adapun terendah dengan proporsi hanya 1,76 persen terjadi pada kelompok umur 70 - 74 tahun. Masih menurut kelompok umur, rasio jenis kelamin tertinggi, yaitu mencapai 118 terjadi pada kelompok umur 25 - 29 tahun, sebaliknya terendah berasal dari kelompok umur 75 tahun ke atas, dengan rasio sebesar 86;Indikator kependudukan penting yang juga perlu disampaikan adalah rasio ketergantungan untuk Kecamatan Cisata, yaitu sebesar 47,5 persen. Besaran ini menginformasikan bahwa setiap 1.000 penduduk kelompok umur produktif harus menanggung 475 penduduk dengan kategori tidak produktif;The population of Cisata District is 28,637 people, with a population density of 877 people per km². The sex ratio is 105, which means that for every 100 male population, there are 95 females.;The village with the largest population is Pasireurih, with 5,935 people, or 20.72 percent of the total population of Cisata District. Furthermore, the most populous area is Cibarani, with a population density of 1,304 people per km². ;Hereafter, the highest sex ratio was Kaduronyok, which is 109, while the lowest came from Kondangjaya, with a magnitude of just 102.;Based on age groups, the highest percentage of the population comes from the age group 10 - 14 years, which is 9.03 percent. The lowest proportion, with only 1.76 percent, is found in the age group 70 - 74 years. Continuing with age groups, the highest gender ratio, reaching 118, occurs within the 25 - 29 years age group. Conversely, the lowest ratio originates from the 75 years and older age group, with a ratio of 86;An important population indicator that also needs to be mentioned is the dependency ratio for Cisata District, which is 47.5 percent. This tells us that every 1,000 people in the productive age group have to support 475 people in the unproductive category.;1.587;2.017;1.046;2.286;1.145;3.134;1.419;1.194;1.255;;;;;;;15.083;1.538;1.969;1.004;2.182;1.058;2.981;1.341;1.090;1.138;;;;;;;14.301;3.125;3.986;2.050;4.468;2.203;6.115;2.760;2.284;2.393;;;;;;;29.384;10,64;13,57;6,98;15,21;7,5;20,81;9,39;7,77;8,14;;;;;;;100;868;870;547;1.330;639;1.271;1.038;840;643;;;;;;;900;103,2;102,4;104,2;104,8;108,2;105,1;105,8;109,5;110,3;;;;;;;105,5;1.037;1.302;1.328;1.183;1.272;1.257;1.289;1.085;1.072;906;786;760;650;499;283;374;15.083;1.005;1.246;1.228;1.134;1.187;1.061;1.134;1.035;984;914;811;762;651;440;263;446;14301;2.042;2.548;2.556;2.317;2.459;2.318;2.423;2.120;2.056;1.820;1.597;1.522;1.301;939;546;820;29.384;6,95;8,67;8,7;7,89;8,37;7,89;8,25;7,21;7;6,19;5,43;5,18;4,43;3,2;1,86;2,79;100;103,2;104,5;108,1;104,3;107,2;118,5;113,7;104,8;108,9;99,1;96,9;99,7;99,8;113,4;107,6;83,9;105,5
110;Pagelaran;13;Desa;Village;Tegalpapak;Margagiri;Bama;Pagelaran;Sukadame;Bulagor;Surakarta;Harapankarya;Montor;Kartasana;Senangsari;Sindanglaya;Margasana;;;PAGELARAN;D:\KCDA\2025\110\Bab3.PNG;D:\KCDA\2025\110\G031.png;D:\KCDA\2025\110\G032.png;Penduduk Kecamatan Pagelaran berjumlah 43.200 jiwa, dengan kepadatan penduduk 909 jiwa per km². Besarnya rasio jenis kelamin adalah 104, dengan demikian, dapat diketahui untuk setiap 100 populasi laki-laki terdapat dari 96 orang perempuan.;Desa yang memiliki populasi terbesar adalah Margagiri, dengan penduduk mencapai 5.248 jiwa, atau 12,15 persen dari total penduduk Kecamatan Pagelaran. Lebih lanjut, daerah terpadat berasal dari Margasana, dengan tingkat kepadatan penduduk 2.216 jiwa per km². ;Selanjutnya, rasio jenis kelamin tertinggi adalah Surakarta, yaitu sebesar 109, sebaliknya terendah berasal dari Sindanglaya, dengan besaran hanya 99.;Berdasarkan kelompok umur, persentase penduduk tertinggi berasal dari kelompok umur 10 - 14 tahun, yaitu 9,43 persen, adapun terendah dengan proporsi hanya 1,86 persen terjadi pada kelompok umur 70 - 74 tahun. Masih menurut kelompok umur, rasio jenis kelamin tertinggi, yaitu mencapai 116 terjadi pada kelompok umur 65 - 69 tahun, sebaliknya terendah berasal dari kelompok umur 75 tahun ke atas, dengan rasio sebesar 90;Indikator kependudukan penting yang juga perlu disampaikan adalah rasio ketergantungan untuk Kecamatan Pagelaran, yaitu sebesar 48,8 persen. Besaran ini menginformasikan bahwa setiap 1.000 penduduk kelompok umur produktif harus menanggung 488 penduduk dengan kategori tidak produktif;The population of Pagelaran District is 43,200 people, with a population density of 909 people per km². The sex ratio is 104, which means that for every 100 male population, there are 96 females.;The village with the largest population is Margagiri, with 5,248 people, or 12.15 percent of the total population of Pagelaran District. Furthermore, the most populous area is Margasana, with a population density of 2,216 people per km². ;Hereafter, the highest sex ratio was Surakarta, which is 109, while the lowest came from Sindanglaya, with a magnitude of just 99.;Based on age groups, the highest percentage of the population comes from the age group 10 - 14 years, which is 9.43 percent. The lowest proportion, with only 1.86 percent, is found in the age group 70 - 74 years. Continuing with age groups, the highest gender ratio, reaching 116, occurs within the 65 - 69 years age group. Conversely, the lowest ratio originates from the 75 years and older age group, with a ratio of 90;An important population indicator that also needs to be mentioned is the dependency ratio for Pagelaran District, which is 48.8 percent. This tells us that every 1,000 people in the productive age group have to support 488 people in the unproductive category.;1.833;2.773;1.665;2.106;1.511;1.769;1.255;999;2.353;1.158;1.583;1.461;2.155;;;22.621;1.761;2.603;1.621;2.111;1.457;1.664;1.138;955;2.230;1.126;1.502;1.472;2.076;;;21.716;3.594;5.376;3.286;4.217;2.968;3.433;2.393;1.954;4.583;2.284;3.085;2.933;4.231;;;44.337;8,11;12,13;7,41;9,51;6,69;7,74;5,4;4,41;10,34;5,15;6,96;6,62;9,54;;;100;776;1.523;883;866;609;746;532;596;902;801;1.870;1.397;2.287;;;933;104,1;106,5;102,7;99,8;103,7;106,3;110,3;104,6;105,5;102,8;105,4;99,3;103,8;;;104,2;1.591;2.047;2.075;1.671;1.864;1.895;1.878;1.687;1.626;1.408;1.264;1.079;902;670;454;510;22.621;1.478;1.996;2.083;1.672;1.661;1.664;1.684;1.557;1.582;1.441;1.358;1.102;880;592;382;584;21.716;3.069;4.043;4.158;3.343;3.525;3.559;3.562;3.244;3.208;2.849;2.622;2.181;1.782;1.262;836;1.094;44.337;6,92;9,12;9,38;7,54;7,95;8,03;8,03;7,32;7,24;6,43;5,91;4,92;4,02;2,85;1,89;2,47;100;107,6;102,6;99,6;99,9;112,2;113,9;111,5;108,3;102,8;97,7;93,1;97,9;102,5;113,2;118,8;87,3;104,2
111;Patia;10;Desa;Village;Turus;Pasirgadung;Patia;Babakankeusik;Cimoyan;Idaman;Ciawi;Surianeun;Rahayu;Simpangtiga;;;;;;PATIA;D:\KCDA\2025\111\Bab3.PNG;D:\KCDA\2025\111\G031.png;D:\KCDA\2025\111\G032.png;Penduduk Kecamatan Patia berjumlah 33.241 jiwa, dengan kepadatan penduduk 686 jiwa per km². Besarnya rasio jenis kelamin adalah 105, dengan demikian, dapat diketahui untuk setiap 100 populasi laki-laki terdapat dari 95 orang perempuan.;Desa yang memiliki populasi terbesar adalah Surianeun, dengan penduduk mencapai 4.426 jiwa, atau 13,31 persen dari total penduduk Kecamatan Patia. Lebih lanjut, daerah terpadat berasal dari Surianeun, dengan tingkat kepadatan penduduk 1.123 jiwa per km². ;Selanjutnya, rasio jenis kelamin tertinggi adalah Simpangtiga, yaitu sebesar 114, sebaliknya terendah berasal dari Ciawi, dengan besaran hanya 102.;Berdasarkan kelompok umur, persentase penduduk tertinggi berasal dari kelompok umur 10 - 14 tahun, yaitu 9,38 persen, adapun terendah dengan proporsi hanya 1,97 persen terjadi pada kelompok umur 70 - 74 tahun. Masih menurut kelompok umur, rasio jenis kelamin tertinggi, yaitu mencapai 112 terjadi pada kelompok umur 30 - 34 tahun, sebaliknya terendah berasal dari kelompok umur 40 - 44 tahun, dengan rasio sebesar 94;Indikator kependudukan penting yang juga perlu disampaikan adalah rasio ketergantungan untuk Kecamatan Patia, yaitu sebesar 47,9 persen. Besaran ini menginformasikan bahwa setiap 1.000 penduduk kelompok umur produktif harus menanggung 479 penduduk dengan kategori tidak produktif;The population of Patia District is 33,241 people, with a population density of 686 people per km². The sex ratio is 105, which means that for every 100 male population, there are 95 females.;The village with the largest population is Surianeun, with 4,426 people, or 13.31 percent of the total population of Patia District. Furthermore, the most populous area is Surianeun, with a population density of 1,123 people per km². ;Hereafter, the highest sex ratio was Simpangtiga, which is 114, while the lowest came from Ciawi, with a magnitude of just 102.;Based on age groups, the highest percentage of the population comes from the age group 10 - 14 years, which is 9.38 percent. The lowest proportion, with only 1.97 percent, is found in the age group 70 - 74 years. Continuing with age groups, the highest gender ratio, reaching 112, occurs within the 30 - 34 years age group. Conversely, the lowest ratio originates from the 40 - 44 years age group, with a ratio of 94;An important population indicator that also needs to be mentioned is the dependency ratio for Patia District, which is 47.9 percent. This tells us that every 1,000 people in the productive age group have to support 479 people in the unproductive category.;1.586;1.763;2.270;2.063;2.271;1.167;1.482;2.308;1.322;1.300;;;;;;17.532;1.490;1.728;2.167;1.960;2.213;1.051;1.448;2.231;1.261;1.161;;;;;;16.710;3.076;3.491;4.437;4.023;4.484;2.218;2.930;4.539;2.583;2.461;;;;;;34.242;8,98;10,2;12,96;11,75;13,1;6,48;8,56;13,26;7,54;7,19;;;;;;100;497;766;695;1.096;709;424;681;1.152;844;513;;;;;;707;106,4;102;104,8;105,3;102,6;111;102,3;103,5;104,8;112;;;;;;104,9;1.194;1.629;1.611;1.255;1.389;1.385;1.415;1.272;1.271;1.129;1.025;870;756;546;339;446;17.532;1.180;1.446;1.586;1.206;1.285;1.246;1.247;1.219;1.319;1.155;966;829;720;535;300;471;16710;2.374;3.075;3.197;2.461;2.674;2.631;2.662;2.491;2.590;2.284;1.991;1.699;1.476;1.081;639;917;34.242;6,93;8,98;9,34;7,19;7,81;7,68;7,77;7,27;7,56;6,67;5,81;4,96;4,31;3,16;1,87;2,68;100;101,2;112,7;101,6;104,1;108,1;111,2;113,5;104,3;96,4;97,7;106,1;104,9;105;102,1;113;94,7;104,9
112;Sukaresmi;10;Desa;Village;Seuseupan;Karyasari;Pasirkadu;Perdana;Sukaresmi;Kubangkampil;Sidamukti;Cibungur;Weru;Cikuya;;;;;;SUKARESMI;D:\KCDA\2025\112\Bab3.PNG;D:\KCDA\2025\112\G031.png;D:\KCDA\2025\112\G032.png;Penduduk Kecamatan Sukaresmi berjumlah 41.568 jiwa, dengan kepadatan penduduk 887 jiwa per km². Besarnya rasio jenis kelamin adalah 105, dengan demikian, dapat diketahui untuk setiap 100 populasi laki-laki terdapat dari 95 orang perempuan.;Desa yang memiliki populasi terbesar adalah Sidamukti, dengan penduduk mencapai 7.699 jiwa, atau 18,52 persen dari total penduduk Kecamatan Sukaresmi. Lebih lanjut, daerah terpadat berasal dari Sidamukti, dengan tingkat kepadatan penduduk 1.351 jiwa per km². ;Selanjutnya, rasio jenis kelamin tertinggi adalah Sukaresmi, yaitu sebesar 112, sebaliknya terendah berasal dari Karyasari, dengan besaran hanya 99.;Berdasarkan kelompok umur, persentase penduduk tertinggi berasal dari kelompok umur 5 - 9 tahun, yaitu 9,63 persen, adapun terendah dengan proporsi hanya 1,74 persen terjadi pada kelompok umur 75 tahun ke atas. Masih menurut kelompok umur, rasio jenis kelamin tertinggi, yaitu mencapai 118 terjadi pada kelompok umur 70 - 74 tahun, sebaliknya terendah berasal dari kelompok umur 55 - 59 tahun, dengan rasio sebesar 93;Indikator kependudukan penting yang juga perlu disampaikan adalah rasio ketergantungan untuk Kecamatan Sukaresmi, yaitu sebesar 47,7 persen. Besaran ini menginformasikan bahwa setiap 1.000 penduduk kelompok umur produktif harus menanggung 477 penduduk dengan kategori tidak produktif;The population of Sukaresmi District is 41,568 people, with a population density of 887 people per km². The sex ratio is 105, which means that for every 100 male population, there are 95 females.;The village with the largest population is Sidamukti, with 7,699 people, or 18.52 percent of the total population of Sukaresmi District. Furthermore, the most populous area is Sidamukti, with a population density of 1,351 people per km². ;Hereafter, the highest sex ratio was Sukaresmi, which is 112, while the lowest came from Karyasari, with a magnitude of just 99.;Based on age groups, the highest percentage of the population comes from the age group 5 - 9 years, which is 9.63 percent. The lowest proportion, with only 1.74 percent, is found in the age group 75 years and older. Continuing with age groups, the highest gender ratio, reaching 118, occurs within the 70 - 74 years age group. Conversely, the lowest ratio originates from the 55 - 59 years age group, with a ratio of 93;An important population indicator that also needs to be mentioned is the dependency ratio for Sukaresmi District, which is 47.7 percent. This tells us that every 1,000 people in the productive age group have to support 477 people in the unproductive category.;969;1.567;2.656;1.445;2.219;2.298;4.039;3.431;1.133;2.094;;;;;;21.851;972;1.573;2.569;1.377;2.005;2.135;3.861;3.315;1.120;1.940;;;;;;20.867;1.941;3.140;5.225;2.822;4.224;4.433;7.900;6.746;2.253;4.034;;;;;;42.718;4,54;7,35;12,23;6,61;9,89;10,38;18,49;15,79;5,27;9,44;;;;;;100;773;835;611;882;871;912;1.386;1.238;560;1.014;;;;;;911;99,7;99,6;103,4;104,9;110,7;107,6;104,6;103,5;101,2;107,9;;;;;;104,7;1.465;2.122;2.024;1.580;1.716;1.977;1.807;1.599;1.554;1.398;1.288;982;814;648;427;450;21.851;1.445;1.947;1.906;1.529;1.577;1.665;1.700;1.488;1.620;1.566;1.127;983;832;632;391;459;20867;2.910;4.069;3.930;3.109;3.293;3.642;3.507;3.087;3.174;2.964;2.415;1.965;1.646;1.280;818;909;42.718;6,81;9,53;9,2;7,28;7,71;8,53;8,21;7,23;7,43;6,94;5,65;4,6;3,85;3;1,91;2,13;100;101,4;109;106,2;103,3;108,8;118,7;106,3;107,5;95,9;89,3;114,3;99,9;97,8;102,5;109,2;98;104,7
120;Labuan;9;Desa;Village;Cigondang;Sukamaju;Rancateureup;Kalanganyar;Labuan;Teluk;Banyumekar;Banyubiru;Caringin;;;;;;;LABUAN;D:\KCDA\2025\120\Bab3.PNG;D:\KCDA\2025\120\G031.png;D:\KCDA\2025\120\G032.png;Penduduk Kecamatan Labuan berjumlah 62.273 jiwa, dengan kepadatan penduduk 1.907 jiwa per km². Besarnya rasio jenis kelamin adalah 107, dengan demikian, dapat diketahui untuk setiap 100 populasi laki-laki terdapat dari 93 orang perempuan.;Desa yang memiliki populasi terbesar adalah Teluk, dengan penduduk mencapai 11.752 jiwa, atau 18,87 persen dari total penduduk Kecamatan Labuan. Lebih lanjut, daerah terpadat berasal dari Labuan, dengan tingkat kepadatan penduduk 3.390 jiwa per km². ;Selanjutnya, rasio jenis kelamin tertinggi adalah Kalanganyar, yaitu sebesar 110, sebaliknya terendah berasal dari Banyubiru, dengan besaran hanya 102.;Berdasarkan kelompok umur, persentase penduduk tertinggi berasal dari kelompok umur 10 - 14 tahun, yaitu 9,89 persen, adapun terendah dengan proporsi hanya 1,39 persen terjadi pada kelompok umur 70 - 74 tahun. Masih menurut kelompok umur, rasio jenis kelamin tertinggi, yaitu mencapai 119 terjadi pada kelompok umur 25 - 29 tahun, sebaliknya terendah berasal dari kelompok umur 75 tahun ke atas, dengan rasio sebesar 88;Indikator kependudukan penting yang juga perlu disampaikan adalah rasio ketergantungan untuk Kecamatan Labuan, yaitu sebesar 47,4 persen. Besaran ini menginformasikan bahwa setiap 1.000 penduduk kelompok umur produktif harus menanggung 474 penduduk dengan kategori tidak produktif;The population of Labuan District is 62,273 people, with a population density of 1,907 people per km². The sex ratio is 107, which means that for every 100 male population, there are 93 females.;The village with the largest population is Teluk, with 11,752 people, or 18.87 percent of the total population of Labuan District. Furthermore, the most populous area is Labuan, with a population density of 3,390 people per km². ;Hereafter, the highest sex ratio was Kalanganyar, which is 110, while the lowest came from Banyubiru, with a magnitude of just 102.;Based on age groups, the highest percentage of the population comes from the age group 10 - 14 years, which is 9.89 percent. The lowest proportion, with only 1.39 percent, is found in the age group 70 - 74 years. Continuing with age groups, the highest gender ratio, reaching 119, occurs within the 25 - 29 years age group. Conversely, the lowest ratio originates from the 75 years and older age group, with a ratio of 88;An important population indicator that also needs to be mentioned is the dependency ratio for Labuan District, which is 47.4 percent. This tells us that every 1,000 people in the productive age group have to support 474 people in the unproductive category.;4.873;2.185;1.840;4.278;6.083;6.317;1.546;1.493;4.341;;;;;;;32.956;4.504;2.029;1.764;3.922;5.797;5.760;1.475;1.465;4.113;;;;;;;30.829;9.377;4.214;3.604;8.200;11.880;12.077;3.021;2.958;8.454;;;;;;;63.785;14,7;6,61;5,65;12,86;18,63;18,93;4,74;4,64;13,25;;;;;;;100;2.605;920;961;2.440;3.443;2.511;1.136;1.088;2.273;;;;;;;1.954;108,2;107,7;104,3;109,1;104,9;109,7;104,8;101,9;105,5;;;;;;;106,9;2.375;3.131;3.192;2.513;2.867;2.879;2.786;2.390;2.380;2.101;1.847;1.444;1.217;878;449;507;32.956;2.147;2.840;2.952;2.466;2.631;2.429;2.446;2.216;2.263;1.999;1.839;1.473;1.228;824;517;559;30.829;4.522;5.971;6.144;4.979;5.498;5.308;5.232;4.606;4.643;4.100;3.686;2.917;2.445;1.702;966;1.066;63.785;7,09;9,36;9,63;7,81;8,62;8,32;8,2;7,22;7,28;6,43;5,78;4,57;3,83;2,67;1,51;1,67;100;110,6;110,2;108,1;101,9;109;118,5;113,9;107,9;105,2;105,1;100,4;98;99,1;106,6;86,8;90,7;106,9
121;Carita;10;Desa;Village;Pejamben;Banjarmasin;Tembong;Sindanglaut;Carita;Sukajadi;Sukarame;Sukanagara;Kawoyang;Cinoyong;;;;;;CARITA;D:\KCDA\2025\121\Bab3.PNG;D:\KCDA\2025\121\G031.png;D:\KCDA\2025\121\G032.png;Penduduk Kecamatan Carita berjumlah 38.710 jiwa, dengan kepadatan penduduk 1.059 jiwa per km². Besarnya rasio jenis kelamin adalah 103, dengan demikian, dapat diketahui untuk setiap 100 populasi laki-laki terdapat dari 97 orang perempuan.;Desa yang memiliki populasi terbesar adalah Sukarame, dengan penduduk mencapai 6.184 jiwa, atau 15,98 persen dari total penduduk Kecamatan Carita. Lebih lanjut, daerah terpadat berasal dari Sukarame, dengan tingkat kepadatan penduduk 3.514 jiwa per km². ;Selanjutnya, rasio jenis kelamin tertinggi adalah Cinoyong, yaitu sebesar 110, sebaliknya terendah berasal dari Sindanglaut, dengan besaran hanya 98.;Berdasarkan kelompok umur, persentase penduduk tertinggi berasal dari kelompok umur 5 - 9 tahun, yaitu 9,23 persen, adapun terendah dengan proporsi hanya 1,73 persen terjadi pada kelompok umur 70 - 74 tahun. Masih menurut kelompok umur, rasio jenis kelamin tertinggi, yaitu mencapai 121 terjadi pada kelompok umur 65 - 69 tahun, sebaliknya terendah berasal dari kelompok umur 75 tahun ke atas, dengan rasio sebesar 81;Indikator kependudukan penting yang juga perlu disampaikan adalah rasio ketergantungan untuk Kecamatan Carita, yaitu sebesar 44,3 persen. Besaran ini menginformasikan bahwa setiap 1.000 penduduk kelompok umur produktif harus menanggung 443 penduduk dengan kategori tidak produktif;The population of Carita District is 38,710 people, with a population density of 1,059 people per km². The sex ratio is 103, which means that for every 100 male population, there are 97 females.;The village with the largest population is Sukarame, with 6,184 people, or 15.98 percent of the total population of Carita District. Furthermore, the most populous area is Sukarame, with a population density of 3,514 people per km². ;Hereafter, the highest sex ratio was Cinoyong, which is 110, while the lowest came from Sindanglaut, with a magnitude of just 98.;Based on age groups, the highest percentage of the population comes from the age group 5 - 9 years, which is 9.23 percent. The lowest proportion, with only 1.73 percent, is found in the age group 70 - 74 years. Continuing with age groups, the highest gender ratio, reaching 121, occurs within the 65 - 69 years age group. Conversely, the lowest ratio originates from the 75 years and older age group, with a ratio of 81;An important population indicator that also needs to be mentioned is the dependency ratio for Carita District, which is 44.3 percent. This tells us that every 1,000 people in the productive age group have to support 443 people in the unproductive category.;2.573;2.497;936;1.772;1.955;2.031;3.199;2.577;1.290;1.308;;;;;;20.138;2.427;2.415;919;1.789;1.936;2.005;3.107;2.510;1.245;1.196;;;;;;19.549;5.000;4.912;1.855;3.561;3.891;4.036;6.306;5.087;2.535;2.504;;;;;;39.687;12,6;12,38;4,67;8,97;9,8;10,17;15,89;12,82;6,39;6,31;;;;;;100;1.211;1.445;667;879;630;3.229;3.583;1.154;418;994;;;;;;1.086;106;103,4;101,8;99;101;101,3;103;102,7;103,6;109,4;;;;;;103;1.303;1.754;1.782;1.376;1.616;1.570;1.689;1.558;1.415;1.424;1.295;1.107;899;604;366;380;20.138;1.173;1.735;1.835;1.305;1.576;1.386;1.625;1.399;1.587;1.443;1.249;1.078;837;513;343;465;19.549;2.476;3.489;3.617;2.681;3.192;2.956;3.314;2.957;3.002;2.867;2.544;2.185;1.736;1.117;709;845;39.687;6,24;8,79;9,11;6,76;8,04;7,45;8,35;7,45;7,56;7,22;6,41;5,51;4,37;2,81;1,79;2,13;100;111,1;101,1;97,1;105,4;102,5;113,3;103,9;111,4;89,2;98,7;103,7;102,7;107,4;117,7;106,7;81,7;103
130;Jiput;13;Desa;Village;Banyuresmi;Salapraya;Pamarayan;Sampangbitung;Jiput;Sukacai;Tenjolahang;Babadsari;Janaka;Sukamanah;Sikulan;Citaman;Jayamekar;;;JIPUT;D:\KCDA\2025\130\Bab3.PNG;D:\KCDA\2025\130\G031.png;D:\KCDA\2025\130\G032.png;Penduduk Kecamatan Jiput berjumlah 37.565 jiwa, dengan kepadatan penduduk 708 jiwa per km². Besarnya rasio jenis kelamin adalah 103, dengan demikian, dapat diketahui untuk setiap 100 populasi laki-laki terdapat dari 97 orang perempuan.;Desa yang memiliki populasi terbesar adalah Jiput, dengan penduduk mencapai 5.737 jiwa, atau 15,27 persen dari total penduduk Kecamatan Jiput. Lebih lanjut, daerah terpadat berasal dari Banyuresmi, dengan tingkat kepadatan penduduk 1.906 jiwa per km². ;Selanjutnya, rasio jenis kelamin tertinggi adalah Tenjolahang, yaitu sebesar 108, sebaliknya terendah berasal dari Sikulan, dengan besaran hanya 97.;Berdasarkan kelompok umur, persentase penduduk tertinggi berasal dari kelompok umur 5 - 9 tahun, yaitu 9,58 persen, adapun terendah dengan proporsi hanya 1,90 persen terjadi pada kelompok umur 70 - 74 tahun. Masih menurut kelompok umur, rasio jenis kelamin tertinggi, yaitu mencapai 118 terjadi pada kelompok umur 35 - 39 tahun, sebaliknya terendah berasal dari kelompok umur 75 tahun ke atas, dengan rasio sebesar 79;Indikator kependudukan penting yang juga perlu disampaikan adalah rasio ketergantungan untuk Kecamatan Jiput, yaitu sebesar 49,7 persen. Besaran ini menginformasikan bahwa setiap 1.000 penduduk kelompok umur produktif harus menanggung 497 penduduk dengan kategori tidak produktif;The population of Jiput District is 37,565 people, with a population density of 708 people per km². The sex ratio is 103, which means that for every 100 male population, there are 97 females.;The village with the largest population is Jiput, with 5,737 people, or 15.27 percent of the total population of Jiput District. Furthermore, the most populous area is Banyuresmi, with a population density of 1,906 people per km². ;Hereafter, the highest sex ratio was Tenjolahang, which is 108, while the lowest came from Sikulan, with a magnitude of just 97.;Based on age groups, the highest percentage of the population comes from the age group 5 - 9 years, which is 9.58 percent. The lowest proportion, with only 1.90 percent, is found in the age group 70 - 74 years. Continuing with age groups, the highest gender ratio, reaching 118, occurs within the 35 - 39 years age group. Conversely, the lowest ratio originates from the 75 years and older age group, with a ratio of 79;An important population indicator that also needs to be mentioned is the dependency ratio for Jiput District, which is 49.7 percent. This tells us that every 1,000 people in the productive age group have to support 497 people in the unproductive category.;1.951;1.469;1.480;1.404;2.954;1.498;1.221;756;1.786;1.819;1.351;904;1.104;;;19.697;1.941;1.408;1.377;1.331;2.913;1.414;1.124;741;1.707;1.777;1.388;829;1.029;;;18.979;3.892;2.877;2.857;2.735;5.867;2.912;2.345;1.497;3.493;3.596;2.739;1.733;2.133;;;38.676;10,06;7,44;7,39;7,07;15,17;7,53;6,06;3,87;9,03;9,3;7,08;4,48;5,52;;;100;1.966;1.179;1.661;1.590;1.504;1.493;1.209;772;664;1.090;413;191;191;;;729;100,5;104,3;107,5;105,5;101,4;105,9;108,6;102;104,6;102,4;97,3;109;107,3;;;103,8;1.356;1.805;1.832;1.361;1.653;1.656;1.722;1.527;1.313;1.187;1.076;946;732;615;377;539;19.697;1.318;1.800;1.687;1.330;1.568;1.462;1.536;1.311;1.321;1.173;1.135;924;781;616;320;697;18979;2.674;3.605;3.519;2.691;3.221;3.118;3.258;2.838;2.634;2.360;2.211;1.870;1.513;1.231;697;1.236;38.676;6,91;9,32;9,1;6,96;8,33;8,06;8,42;7,34;6,81;6,1;5,72;4,84;3,91;3,18;1,8;3,2;100;102,9;100,3;108,6;102,3;105,4;113,3;112,1;116,5;99,4;101,2;94,8;102,4;93,7;99,8;117,8;77,3;103,8
131;Cikedal;10;Desa;Village;Karyautama;Tegal;Cipicung;Karyasari;Dahu;Babakanlor;Mekarjaya;Padahayu;Bangkuyung;Cening;;;;;;CIKEDAL;D:\KCDA\2025\131\Bab3.PNG;D:\KCDA\2025\131\G031.png;D:\KCDA\2025\131\G032.png;Penduduk Kecamatan Cikedal berjumlah 38.218 jiwa, dengan kepadatan penduduk 1.071 jiwa per km². Besarnya rasio jenis kelamin adalah 104, dengan demikian, dapat diketahui untuk setiap 100 populasi laki-laki terdapat dari 96 orang perempuan.;Desa yang memiliki populasi terbesar adalah Babakanlor, dengan penduduk mencapai 6.163 jiwa, atau 16,13 persen dari total penduduk Kecamatan Cikedal. Lebih lanjut, daerah terpadat berasal dari Cening, dengan tingkat kepadatan penduduk 1.738 jiwa per km². ;Selanjutnya, rasio jenis kelamin tertinggi adalah Karyautama, yaitu sebesar 109, sebaliknya terendah berasal dari Mekarjaya, dengan besaran hanya 99.;Berdasarkan kelompok umur, persentase penduduk tertinggi berasal dari kelompok umur 10 - 14 tahun, yaitu 9,46 persen, adapun terendah dengan proporsi hanya 2,10 persen terjadi pada kelompok umur 70 - 74 tahun. Masih menurut kelompok umur, rasio jenis kelamin tertinggi, yaitu mencapai 112 terjadi pada kelompok umur 25 - 29 tahun, sebaliknya terendah berasal dari kelompok umur 75 tahun ke atas, dengan rasio sebesar 73;Indikator kependudukan penting yang juga perlu disampaikan adalah rasio ketergantungan untuk Kecamatan Cikedal, yaitu sebesar 49,7 persen. Besaran ini menginformasikan bahwa setiap 1.000 penduduk kelompok umur produktif harus menanggung 497 penduduk dengan kategori tidak produktif;The population of Cikedal District is 38,218 people, with a population density of 1,071 people per km². The sex ratio is 104, which means that for every 100 male population, there are 96 females.;The village with the largest population is Babakanlor, with 6,163 people, or 16.13 percent of the total population of Cikedal District. Furthermore, the most populous area is Cening, with a population density of 1,738 people per km². ;Hereafter, the highest sex ratio was Karyautama, which is 109, while the lowest came from Mekarjaya, with a magnitude of just 99.;Based on age groups, the highest percentage of the population comes from the age group 10 - 14 years, which is 9.46 percent. The lowest proportion, with only 2.10 percent, is found in the age group 70 - 74 years. Continuing with age groups, the highest gender ratio, reaching 112, occurs within the 25 - 29 years age group. Conversely, the lowest ratio originates from the 75 years and older age group, with a ratio of 73;An important population indicator that also needs to be mentioned is the dependency ratio for Cikedal District, which is 49.7 percent. This tells us that every 1,000 people in the productive age group have to support 497 people in the unproductive category.;1.991;1.597;3.183;2.590;1.728;3.226;1.119;1.504;1.374;1.686;;;;;;19.998;1.824;1.535;3.018;2.529;1.615;3.167;1.134;1.402;1.332;1.663;;;;;;19.219;3.815;3.132;6.201;5.119;3.343;6.393;2.253;2.906;2.706;3.349;;;;;;39.217;9,73;7,99;15,81;13,05;8,52;16,3;5,74;7,41;6,9;8,54;;;;;;100;805;684;1.654;1.524;969;1.329;847;1.068;727;1.781;;;;;;1.099;109,2;104;105,5;102,4;107;101,9;98,7;107,3;103,2;101,4;;;;;;104,1;1.366;1.819;1.868;1.455;1.712;1.609;1.603;1.441;1.341;1.304;1.084;976;837;618;440;525;19.998;1.203;1.670;1.754;1.410;1.647;1.430;1.414;1.318;1.353;1.271;1.152;1.025;839;605;418;710;19219;2.569;3.489;3.622;2.865;3.359;3.039;3.017;2.759;2.694;2.575;2.236;2.001;1.676;1.223;858;1.235;39.217;6,55;8,9;9,24;7,31;8,57;7,75;7,69;7,04;6,87;6,57;5,7;5,1;4,27;3,12;2,19;3,15;100;113,5;108,9;106,5;103,2;103,9;112,5;113,4;109,3;99,1;102,6;94,1;95,2;99,8;102,1;105,3;73,9;104,1
140;Menes;12;Desa;Village;Alaswangi;Tegalwangi;Menes;Kananga;Cilabanbulan;Sindangkarya;Cigandeng;Purwaraja;Muruy;Kadupayung;Sukamanah;Ramaya;;;;MENES;D:\KCDA\2025\140\Bab3.PNG;D:\KCDA\2025\140\G031.png;D:\KCDA\2025\140\G032.png;Penduduk Kecamatan Menes berjumlah 44.462 jiwa, dengan kepadatan penduduk 1.708 jiwa per km². Besarnya rasio jenis kelamin adalah 106, dengan demikian, dapat diketahui untuk setiap 100 populasi laki-laki terdapat dari 94 orang perempuan.;Desa yang memiliki populasi terbesar adalah Purwaraja, dengan penduduk mencapai 7.742 jiwa, atau 17,41 persen dari total penduduk Kecamatan Menes. Lebih lanjut, daerah terpadat berasal dari Purwaraja, dengan tingkat kepadatan penduduk 3.519 jiwa per km². ;Selanjutnya, rasio jenis kelamin tertinggi adalah Sindangkarya, yaitu sebesar 115, sebaliknya terendah berasal dari Tegalwangi, dengan besaran hanya 101.;Berdasarkan kelompok umur, persentase penduduk tertinggi berasal dari kelompok umur 10 - 14 tahun, yaitu 9,25 persen, adapun terendah dengan proporsi hanya 1,74 persen terjadi pada kelompok umur 70 - 74 tahun. Masih menurut kelompok umur, rasio jenis kelamin tertinggi, yaitu mencapai 116 terjadi pada kelompok umur 30 - 34 tahun, sebaliknya terendah berasal dari kelompok umur 75 tahun ke atas, dengan rasio sebesar 73;Indikator kependudukan penting yang juga perlu disampaikan adalah rasio ketergantungan untuk Kecamatan Menes, yaitu sebesar 48,9 persen. Besaran ini menginformasikan bahwa setiap 1.000 penduduk kelompok umur produktif harus menanggung 489 penduduk dengan kategori tidak produktif;The population of Menes District is 44,462 people, with a population density of 1,708 people per km². The sex ratio is 106, which means that for every 100 male population, there are 94 females.;The village with the largest population is Purwaraja, with 7,742 people, or 17.41 percent of the total population of Menes District. Furthermore, the most populous area is Purwaraja, with a population density of 3,519 people per km². ;Hereafter, the highest sex ratio was Sindangkarya, which is 115, while the lowest came from Tegalwangi, with a magnitude of just 101.;Based on age groups, the highest percentage of the population comes from the age group 10 - 14 years, which is 9.25 percent. The lowest proportion, with only 1.74 percent, is found in the age group 70 - 74 years. Continuing with age groups, the highest gender ratio, reaching 116, occurs within the 30 - 34 years age group. Conversely, the lowest ratio originates from the 75 years and older age group, with a ratio of 73;An important population indicator that also needs to be mentioned is the dependency ratio for Menes District, which is 48.9 percent. This tells us that every 1,000 people in the productive age group have to support 489 people in the unproductive category.;1.832;1.714;3.771;1.372;1.443;1.960;1.726;4.015;1.456;975;2.211;976;;;;23.451;1.745;1.673;3.660;1.266;1.283;1.722;1.590;3.903;1.430;895;2.093;898;;;;22.158;3.577;3.387;7.431;2.638;2.726;3.682;3.316;7.918;2.886;1.870;4.304;1.874;;;;45.609;7,84;7,43;16,29;5,78;5,98;8,07;7,27;17,36;6,33;4,1;9,44;4,11;;;;100;1.641;2.065;2.308;1.442;863;1.737;1.557;3.599;1.213;1.169;1.921;1.409;;;;1.752;105;102,5;103;108,4;112,5;113,8;108,6;102,9;101,8;108,9;105,6;108,7;;;;105,8;1.688;2.159;2.085;1.750;2.064;2.062;1.972;1.674;1.601;1.475;1.333;1.106;865;685;407;525;23.451;1.618;2.012;2.031;1.701;1.838;1.831;1.708;1.435;1.544;1.406;1.222;1.153;881;649;400;729;22.158;3.306;4.171;4.116;3.451;3.902;3.893;3.680;3.109;3.145;2.881;2.555;2.259;1.746;1.334;807;1.254;45.609;7,25;9,15;9,02;7,57;8,56;8,54;8,07;6,82;6,9;6,32;5,6;4,95;3,83;2,92;1,77;2,75;100;104,3;107,3;102,7;102,9;112,3;112,6;115,5;116,7;103,7;104,9;109,1;95,9;98,2;105,5;101,8;72;105,8
141;Pulosari;9;Desa;Village;Banjarnegara;Kaduhejo;Koranji;Sanghiangdengdek;Cilentung;Karyawangi;Banjarwangi;Sukasari;Sukaraja;;;;;;;PULOSARI;D:\KCDA\2025\141\Bab3.PNG;D:\KCDA\2025\141\G031.png;D:\KCDA\2025\141\G032.png;Penduduk Kecamatan Pulosari berjumlah 36.588 jiwa, dengan kepadatan penduduk 1.168 jiwa per km². Besarnya rasio jenis kelamin adalah 109, dengan demikian, dapat diketahui untuk setiap 100 populasi laki-laki terdapat dari 92 orang perempuan.;Desa yang memiliki populasi terbesar adalah Sukasari, dengan penduduk mencapai 5.665 jiwa, atau 15,48 persen dari total penduduk Kecamatan Pulosari. Lebih lanjut, daerah terpadat berasal dari Koranji, dengan tingkat kepadatan penduduk 1.793 jiwa per km². ;Selanjutnya, rasio jenis kelamin tertinggi adalah Karyawangi, yaitu sebesar 110, sebaliknya terendah berasal dari Cilentung, dengan besaran hanya 105.;Berdasarkan kelompok umur, persentase penduduk tertinggi berasal dari kelompok umur 5 - 9 tahun, yaitu 10,00 persen, adapun terendah dengan proporsi hanya 1,51 persen terjadi pada kelompok umur 70 - 74 tahun. Masih menurut kelompok umur, rasio jenis kelamin tertinggi, yaitu mencapai 121 terjadi pada kelompok umur 35 - 39 tahun, sebaliknya terendah berasal dari kelompok umur 75 tahun ke atas, dengan rasio sebesar 89;Indikator kependudukan penting yang juga perlu disampaikan adalah rasio ketergantungan untuk Kecamatan Pulosari, yaitu sebesar 49,9 persen. Besaran ini menginformasikan bahwa setiap 1.000 penduduk kelompok umur produktif harus menanggung 499 penduduk dengan kategori tidak produktif;The population of Pulosari District is 36,588 people, with a population density of 1,168 people per km². The sex ratio is 109, which means that for every 100 male population, there are 92 females.;The village with the largest population is Sukasari, with 5,665 people, or 15.48 percent of the total population of Pulosari District. Furthermore, the most populous area is Koranji, with a population density of 1,793 people per km². ;Hereafter, the highest sex ratio was Karyawangi, which is 110, while the lowest came from Cilentung, with a magnitude of just 105.;Based on age groups, the highest percentage of the population comes from the age group 5 - 9 years, which is 10.00 percent. The lowest proportion, with only 1.51 percent, is found in the age group 70 - 74 years. Continuing with age groups, the highest gender ratio, reaching 121, occurs within the 35 - 39 years age group. Conversely, the lowest ratio originates from the 75 years and older age group, with a ratio of 89;An important population indicator that also needs to be mentioned is the dependency ratio for Pulosari District, which is 49.9 percent. This tells us that every 1,000 people in the productive age group have to support 499 people in the unproductive category.;1.818;1.500;2.642;1.605;2.088;1.946;2.415;3.053;2.640;;;;;;;19.707;1.630;1.377;2.449;1.481;1.974;1.782;2.232;2.793;2.466;;;;;;;18.184;3.448;2.877;5.091;3.086;4.062;3.728;4.647;5.846;5.106;;;;;;;37.891;9,1;7,59;13,44;8,14;10,72;9,84;12,26;15,43;13,48;;;;;;;100;1.311;1.090;1.851;1.002;1.034;1.376;1.081;1.103;1.280;;;;;;;1.209;111,5;108,9;107,9;108,4;105,8;109,2;108,2;109,3;107,1;;;;;;;108,4;1.447;1.979;1.853;1.507;1.727;1.843;1.690;1.565;1.299;1.090;975;851;651;527;285;418;19.707;1.339;1.781;1.733;1.494;1.692;1.598;1.475;1.291;1.132;1.026;949;787;645;496;273;473;18184;2.786;3.760;3.586;3.001;3.419;3.441;3.165;2.856;2.431;2.116;1.924;1.638;1.296;1.023;558;891;37.891;7,35;9,92;9,46;7,92;9,02;9,08;8,35;7,54;6,42;5,58;5,08;4,32;3,42;2,7;1,47;2,35;100;108,1;111,1;106,9;100,9;102,1;115,3;114,6;121,2;114,8;106,2;102,7;108,1;100,9;106,3;104,4;88,4;108,4
150;Mandalawangi;15;Desa;Village;Pandat;Cikoneng;Giripawana;Nembol;Gunungsari;Kurungkambing;Mandalasari;Mandalawangi;Pari;Sinarjaya;Sirnagalih;Curuglemo;Panjangjaya;Cikumbueun;Ramea;MANDALAWANGI;D:\KCDA\2025\150\Bab3.PNG;D:\KCDA\2025\150\G031.png;D:\KCDA\2025\150\G032.png;Penduduk Kecamatan Mandalawangi berjumlah 62.647 jiwa, dengan kepadatan penduduk 1.051 jiwa per km². Besarnya rasio jenis kelamin adalah 106, dengan demikian, dapat diketahui untuk setiap 100 populasi laki-laki terdapat dari 94 orang perempuan.;Desa yang memiliki populasi terbesar adalah Sinarjaya, dengan penduduk mencapai 5.295 jiwa, atau 8,45 persen dari total penduduk Kecamatan Mandalawangi. Lebih lanjut, daerah terpadat berasal dari Pari, dengan tingkat kepadatan penduduk 1.943 jiwa per km². ;Selanjutnya, rasio jenis kelamin tertinggi adalah Panjangjaya, yaitu sebesar 112, sebaliknya terendah berasal dari Kurungkambing, dengan besaran hanya 99.;Berdasarkan kelompok umur, persentase penduduk tertinggi berasal dari kelompok umur 5 - 9 tahun, yaitu 10,03 persen, adapun terendah dengan proporsi hanya 1,64 persen terjadi pada kelompok umur 70 - 74 tahun. Masih menurut kelompok umur, rasio jenis kelamin tertinggi, yaitu mencapai 115 terjadi pada kelompok umur 35 - 39 tahun, sebaliknya terendah berasal dari kelompok umur 75 tahun ke atas, dengan rasio sebesar 83;Indikator kependudukan penting yang juga perlu disampaikan adalah rasio ketergantungan untuk Kecamatan Mandalawangi, yaitu sebesar 50,4 persen. Besaran ini menginformasikan bahwa setiap 1.000 penduduk kelompok umur produktif harus menanggung 504 penduduk dengan kategori tidak produktif;The population of Mandalawangi District is 62,647 people, with a population density of 1,051 people per km². The sex ratio is 106, which means that for every 100 male population, there are 94 females.;The village with the largest population is Sinarjaya, with 5,295 people, or 8.45 percent of the total population of Mandalawangi District. Furthermore, the most populous area is Pari, with a population density of 1,943 people per km². ;Hereafter, the highest sex ratio was Panjangjaya, which is 112, while the lowest came from Kurungkambing, with a magnitude of just 99.;Based on age groups, the highest percentage of the population comes from the age group 5 - 9 years, which is 10.03 percent. The lowest proportion, with only 1.64 percent, is found in the age group 70 - 74 years. Continuing with age groups, the highest gender ratio, reaching 115, occurs within the 35 - 39 years age group. Conversely, the lowest ratio originates from the 75 years and older age group, with a ratio of 83;An important population indicator that also needs to be mentioned is the dependency ratio for Mandalawangi District, which is 50.4 percent. This tells us that every 1,000 people in the productive age group have to support 504 people in the unproductive category.;2.774;2.742;2.284;2.706;2.101;1.520;1.516;2.179;2.296;2.850;2.131;1.674;1.943;2.329;2.194;33.239;2.624;2.615;2.068;2.551;2.059;1.542;1.420;2.094;2.118;2.649;2.062;1.522;1.726;2.224;2.005;31.279;5.398;5.357;4.352;5.257;4.160;3.062;2.936;4.273;4.414;5.499;4.193;3.196;3.669;4.553;4.199;64.518;8,37;8,3;6,75;8,15;6,45;4,75;4,55;6,62;6,84;8,52;6,5;4,95;5,69;7,06;6,51;100;1.824;948;1.222;1.643;1.691;988;644;1.439;2.006;1.785;1.118;795;700;639;733;1.083;105,7;104,9;110,4;106,1;102;98,6;106,8;104,1;108,4;107,6;103,3;110;112,6;104,7;109,4;106,3;2.519;3.273;3.088;2.400;2.723;2.901;2.684;2.498;2.432;2.096;1.792;1.466;1.227;889;540;711;33.239;2.337;3.030;2.960;2.405;2.633;2.556;2.437;2.137;2.286;1.982;1.710;1.464;1.151;841;489;861;31.279;4.856;6.303;6.048;4.805;5.356;5.457;5.121;4.635;4.718;4.078;3.502;2.930;2.378;1.730;1.029;1.572;64.518;7,53;9,77;9,37;7,45;8,3;8,46;7,94;7,18;7,31;6,32;5,43;4,54;3,69;2,68;1,59;2,44;100;107,8;108;104,3;99,8;103,4;113,5;110,1;116,9;106,4;105,8;104,8;100,1;106,6;105,7;110,4;82,6;106,3
160;Cimanuk;11;Desa;Village;Kadudodol;Gunungdatar;Gunungcupu;Sekong;Cimanuk;Batubantar;Rocek;Kadumadang;Dalembalar;Kupahandap;Kadubungbang;;;;;CIMANUK;D:\KCDA\2025\160\Bab3.PNG;D:\KCDA\2025\160\G031.png;D:\KCDA\2025\160\G032.png;Penduduk Kecamatan Cimanuk berjumlah 47.391 jiwa, dengan kepadatan penduduk 2.005 jiwa per km². Besarnya rasio jenis kelamin adalah 108, dengan demikian, dapat diketahui untuk setiap 100 populasi laki-laki terdapat dari 93 orang perempuan.;Desa yang memiliki populasi terbesar adalah Cimanuk, dengan penduduk mencapai 6.148 jiwa, atau 12,97 persen dari total penduduk Kecamatan Cimanuk. Lebih lanjut, daerah terpadat berasal dari Kadumadang, dengan tingkat kepadatan penduduk 2.962 jiwa per km². ;Selanjutnya, rasio jenis kelamin tertinggi adalah Kupahandap, yaitu sebesar 112, sebaliknya terendah berasal dari Batubantar, dengan besaran hanya 105.;Berdasarkan kelompok umur, persentase penduduk tertinggi berasal dari kelompok umur 10 - 14 tahun, yaitu 9,66 persen, adapun terendah dengan proporsi hanya 1,80 persen terjadi pada kelompok umur 70 - 74 tahun. Masih menurut kelompok umur, rasio jenis kelamin tertinggi, yaitu mencapai 119 terjadi pada kelompok umur 25 - 29 tahun, sebaliknya terendah berasal dari kelompok umur 75 tahun ke atas, dengan rasio sebesar 72;Indikator kependudukan penting yang juga perlu disampaikan adalah rasio ketergantungan untuk Kecamatan Cimanuk, yaitu sebesar 50,2 persen. Besaran ini menginformasikan bahwa setiap 1.000 penduduk kelompok umur produktif harus menanggung 502 penduduk dengan kategori tidak produktif;The population of Cimanuk District is 47,391 people, with a population density of 2,005 people per km². The sex ratio is 108, which means that for every 100 male population, there are 93 females.;The village with the largest population is Cimanuk, with 6,148 people, or 12.97 percent of the total population of Cimanuk District. Furthermore, the most populous area is Kadumadang, with a population density of 2,962 people per km². ;Hereafter, the highest sex ratio was Kupahandap, which is 112, while the lowest came from Batubantar, with a magnitude of just 105.;Based on age groups, the highest percentage of the population comes from the age group 10 - 14 years, which is 9.66 percent. The lowest proportion, with only 1.80 percent, is found in the age group 70 - 74 years. Continuing with age groups, the highest gender ratio, reaching 119, occurs within the 25 - 29 years age group. Conversely, the lowest ratio originates from the 75 years and older age group, with a ratio of 72;An important population indicator that also needs to be mentioned is the dependency ratio for Cimanuk District, which is 50.2 percent. This tells us that every 1,000 people in the productive age group have to support 502 people in the unproductive category.;2.066;1.582;1.431;1.372;3.288;2.645;2.599;2.682;2.247;1.913;3.306;;;;;25.131;1.900;1.506;1.288;1.282;3.000;2.526;2.443;2.477;2.113;1.731;3.043;;;;;23.309;3.966;3.088;2.719;2.654;6.288;5.171;5.042;5.159;4.360;3.644;6.349;;;;;48.440;8,19;6,37;5,61;5,48;12,98;10,68;10,41;10,65;9;7,52;13,11;;;;;100;2.055;1.235;1.203;1.164;2.355;2.428;2.231;3.035;2.659;2.413;2.300;;;;;2.049;108,7;105;111,1;107;109,6;104,7;106,4;108,3;106,3;110,5;108,6;;;;;107,8;1.833;2.383;2.381;2.013;2.238;2.192;2.013;1.867;1.748;1.471;1.304;1.098;912;744;434;500;25.131;1.694;2.203;2.161;1.964;2.004;1.832;1.706;1.642;1.517;1.318;1.284;1.159;998;739;420;668;23.309;3.527;4.586;4.542;3.977;4.242;4.024;3.719;3.509;3.265;2.789;2.588;2.257;1.910;1.483;854;1.168;48.440;7,28;9,47;9,38;8,21;8,76;8,31;7,68;7,24;6,74;5,76;5,34;4,66;3,94;3,06;1,76;2,41;100;108,2;108,2;110,2;102,5;111,7;119,7;118;113,7;115,2;111,6;101,6;94,7;91,4;100,7;103,3;74,9;107,8
161;Cipeucang;10;Desa;Village;Cikadueun;Koncang;Pasirmae;Parumasan;Kadugadung;Palanyar;Baturanjang;Kalanggunung;Curugbarang;Pasireurih;;;;;;CIPEUCANG;D:\KCDA\2025\161\Bab3.PNG;D:\KCDA\2025\161\G031.png;D:\KCDA\2025\161\G032.png;Penduduk Kecamatan Cipeucang berjumlah 35.002 jiwa, dengan kepadatan penduduk 1.478 jiwa per km². Besarnya rasio jenis kelamin adalah 110, dengan demikian, dapat diketahui untuk setiap 100 populasi laki-laki terdapat dari 91 orang perempuan.;Desa yang memiliki populasi terbesar adalah Palanyar, dengan penduduk mencapai 5.001 jiwa, atau 14,29 persen dari total penduduk Kecamatan Cipeucang. Lebih lanjut, daerah terpadat berasal dari Palanyar, dengan tingkat kepadatan penduduk 2.660 jiwa per km². ;Selanjutnya, rasio jenis kelamin tertinggi adalah Cikadueun, yaitu sebesar 115, sebaliknya terendah berasal dari Pasirmae, dengan besaran hanya 105.;Berdasarkan kelompok umur, persentase penduduk tertinggi berasal dari kelompok umur 10 - 14 tahun, yaitu 9,71 persen, adapun terendah dengan proporsi hanya 1,78 persen terjadi pada kelompok umur 70 - 74 tahun. Masih menurut kelompok umur, rasio jenis kelamin tertinggi, yaitu mencapai 124 terjadi pada kelompok umur 25 - 29 tahun, sebaliknya terendah berasal dari kelompok umur 75 tahun ke atas, dengan rasio sebesar 72;Indikator kependudukan penting yang juga perlu disampaikan adalah rasio ketergantungan untuk Kecamatan Cipeucang, yaitu sebesar 51,4 persen. Besaran ini menginformasikan bahwa setiap 1.000 penduduk kelompok umur produktif harus menanggung 514 penduduk dengan kategori tidak produktif;The population of Cipeucang District is 35,002 people, with a population density of 1,478 people per km². The sex ratio is 110, which means that for every 100 male population, there are 91 females.;The village with the largest population is Palanyar, with 5,001 people, or 14.29 percent of the total population of Cipeucang District. Furthermore, the most populous area is Palanyar, with a population density of 2,660 people per km². ;Hereafter, the highest sex ratio was Cikadueun, which is 115, while the lowest came from Pasirmae, with a magnitude of just 105.;Based on age groups, the highest percentage of the population comes from the age group 10 - 14 years, which is 9.71 percent. The lowest proportion, with only 1.78 percent, is found in the age group 70 - 74 years. Continuing with age groups, the highest gender ratio, reaching 124, occurs within the 25 - 29 years age group. Conversely, the lowest ratio originates from the 75 years and older age group, with a ratio of 72;An important population indicator that also needs to be mentioned is the dependency ratio for Cipeucang District, which is 51.4 percent. This tells us that every 1,000 people in the productive age group have to support 514 people in the unproductive category.;1.914;1.515;1.394;1.502;1.348;2.646;1.888;1.309;2.629;2.739;;;;;;18.884;1.678;1.393;1.345;1.390;1.230;2.426;1.792;1.217;2.321;2.377;;;;;;17.169;3.592;2.908;2.739;2.892;2.578;5.072;3.680;2.526;4.950;5.116;;;;;;36.053;9,96;8,07;7,6;8,02;7,15;14,07;10,21;7,01;13,73;14,19;;;;;;100;1.671;1.634;740;1.143;1.742;2.698;1.466;1.351;2.415;1.368;;;;;;1.522;114,1;108,8;103,6;108,1;109,6;109,1;105,4;107,6;113,3;115,2;;;;;;110;1.385;1.765;1.825;1.500;1.628;1.668;1.508;1.380;1.262;1.137;1.000;797;685;560;335;449;18.884;1.226;1.604;1.604;1.360;1.478;1.332;1.287;1.141;1.147;981;915;862;729;562;324;617;17169;2.611;3.369;3.429;2.860;3.106;3.000;2.795;2.521;2.409;2.118;1.915;1.659;1.414;1.122;659;1.066;36.053;7,24;9,34;9,51;7,93;8,62;8,32;7,75;6,99;6,68;5,87;5,31;4,6;3,92;3,11;1,83;2,96;100;113;110;113,8;110,3;110,1;125,2;117,2;120,9;110;115,9;109,3;92,5;94;99,6;103,4;72,8;110
170;Banjar;11;Desa;Village;Cibeureum;Cibodas;Kadulimus;Bandung;Kadumaneuh;Citalahab;Pasirawi;Mogana;Kadubale;Banjar;Gunungputri;;;;;BANJAR;D:\KCDA\2025\170\Bab3.PNG;D:\KCDA\2025\170\G031.png;D:\KCDA\2025\170\G032.png;Penduduk Kecamatan Banjar berjumlah 38.974 jiwa, dengan kepadatan penduduk 1.278 jiwa per km². Besarnya rasio jenis kelamin adalah 106, dengan demikian, dapat diketahui untuk setiap 100 populasi laki-laki terdapat dari 94 orang perempuan.;Desa yang memiliki populasi terbesar adalah Banjar, dengan penduduk mencapai 5.725 jiwa, atau 14,69 persen dari total penduduk Kecamatan Banjar. Lebih lanjut, daerah terpadat berasal dari Kadumaneuh, dengan tingkat kepadatan penduduk 2.194 jiwa per km². ;Selanjutnya, rasio jenis kelamin tertinggi adalah Gunungputri, yaitu sebesar 111, sebaliknya terendah berasal dari Citalahab, dengan besaran hanya 104.;Berdasarkan kelompok umur, persentase penduduk tertinggi berasal dari kelompok umur 5 - 9 tahun, yaitu 9,68 persen, adapun terendah dengan proporsi hanya 1,66 persen terjadi pada kelompok umur 70 - 74 tahun. Masih menurut kelompok umur, rasio jenis kelamin tertinggi, yaitu mencapai 119 terjadi pada kelompok umur 35 - 39 tahun, sebaliknya terendah berasal dari kelompok umur 75 tahun ke atas, dengan rasio sebesar 77;Indikator kependudukan penting yang juga perlu disampaikan adalah rasio ketergantungan untuk Kecamatan Banjar, yaitu sebesar 49,6 persen. Besaran ini menginformasikan bahwa setiap 1.000 penduduk kelompok umur produktif harus menanggung 496 penduduk dengan kategori tidak produktif;The population of Banjar District is 38,974 people, with a population density of 1,278 people per km². The sex ratio is 106, which means that for every 100 male population, there are 94 females.;The village with the largest population is Banjar, with 5,725 people, or 14.69 percent of the total population of Banjar District. Furthermore, the most populous area is Kadumaneuh, with a population density of 2,194 people per km². ;Hereafter, the highest sex ratio was Gunungputri, which is 111, while the lowest came from Citalahab, with a magnitude of just 104.;Based on age groups, the highest percentage of the population comes from the age group 5 - 9 years, which is 9.68 percent. The lowest proportion, with only 1.66 percent, is found in the age group 70 - 74 years. Continuing with age groups, the highest gender ratio, reaching 119, occurs within the 35 - 39 years age group. Conversely, the lowest ratio originates from the 75 years and older age group, with a ratio of 77;An important population indicator that also needs to be mentioned is the dependency ratio for Banjar District, which is 49.6 percent. This tells us that every 1,000 people in the productive age group have to support 496 people in the unproductive category.;1.404;1.462;2.518;1.071;1.529;2.667;1.164;1.256;1.998;3.016;2.515;;;;;20.600;1.318;1.409;2.392;1.006;1.451;2.552;1.059;1.140;1.876;2.897;2.262;;;;;19.362;2.722;2.871;4.910;2.077;2.980;5.219;2.223;2.396;3.874;5.913;4.777;;;;;39.962;6,81;7,18;12,29;5,2;7,46;13,06;5,56;6;9,69;14,8;11,95;;;;;100;693;778;1.941;1.610;2.275;952;786;990;2.226;1.926;2.162;;;;;1.310;106,5;103,8;105,3;106,5;105,4;104,5;109,9;110,2;106,5;104,1;111,2;;;;;106,4;1.468;1.993;1.969;1.542;1.656;1.795;1.796;1.579;1.513;1.194;1.057;863;797;578;341;459;20.600;1.369;1.846;1.778;1.468;1.572;1.535;1.626;1.368;1.311;1.166;1.068;893;820;580;346;616;19362;2.837;3.839;3.747;3.010;3.228;3.330;3.422;2.947;2.824;2.360;2.125;1.756;1.617;1.158;687;1.075;39.962;7,1;9,61;9,38;7,53;8,08;8,33;8,56;7,37;7,07;5,91;5,32;4,39;4,05;2,9;1,72;2,69;100;107,2;108;110,7;105;105,3;116,9;110,5;115,4;115,4;102,4;99;96,6;97,2;99,7;98,6;74,5;106,4
171;Kaduhejo;10;Desa;Village;Banjarsari;Sukamanah;Palurahan;Kadugemblo;Sukasari;Mandalasari;Saninten;Bayumundu;Campaka;Ciputri;;;;;;KADUHEJO;D:\KCDA\2025\171\Bab3.PNG;D:\KCDA\2025\171\G031.png;D:\KCDA\2025\171\G032.png;Penduduk Kecamatan Kaduhejo berjumlah 47.347 jiwa, dengan kepadatan penduduk 1.686 jiwa per km². Besarnya rasio jenis kelamin adalah 106, dengan demikian, dapat diketahui untuk setiap 100 populasi laki-laki terdapat dari 94 orang perempuan.;Desa yang memiliki populasi terbesar adalah Saninten, dengan penduduk mencapai 7.377 jiwa, atau 15,58 persen dari total penduduk Kecamatan Kaduhejo. Lebih lanjut, daerah terpadat berasal dari Mandalasari, dengan tingkat kepadatan penduduk 6.211 jiwa per km². ;Selanjutnya, rasio jenis kelamin tertinggi adalah Saninten, yaitu sebesar 111, sebaliknya terendah berasal dari Sukasari, dengan besaran hanya 104.;Berdasarkan kelompok umur, persentase penduduk tertinggi berasal dari kelompok umur 5 - 9 tahun, yaitu 10,04 persen, adapun terendah dengan proporsi hanya 1,53 persen terjadi pada kelompok umur 70 - 74 tahun. Masih menurut kelompok umur, rasio jenis kelamin tertinggi, yaitu mencapai 120 terjadi pada kelompok umur 35 - 39 tahun, sebaliknya terendah berasal dari kelompok umur 75 tahun ke atas, dengan rasio sebesar 75;Indikator kependudukan penting yang juga perlu disampaikan adalah rasio ketergantungan untuk Kecamatan Kaduhejo, yaitu sebesar 51,1 persen. Besaran ini menginformasikan bahwa setiap 1.000 penduduk kelompok umur produktif harus menanggung 511 penduduk dengan kategori tidak produktif;The population of Kaduhejo District is 47,347 people, with a population density of 1,686 people per km². The sex ratio is 106, which means that for every 100 male population, there are 94 females.;The village with the largest population is Saninten, with 7,377 people, or 15.58 percent of the total population of Kaduhejo District. Furthermore, the most populous area is Mandalasari, with a population density of 6,211 people per km². ;Hereafter, the highest sex ratio was Saninten, which is 111, while the lowest came from Sukasari, with a magnitude of just 104.;Based on age groups, the highest percentage of the population comes from the age group 5 - 9 years, which is 10.04 percent. The lowest proportion, with only 1.53 percent, is found in the age group 70 - 74 years. Continuing with age groups, the highest gender ratio, reaching 120, occurs within the 35 - 39 years age group. Conversely, the lowest ratio originates from the 75 years and older age group, with a ratio of 75;An important population indicator that also needs to be mentioned is the dependency ratio for Kaduhejo District, which is 51.1 percent. This tells us that every 1,000 people in the productive age group have to support 511 people in the unproductive category.;1.319;2.598;2.467;1.365;3.757;3.110;4.038;1.129;2.157;3.065;;;;;;25.005;1.219;2.440;2.374;1.295;3.609;2.935;3.639;1.034;2.045;2.932;;;;;;23.522;2.538;5.038;4.841;2.660;7.366;6.045;7.677;2.163;4.202;5.997;;;;;;48.527;5,23;10,38;9,98;5,48;15,18;12,46;15,82;4,46;8,66;12,36;;;;;;100;1.692;1.719;3.560;1.860;3.348;6.363;1.024;522;1.022;3.044;;;;;;1.728;108,2;106,5;103,9;105,4;104,1;106;111;109,2;105,5;104,5;;;;;;106,3;1.941;2.393;2.487;1.943;2.068;2.152;2.056;2.081;1.851;1.481;1.184;1.013;855;652;409;439;25.005;1.822;2.375;2.242;1.861;1.963;1.941;1.863;1.700;1.588;1.392;1.220;1.050;905;661;383;556;23522;3.763;4.768;4.729;3.804;4.031;4.093;3.919;3.781;3.439;2.873;2.404;2.063;1.760;1.313;792;995;48.527;7,75;9,83;9,75;7,84;8,31;8,43;8,08;7,79;7,09;5,92;4,95;4,25;3,63;2,71;1,63;2,05;100;106,5;100,8;110,9;104,4;105,3;110,9;110,4;122,4;116,6;106,4;97;96,5;94,5;98,6;106,8;79;106,3
172;Mekarjaya;8;Desa;Village;Rancabugel;Wirasinga;Pareang;Kadubelang;Mekarjaya;Kadujangkung;Medong;Sukamulya;;;;;;;;MEKARJAYA;D:\KCDA\2025\172\Bab3.PNG;D:\KCDA\2025\172\G031.png;D:\KCDA\2025\172\G032.png;Penduduk Kecamatan Mekarjaya berjumlah 25.734 jiwa, dengan kepadatan penduduk 877 jiwa per km². Besarnya rasio jenis kelamin adalah 105, dengan demikian, dapat diketahui untuk setiap 100 populasi laki-laki terdapat dari 95 orang perempuan.;Desa yang memiliki populasi terbesar adalah Kadubelang, dengan penduduk mencapai 4.519 jiwa, atau 17,56 persen dari total penduduk Kecamatan Mekarjaya. Lebih lanjut, daerah terpadat berasal dari Pareang, dengan tingkat kepadatan penduduk 1.896 jiwa per km². ;Selanjutnya, rasio jenis kelamin tertinggi adalah Medong, yaitu sebesar 111, sebaliknya terendah berasal dari Mekarjaya, dengan besaran hanya 97.;Berdasarkan kelompok umur, persentase penduduk tertinggi berasal dari kelompok umur 5 - 9 tahun, yaitu 9,50 persen, adapun terendah dengan proporsi hanya 1,99 persen terjadi pada kelompok umur 70 - 74 tahun. Masih menurut kelompok umur, rasio jenis kelamin tertinggi, yaitu mencapai 121 terjadi pada kelompok umur 40 - 44 tahun, sebaliknya terendah berasal dari kelompok umur 75 tahun ke atas, dengan rasio sebesar 81;Indikator kependudukan penting yang juga perlu disampaikan adalah rasio ketergantungan untuk Kecamatan Mekarjaya, yaitu sebesar 49,9 persen. Besaran ini menginformasikan bahwa setiap 1.000 penduduk kelompok umur produktif harus menanggung 499 penduduk dengan kategori tidak produktif;The population of Mekarjaya District is 25,734 people, with a population density of 877 people per km². The sex ratio is 105, which means that for every 100 male population, there are 95 females.;The village with the largest population is Kadubelang, with 4,519 people, or 17.56 percent of the total population of Mekarjaya District. Furthermore, the most populous area is Pareang, with a population density of 1,896 people per km². ;Hereafter, the highest sex ratio was Medong, which is 111, while the lowest came from Mekarjaya, with a magnitude of just 97.;Based on age groups, the highest percentage of the population comes from the age group 5 - 9 years, which is 9.50 percent. The lowest proportion, with only 1.99 percent, is found in the age group 70 - 74 years. Continuing with age groups, the highest gender ratio, reaching 121, occurs within the 40 - 44 years age group. Conversely, the lowest ratio originates from the 75 years and older age group, with a ratio of 81;An important population indicator that also needs to be mentioned is the dependency ratio for Mekarjaya District, which is 49.9 percent. This tells us that every 1,000 people in the productive age group have to support 499 people in the unproductive category.;1.203;2.039;2.144;2.328;1.344;1.178;2.171;1.090;;;;;;;;13.497;1.126;1.959;2.033;2.219;1.396;1.117;1.967;1.028;;;;;;;;12.845;2.329;3.998;4.177;4.547;2.740;2.295;4.138;2.118;;;;;;;;26.342;8,84;15,18;15,86;17,26;10,4;8,71;15,71;8,04;;;;;;;;100;587;909;1.943;1.496;662;512;953;748;;;;;;;;898;106,8;104,1;105,5;104,9;96,3;105,5;110,4;106;;;;;;;;105,1;917;1.247;1.270;996;1.146;1.136;1.149;1.094;971;826;684;597;497;371;247;349;13.497;890;1.204;1156;1.064;1.065;995;967;927;841;753;729;589;562;395;250;458;12845;1.807;2.451;2.426;2.060;2.211;2.131;2.116;2.021;1.812;1.579;1.413;1.186;1.059;766;497;807;26.342;6,86;9,3;9,21;7,82;8,39;8,09;8,03;7,67;6,88;5,99;5,36;4,5;4,02;2,91;1,89;3,06;100;103;103,6;109,9;93,6;107,6;114,2;118,8;118;115,5;109,7;93,8;101,4;88,4;93,9;98,8;76,2;105,1
180;Pandeglang;4;Kelurahan;Subdistrict;Kadomas;Babakan Kalanganyar;Kabayan;Pandeglang;;;;;;;;;;;;PANDEGLANG;D:\KCDA\2025\180\Bab3.PNG;D:\KCDA\2025\180\G031.png;D:\KCDA\2025\180\G032.png;Penduduk Kecamatan Pandeglang berjumlah 47.552 jiwa, dengan kepadatan penduduk 2.847 jiwa per km². Besarnya rasio jenis kelamin adalah 106, dengan demikian, dapat diketahui untuk setiap 100 populasi laki-laki terdapat dari 94 orang perempuan.;Kelurahan yang memiliki populasi terbesar adalah Pandeglang, dengan penduduk mencapai 22.154 jiwa, atau 46,59 persen dari total penduduk Kecamatan Pandeglang. Lebih lanjut, daerah terpadat berasal dari Pandeglang, dengan tingkat kepadatan penduduk 4.734 jiwa per km². ;Selanjutnya, rasio jenis kelamin tertinggi adalah Babakan Kalanganyar, yaitu sebesar 111, sebaliknya terendah berasal dari Pandeglang, dengan besaran hanya 105.;Berdasarkan kelompok umur, persentase penduduk tertinggi berasal dari kelompok umur 10 - 14 tahun, yaitu 9,60 persen, adapun terendah dengan proporsi hanya 1,83 persen terjadi pada kelompok umur 70 - 74 tahun. Masih menurut kelompok umur, rasio jenis kelamin tertinggi, yaitu mencapai 116 terjadi pada kelompok umur 30 - 34 tahun, sebaliknya terendah berasal dari kelompok umur 75 tahun ke atas, dengan rasio sebesar 83;Indikator kependudukan penting yang juga perlu disampaikan adalah rasio ketergantungan untuk Kecamatan Pandeglang, yaitu sebesar 48,4 persen. Besaran ini menginformasikan bahwa setiap 1.000 penduduk kelompok umur produktif harus menanggung 484 penduduk dengan kategori tidak produktif;The population of Pandeglang District is 47,552 people, with a population density of 2,847 people per km². The sex ratio is 106, which means that for every 100 male population, there are 94 females.;The Subdistrict with the largest population is Pandeglang, with 22,154 people, or 46.59 percent of the total population of Pandeglang District. Furthermore, the most populous area is Pandeglang, with a population density of 4,734 people per km². ;Hereafter, the highest sex ratio was Babakan Kalanganyar, which is 111, while the lowest came from Pandeglang, with a magnitude of just 105.;Based on age groups, the highest percentage of the population comes from the age group 10 - 14 years, which is 9.60 percent. The lowest proportion, with only 1.83 percent, is found in the age group 70 - 74 years. Continuing with age groups, the highest gender ratio, reaching 116, occurs within the 30 - 34 years age group. Conversely, the lowest ratio originates from the 75 years and older age group, with a ratio of 83;An important population indicator that also needs to be mentioned is the dependency ratio for Pandeglang District, which is 48.4 percent. This tells us that every 1,000 people in the productive age group have to support 484 people in the unproductive category.;3.842;3.627;6.109;11.569;;;;;;;;;;;;25.147;3.565;3.261;5.754;11.073;;;;;;;;;;;;23.653;7.407;6.888;11.863;22.642;;;;;;;;;;;;48.800;15,18;14,11;24,31;46,4;;;;;;;;;;;;100;2.905;1.327;2.772;4.838;;;;;;;;;;;;2.922;107,8;111,2;106,2;104,5;;;;;;;;;;;;106,3;1.726;2.269;2.419;2.063;2.061;2.010;1.974;1.850;1.724;1.691;1.466;1.226;952;714;473;529;25.147;1.618;2.124;2.162;1.890;1.918;1.883;1.707;1.662;1.708;1.583;1.362;1.243;987;722;441;643;23.653;3.344;4.393;4.581;3.953;3.979;3.893;3.681;3.512;3.432;3.274;2.828;2.469;1.939;1.436;914;1.172;48.800;6,85;9;9,39;8,1;8,15;7,98;7,54;7,2;7,03;6,71;5,8;5,06;3,97;2,94;1,87;2,4;100;106,7;106,8;111,9;109,2;107,5;106,7;115,6;111,3;100,9;106,8;107,6;98,6;96,5;98,9;107,3;82,3;106,3
181;Majasari;5;Kelurahan;Subdistrict;Sukaratu;Karaton;Cilaja;Saruni;Pagerbatu;;;;;;;;;;;MAJASARI;D:\KCDA\2025\181\Bab3.PNG;D:\KCDA\2025\181\G031.png;D:\KCDA\2025\181\G032.png;Penduduk Kecamatan Majasari berjumlah 59.995 jiwa, dengan kepadatan penduduk 2.986 jiwa per km². Besarnya rasio jenis kelamin adalah 108, dengan demikian, dapat diketahui untuk setiap 100 populasi laki-laki terdapat dari 93 orang perempuan.;Kelurahan yang memiliki populasi terbesar adalah Saruni, dengan penduduk mencapai 16.502 jiwa, atau 27,51 persen dari total penduduk Kecamatan Majasari. Lebih lanjut, daerah terpadat berasal dari Karaton, dengan tingkat kepadatan penduduk 4.723 jiwa per km². ;Selanjutnya, rasio jenis kelamin tertinggi adalah Pagerbatu, yaitu sebesar 118, sebaliknya terendah berasal dari Karaton, dengan besaran hanya 104.;Berdasarkan kelompok umur, persentase penduduk tertinggi berasal dari kelompok umur 5 - 9 tahun, yaitu 10,37 persen, adapun terendah dengan proporsi hanya 1,42 persen terjadi pada kelompok umur 70 - 74 tahun. Masih menurut kelompok umur, rasio jenis kelamin tertinggi, yaitu mencapai 119 terjadi pada kelompok umur 25 - 29 tahun, sebaliknya terendah berasal dari kelompok umur 75 tahun ke atas, dengan rasio sebesar 92;Indikator kependudukan penting yang juga perlu disampaikan adalah rasio ketergantungan untuk Kecamatan Majasari, yaitu sebesar 50,2 persen. Besaran ini menginformasikan bahwa setiap 1.000 penduduk kelompok umur produktif harus menanggung 502 penduduk dengan kategori tidak produktif;The population of Majasari District is 59,995 people, with a population density of 2,986 people per km². The sex ratio is 108, which means that for every 100 male population, there are 93 females.;The Subdistrict with the largest population is Saruni, with 16,502 people, or 27.51 percent of the total population of Majasari District. Furthermore, the most populous area is Karaton, with a population density of 4,723 people per km². ;Hereafter, the highest sex ratio was Pagerbatu, which is 118, while the lowest came from Karaton, with a magnitude of just 104.;Based on age groups, the highest percentage of the population comes from the age group 5 - 9 years, which is 10.37 percent. The lowest proportion, with only 1.42 percent, is found in the age group 70 - 74 years. Continuing with age groups, the highest gender ratio, reaching 119, occurs within the 25 - 29 years age group. Conversely, the lowest ratio originates from the 75 years and older age group, with a ratio of 92;An important population indicator that also needs to be mentioned is the dependency ratio for Majasari District, which is 50.2 percent. This tells us that every 1,000 people in the productive age group have to support 502 people in the unproductive category.;7.050;4.639;5.057;8.788;6.590;;;;;;;;;;;32.124;6.844;4.474;4.482;8.239;5.595;;;;;;;;;;;29.634;13.894;9.113;9.539;17.027;12.185;;;;;;;;;;;61.758;22,5;14,76;15,45;27,57;19,73;;;;;;;;;;;100;3.254;4.771;2.239;4.163;2.192;;;;;;;;;;;3.074;103;103,7;112,8;106,7;117,8;;;;;;;;;;;108,4;2.458;3.237;3.151;2.564;2.697;2.811;2.632;2.490;2.263;1.980;1.679;1.404;1.052;737;465;504;32.124;2.332;3.035;2.962;2.437;2.488;2.370;2.369;2.125;1.959;1.799;1.653;1.395;1.066;687;420;537;29.634;4.790;6.272;6.113;5.001;5.185;5.181;5.001;4.615;4.222;3.779;3.332;2.799;2.118;1.424;885;1.041;61.758;7,76;10,16;9,9;8,1;8,4;8,39;8,1;7,47;6,84;6,12;5,4;4,53;3,43;2,31;1,43;1,69;100;105,4;106,7;106,4;105,2;108,4;118,6;111,1;117,2;115,5;110,1;101,6;100,6;98,7;107,3;110,7;93,9;108,4
190;Cadasari;11;Desa;Village;Cikentrung;Kaungcaang;Ciinjuk;Cadasari;Tapos;Tanagara;Kurungdahu;Pasirpeuteuy;Kaduengang;Kaduela;Koranji;;;;;CADASARI;D:\KCDA\2025\190\Bab3.PNG;D:\KCDA\2025\190\G031.png;D:\KCDA\2025\190\G032.png;Penduduk Kecamatan Cadasari berjumlah 40.388 jiwa, dengan kepadatan penduduk 1.542 jiwa per km². Besarnya rasio jenis kelamin adalah 110, dengan demikian, dapat diketahui untuk setiap 100 populasi laki-laki terdapat dari 91 orang perempuan.;Desa yang memiliki populasi terbesar adalah Cadasari, dengan penduduk mencapai 8.470 jiwa, atau 20,97 persen dari total penduduk Kecamatan Cadasari. Lebih lanjut, daerah terpadat berasal dari Cadasari, dengan tingkat kepadatan penduduk 3.500 jiwa per km². ;Selanjutnya, rasio jenis kelamin tertinggi adalah Kurungdahu, yaitu sebesar 117, sebaliknya terendah berasal dari Koranji, dengan besaran hanya 104.;Berdasarkan kelompok umur, persentase penduduk tertinggi berasal dari kelompok umur 10 - 14 tahun, yaitu 9,58 persen, adapun terendah dengan proporsi hanya 1,51 persen terjadi pada kelompok umur 70 - 74 tahun. Masih menurut kelompok umur, rasio jenis kelamin tertinggi, yaitu mencapai 127 terjadi pada kelompok umur 30 - 34 tahun, sebaliknya terendah berasal dari kelompok umur 75 tahun ke atas, dengan rasio sebesar 81;Indikator kependudukan penting yang juga perlu disampaikan adalah rasio ketergantungan untuk Kecamatan Cadasari, yaitu sebesar 47,9 persen. Besaran ini menginformasikan bahwa setiap 1.000 penduduk kelompok umur produktif harus menanggung 479 penduduk dengan kategori tidak produktif;The population of Cadasari District is 40,388 people, with a population density of 1,542 people per km². The sex ratio is 110, which means that for every 100 male population, there are 91 females.;The village with the largest population is Cadasari, with 8,470 people, or 20.97 percent of the total population of Cadasari District. Furthermore, the most populous area is Cadasari, with a population density of 3,500 people per km². ;Hereafter, the highest sex ratio was Kurungdahu, which is 117, while the lowest came from Koranji, with a magnitude of just 104.;Based on age groups, the highest percentage of the population comes from the age group 10 - 14 years, which is 9.58 percent. The lowest proportion, with only 1.51 percent, is found in the age group 70 - 74 years. Continuing with age groups, the highest gender ratio, reaching 127, occurs within the 30 - 34 years age group. Conversely, the lowest ratio originates from the 75 years and older age group, with a ratio of 81;An important population indicator that also needs to be mentioned is the dependency ratio for Cadasari District, which is 47.9 percent. This tells us that every 1,000 people in the productive age group have to support 479 people in the unproductive category.;1.405;2.175;2.820;4.519;2.371;1.902;1.193;1.189;1.507;1.046;1.564;;;;;21.691;1.282;1.953;2.680;4.210;2.092;1.676;1.044;1.110;1.336;904;1.525;;;;;19.812;2.687;4.128;5.500;8.729;4.463;3.578;2.237;2.299;2.843;1.950;3.089;;;;;41.503;6,47;9,95;13,25;21,03;10,75;8,62;5,39;5,54;6,85;4,7;7,44;;;;;100;1.097;1.443;2.191;3.607;1.229;1.789;1.398;1.150;1.422;793;1.361;;;;;1.584;109,6;111,4;105,2;107,3;113,3;113,5;114,3;107,1;112,8;115,7;102,6;;;;;109,5;1.618;1.939;2.024;1.709;1.850;2.119;1.867;1.654;1.538;1.291;1.099;946;747;549;339;402;21.691;1.562;1.858;1.790;1.717;1.712;1.758;1.497;1.408;1.361;1.201;1.071;868;705;507;301;496;19812;3.180;3.797;3.814;3.426;3.562;3.877;3.364;3.062;2.899;2.492;2.170;1.814;1.452;1.056;640;898;41.503;7,66;9,15;9,19;8,25;8,58;9,34;8,11;7,38;6,99;6;5,23;4,37;3,5;2,54;1,54;2,16;100;103,6;104,4;113,1;99,5;108,1;120,5;124,7;117,5;113;107,5;102,6;109;106;108,3;112,6;81;109,5
191;Karangtanjung;4;Kelurahan;Subdistrict;Kadumerak;Pagadungan;Cigadung;Juhut;;;;;;;;;;;;KARANGTANJUNG;D:\KCDA\2025\191\Bab3.PNG;D:\KCDA\2025\191\G031.png;D:\KCDA\2025\191\G032.png;Penduduk Kecamatan Karangtanjung berjumlah 41.063 jiwa, dengan kepadatan penduduk 2.032 jiwa per km². Besarnya rasio jenis kelamin adalah 107, dengan demikian, dapat diketahui untuk setiap 100 populasi laki-laki terdapat dari 93 orang perempuan.;Kelurahan yang memiliki populasi terbesar adalah Cigadung, dengan penduduk mencapai 14.327 jiwa, atau 34,89 persen dari total penduduk Kecamatan Karangtanjung. Lebih lanjut, daerah terpadat berasal dari Kadumerak, dengan tingkat kepadatan penduduk 2.842 jiwa per km². ;Selanjutnya, rasio jenis kelamin tertinggi adalah Kadumerak, yaitu sebesar 109, sebaliknya terendah berasal dari Cigadung, dengan besaran hanya 105.;Berdasarkan kelompok umur, persentase penduduk tertinggi berasal dari kelompok umur 5 - 9 tahun, yaitu 9,36 persen, adapun terendah dengan proporsi hanya 1,60 persen terjadi pada kelompok umur 70 - 74 tahun. Masih menurut kelompok umur, rasio jenis kelamin tertinggi, yaitu mencapai 131 terjadi pada kelompok umur 70 - 74 tahun, sebaliknya terendah berasal dari kelompok umur 75 tahun ke atas, dengan rasio sebesar 91;Indikator kependudukan penting yang juga perlu disampaikan adalah rasio ketergantungan untuk Kecamatan Karangtanjung, yaitu sebesar 47,7 persen. Besaran ini menginformasikan bahwa setiap 1.000 penduduk kelompok umur produktif harus menanggung 477 penduduk dengan kategori tidak produktif;The population of Karangtanjung District is 41,063 people, with a population density of 2,032 people per km². The sex ratio is 107, which means that for every 100 male population, there are 93 females.;The Subdistrict with the largest population is Cigadung, with 14,327 people, or 34.89 percent of the total population of Karangtanjung District. Furthermore, the most populous area is Kadumerak, with a population density of 2,842 people per km². ;Hereafter, the highest sex ratio was Kadumerak, which is 109, while the lowest came from Cigadung, with a magnitude of just 105.;Based on age groups, the highest percentage of the population comes from the age group 5 - 9 years, which is 9.36 percent. The lowest proportion, with only 1.60 percent, is found in the age group 70 - 74 years. Continuing with age groups, the highest gender ratio, reaching 131, occurs within the 70 - 74 years age group. Conversely, the lowest ratio originates from the 75 years and older age group, with a ratio of 91;An important population indicator that also needs to be mentioned is the dependency ratio for Karangtanjung District, which is 47.7 percent. This tells us that every 1,000 people in the productive age group have to support 477 people in the unproductive category.;4.758;4.714;7.435;4.656;;;;;;;;;;;;21.563;4.361;4.472;7.073;4.353;;;;;;;;;;;;20.259;9.119;9.186;14.508;9.009;;;;;;;;;;;;41.822;21,8;21,96;34,69;21,54;;;;;;;;;;;;100;2.877;1.740;2.748;1.390;;;;;;;;;;;;2.069;109,1;105,4;105,1;107;;;;;;;;;;;;106,4;1.542;2.048;1.941;1.677;1.749;1.877;1.856;1.626;1.594;1.390;1.089;994;769;645;367;399;21.563;1.485;1.882;1.855;1.626;1.699;1.624;1.626;1.489;1.451;1.329;1.109;936;826;581;307;434;20259;3.027;3.930;3.796;3.303;3.448;3.501;3.482;3.115;3.045;2.719;2.198;1.930;1.595;1.226;674;833;41.822;7,24;9,4;9,08;7,9;8,24;8,37;8,33;7,45;7,28;6,5;5,26;4,61;3,81;2,93;1,61;1,99;100;103,8;108,8;104,6;103,1;102,9;115,6;114,1;109,2;109,9;104,6;98,2;106,2;93,1;111;119,5;91,9;106,4
192;Koroncong;12;Desa;Village;Pasirjaksa;Bangkonol;Tegalongok;Pasirkarag;Paniis;Setrajaya;Karangsetra;Pakuluran;Koroncong;Gerendong;Awilega;Sukajaya;;;;KORONCONG;D:\KCDA\2025\192\Bab3.PNG;D:\KCDA\2025\192\G031.png;D:\KCDA\2025\192\G032.png;Penduduk Kecamatan Koroncong berjumlah 24.559 jiwa, dengan kepadatan penduduk 1.375 jiwa per km². Besarnya rasio jenis kelamin adalah 108, dengan demikian, dapat diketahui untuk setiap 100 populasi laki-laki terdapat dari 93 orang perempuan.;Desa yang memiliki populasi terbesar adalah Bangkonol, dengan penduduk mencapai 2.994 jiwa, atau 12,19 persen dari total penduduk Kecamatan Koroncong. Lebih lanjut, daerah terpadat berasal dari Bangkonol, dengan tingkat kepadatan penduduk 2.722 jiwa per km². ;Selanjutnya, rasio jenis kelamin tertinggi adalah Karangsetra, yaitu sebesar 114, sebaliknya terendah berasal dari Awilega, dengan besaran hanya 103.;Berdasarkan kelompok umur, persentase penduduk tertinggi berasal dari kelompok umur 5 - 9 tahun, yaitu 9,60 persen, adapun terendah dengan proporsi hanya 1,45 persen terjadi pada kelompok umur 70 - 74 tahun. Masih menurut kelompok umur, rasio jenis kelamin tertinggi, yaitu mencapai 130 terjadi pada kelompok umur 70 - 74 tahun, sebaliknya terendah berasal dari kelompok umur 75 tahun ke atas, dengan rasio sebesar 71;Indikator kependudukan penting yang juga perlu disampaikan adalah rasio ketergantungan untuk Kecamatan Koroncong, yaitu sebesar 50,8 persen. Besaran ini menginformasikan bahwa setiap 1.000 penduduk kelompok umur produktif harus menanggung 508 penduduk dengan kategori tidak produktif;The population of Koroncong District is 24,559 people, with a population density of 1,375 people per km². The sex ratio is 108, which means that for every 100 male population, there are 93 females.;The village with the largest population is Bangkonol, with 2,994 people, or 12.19 percent of the total population of Koroncong District. Furthermore, the most populous area is Bangkonol, with a population density of 2,722 people per km². ;Hereafter, the highest sex ratio was Karangsetra, which is 114, while the lowest came from Awilega, with a magnitude of just 103.;Based on age groups, the highest percentage of the population comes from the age group 5 - 9 years, which is 9.60 percent. The lowest proportion, with only 1.45 percent, is found in the age group 70 - 74 years. Continuing with age groups, the highest gender ratio, reaching 130, occurs within the 70 - 74 years age group. Conversely, the lowest ratio originates from the 75 years and older age group, with a ratio of 71;An important population indicator that also needs to be mentioned is the dependency ratio for Koroncong District, which is 50.8 percent. This tells us that every 1,000 people in the productive age group have to support 508 people in the unproductive category.;933;1.611;716;849;1.390;1.419;894;1.559;1.095;780;775;1.064;;;;13.085;871;1.491;668;776;1.233;1.314;795;1.461;1.038;721;745;1.005;;;;12.118;1.804;3.102;1.384;1.625;2.623;2.733;1.689;3.020;2.133;1.501;1.520;2.069;;;;25.203;7,16;12,31;5,49;6,45;10,41;10,84;6,7;11,98;8,46;5,96;6,03;8,21;;;;100;1.735;2.820;948;813;1.131;2.485;1.126;1.510;1.871;1.251;1.169;1.217;;;;1.411;107,1;108;107,2;109,4;112,7;108;112,5;106,7;105,5;108,2;104;105,9;;;;108;1.055;1.245;1.253;951;1.149;1.102;1.086;1.013;948;820;651;536;472;354;195;255;13.085;987;1.183;1115;969;1.064;1008;929;884;791;775;602;516;443;350;179;323;12118;2.042;2.428;2.368;1.920;2.213;2.110;2.015;1.897;1.739;1.595;1.253;1.052;915;704;374;578;25.203;8,1;9,63;9,4;7,62;8,78;8,37;8;7,53;6,9;6,33;4,97;4,17;3,63;2,79;1,48;2,29;100;106,9;105,2;112,4;98,1;108;109,3;116,9;114,6;119,8;105,8;108,1;103,9;106,5;101,1;108,9;78,9;108
